{"esti_obj.main_allperiods_obj": 19.62631298631186, "ktp_opti_grid_allJ_agg": 3.5702955720292473, "ktp_opti_grid_allJ_agg_var": 4.042797319554004, "ib_probJ_opti_grid_j_agg": 0.2976818168075354, "is_probJ_opti_grid_j_agg": 0.02494375662197448, "fb2_probJ_opti_grid_j_agg": 0.145945392644513, "fs_probJ_opti_grid_j_agg": 0.15073154384313364, "ibfb2_probJ_opti_grid_j_agg": 0.12973163521446954, "fbis2_probJ_opti_grid_j_agg": 0.018555209423457883, "none_probJ_opti_grid_j_agg": 0.23241064544491144, "period_dictkey": "ce0209", "data_model": "model", "level_0": 4, "P_jp_j.0.0": 0.3769137483291705, "P_jp_j.0.1": 0.019291874420811, "P_jp_j.0.102": 0.13340159672330731, "P_jp_j.0.104": 0.12791834185058792, "P_jp_j.0.105": 0.014724652784301347, "P_jp_j.0.3": 0.12031237333825595, "P_jp_j.0.6": 0.20743741255356601, "P_jp_j.1.0": 0.19861552339467167, "P_jp_j.1.1": 0.03808388037725708, "P_jp_j.1.102": 0.15891759901240293, "P_jp_j.1.104": 0.12801719796589658, "P_jp_j.1.105": 0.027909404963485124, "P_jp_j.1.3": 0.1918839962007444, "P_jp_j.1.6": 0.2565723980855423, "P_jp_j.102.0": 0.2729312793098685, "P_jp_j.102.1": 0.025352901777148454, "P_jp_j.102.102": 0.15666511253045431, "P_jp_j.102.104": 0.1413129069028526, "P_jp_j.102.105": 0.018803055684242263, "P_jp_j.102.3": 0.15498920241007266, "P_jp_j.102.6": 0.2299455413853612, "P_jp_j.104.0": 0.3353384356372892, "P_jp_j.104.1": 0.02188878938313121, "P_jp_j.104.102": 0.14344994116668022, "P_jp_j.104.104": 0.13465523451897055, "P_jp_j.104.105": 0.01661937160123669, "P_jp_j.104.3": 0.132645413515697, "P_jp_j.104.6": 0.2154028141769951, "P_jp_j.105.0": 0.2415152779837744, "P_jp_j.105.1": 0.035867544943112936, "P_jp_j.105.102": 0.15682672719788113, "P_jp_j.105.104": 0.13526926393115696, "P_jp_j.105.105": 0.026549565109430757, "P_jp_j.105.3": 0.17012372960175615, "P_jp_j.105.6": 0.23384789123288785, "P_jp_j.3.0": 0.20626442421522012, "P_jp_j.3.1": 0.029504115108418487, "P_jp_j.3.102": 0.1587653206339072, "P_jp_j.3.104": 0.12871121885998074, "P_jp_j.3.105": 0.021427669535194132, "P_jp_j.3.3": 0.19026205399631474, "P_jp_j.3.6": 0.26506519765096465, "P_jp_j.6.0": 0.2406475936762009, "P_jp_j.6.1": 0.02862820412036815, "P_jp_j.6.102": 0.15246245828752236, "P_jp_j.6.104": 0.12662702394031045, "P_jp_j.6.105": 0.020964222089540473, "P_jp_j.6.3": 0.17523802123169072, "P_jp_j.6.6": 0.25543247665436697, "btp_fb_opti_grid_allJ_agg": -0.4582699736718552, "btp_fb_opti_grid_allJ_agg_var": 0.7639638231621757, "btp_fs_opti_grid_allJ_agg": 0.14087131213264992, "btp_fs_opti_grid_allJ_agg_var": 0.29727071482610834, "btp_ib_opti_grid_allJ_agg": -0.6021901439266735, "btp_ib_opti_grid_allJ_agg_var": 1.0782603707530352, "btp_il_opti_grid_allJ_agg": 0.10417290725922773, "btp_il_opti_grid_allJ_agg_var": 0.487458271127394, "btp_opti_grid_allJ_agg": -0.8154158982066513, "btp_opti_grid_allJ_agg_var": 2.4260752606815523, "cash_grid_centered_allJ_agg": 4.2698859928280655, "cash_grid_centered_allJ_agg_var": 8.885618467551144, "combo_desc": "Angeletos quickBNF_BORR_P-0.500;BNF_SAVE_P-0.300;BNI_BORR_P-0.100;BNI_LEND_P-2.000;R_FORMAL_BORR-1.054;R_FORMAL_SAVE-1.010;R_INFORM_BORR-1.094;R_INFORM_SAVE-1.094;kappa-0.643;kappa_ce0209-0.643;kappa_ce9901-0.638", "consumption_opti_grid_allJ_agg": 1.1284069820940383, "consumption_opti_grid_allJ_agg_var": 1.048997649073177, "data_param.A": -0.03125, "data_param.Region": 0.0, "data_param.Region_set": "[0, 1]", "data_param.Year": 0.0, "data_param.Year_set": "[0, 1]", "data_param.len_A": 1.0, "data_param.mean_A": -0.03125, "data_param.std_A": 0.0, "dist_param.data__A.dist": "normal", "dist_param.data__A.integrate.method": "grid", "dist_param.data__A.integrate.params.points": 8.0, "dist_param.data__A.params.mu": -0.03125, "dist_param.data__A.params.sd": 0.25, "dist_param.dist_param_integrate_points.combo_desc_integrate_loop": "Productivity", "dist_param.dist_param_integrate_points.file_save_suffix_integrate_loop": "_A", "dist_param.dist_param_integrate_points.param_descs": "['A=-0.4147801360881366', 'A=-0.253036639754719', 'A=-0.15344410277866738', 'A=-0.07057767115254268', 'A=0.008077671152542674', 'A=0.09094410277866738', 'A=0.190536639754719', 'A=0.3522801360881366']", "dist_param.dist_param_integrate_points.param_names": "['A']", "dist_param.dist_param_integrate_points.param_save_suffixs": "['0', '1617', '2613', '3442', '4228', '5057', '6053', '7670']", "dist_param.dist_param_integrate_points.param_types": "['data_type']", "dist_param.dist_param_integrate_points.param_values.data_type_A": "[-0.4147801360881366, -0.253036639754719, -0.15344410277866738, -0.07057767115254268, 0.008077671152542674, 0.09094410277866738, 0.190536639754719, 0.3522801360881366]", "dist_param.dist_param_integrate_points.param_values_keys": "['data_type_A']", "dist_param.dist_param_integrate_points.param_weights": "[0.125, 0.125, 0.125, 0.125, 0.125, 0.125, 0.125, 0.125]", "dist_param.dist_param_integrate_points.title_integrate_loop": "Productivity Loop", "esti_obj.main_obj": 11.868785666967586, "esti_obj.subsets_main.agg_prob_for": 4.5428573002534165, "esti_obj.subsets_main.agg_prob_inf": 5.618874789846198, "esti_obj.subsets_main.agg_prob_jnt": 0.05541493846474848, "esti_obj.subsets_main.agg_prob_none": 0.8913369973324774, "esti_obj.subsets_main.equi_BI": 0.24802116801787866, "esti_obj.subsets_main.mean_K": 0.5122804730528668, "esti_obj.subsets_other.agg_prob": 0.6631849245048982, "esti_obj.subsets_other.agg_prob_brr": 0.3460047889485528, "esti_obj.subsets_other.agg_prob_sav": 0.222769490111434, "esti_obj.subsets_other.mean_KYC": 0.42300641616610063, "esti_param.BNF_BORR_P": 0.5, "esti_param.BNF_BORR_P_ce0209": 0.5, "esti_param.BNF_BORR_P_ce9901": 0.5, "esti_param.BNF_BORR_P_ne0209": 0.5, "esti_param.BNF_BORR_P_ne9901": 0.5, "esti_param.BNF_SAVE_P": 0.3, "esti_param.BNF_SAVE_P_ce0209": 0.3, "esti_param.BNF_SAVE_P_ce9901": 0.3, "esti_param.BNF_SAVE_P_ne0209": 0.3, "esti_param.BNF_SAVE_P_ne9901": 0.3, "esti_param.BNI_BORR_P": 0.1, "esti_param.BNI_BORR_P_ce0209": 0.1, "esti_param.BNI_BORR_P_ce9901": 0.1, "esti_param.BNI_BORR_P_ne0209": 0.1, "esti_param.BNI_BORR_P_ne9901": 0.1, "esti_param.BNI_LEND_P": 2.0, "esti_param.BNI_LEND_P_ce0209": 2.0, "esti_param.BNI_LEND_P_ce9901": 2.0, "esti_param.BNI_LEND_P_ne0209": 2.0, "esti_param.BNI_LEND_P_ne9901": 2.0, "esti_param.K_DEPRECIATION": 0.15, "esti_param.R_AVG_INT": 1.1, "esti_param.R_FORMAL_BORR": 1.054, "esti_param.R_FORMAL_BORR_ce0209": 1.054, "esti_param.R_FORMAL_BORR_ce9901": 1.061, "esti_param.R_FORMAL_BORR_ne0209": 1.061, "esti_param.R_FORMAL_BORR_ne9901": 1.148, "esti_param.R_FORMAL_SAVE": 1.01, "esti_param.R_FORMAL_SAVE_ce0209": 1.01, "esti_param.R_FORMAL_SAVE_ce9901": 1.011, "esti_param.R_FORMAL_SAVE_ne0209": 1.011, "esti_param.R_FORMAL_SAVE_ne9901": 1.033, "esti_param.R_INFORM": 1.1, "esti_param.R_INFORM_BORR": 1.094, "esti_param.R_INFORM_BORR_ce0209": 1.094, "esti_param.R_INFORM_BORR_ce9901": 1.139, "esti_param.R_INFORM_BORR_ne0209": 1.139, "esti_param.R_INFORM_BORR_ne9901": 1.2790000000000001, "esti_param.R_INFORM_SAVE": 1.094, "esti_param.R_INFORM_SAVE_ce0209": 1.094, "esti_param.R_INFORM_SAVE_ce9901": 1.139, "esti_param.R_INFORM_SAVE_ne0209": 1.139, "esti_param.R_INFORM_SAVE_ne9901": 1.2790000000000001, "esti_param.alpha_k": 0.36, "esti_param.beta": 0.96, "esti_param.c_min_bound": 0.001, "esti_param.kappa": 0.6425750432176722, "esti_param.kappa_ce0209": 0.6425750432176722, "esti_param.kappa_ce9901": 0.6379831310546311, "esti_param.kappa_ne0209": 0.25, "esti_param.kappa_ne9901": 0.25, "esti_param.logit_sd_scale": 1.0, "esti_param.rho": 1.0, "fb2_btp_fb_opti_grid_j_agg": -0.14672509492794736, "fb2_btp_fb_opti_grid_j_agg_ifj": -0.9059576166590206, "fb2_btp_fs_opti_grid_j_agg": 0.0, "fb2_btp_fs_opti_grid_j_agg_ifj": 0.0, "fb2_btp_ib_opti_grid_j_agg": 0.0, "fb2_btp_ib_opti_grid_j_agg_ifj": 0.0, "fb2_btp_il_opti_grid_j_agg": 0.0, "fb2_btp_il_opti_grid_j_agg_ifj": 0.0, "fb2_btp_opti_grid_j_agg": -0.14672509492794736, "fb2_btp_opti_grid_j_agg_ifj": -0.9059576166590206,