{"esti_obj.main_allperiods_obj": 23.02204089439203, "ktp_opti_grid_allJ_agg": 3.0372679257049606, "ktp_opti_grid_allJ_agg_var": 2.8961505185645944, "ib_probJ_opti_grid_j_agg": 0.2812960720996809, "is_probJ_opti_grid_j_agg": 0.030316590241584587, "fb2_probJ_opti_grid_j_agg": 0.13784290597304666, "fs_probJ_opti_grid_j_agg": 0.15604702899649228, "ibfb2_probJ_opti_grid_j_agg": 0.1209081419641597, "fbis2_probJ_opti_grid_j_agg": 0.022199544367912882, "none_probJ_opti_grid_j_agg": 0.2513897163571258, "period_dictkey": "ne9901", "data_model": "model", "level_0": 2, "P_jp_j.0.0": 0.3233185121359472, "P_jp_j.0.1": 0.0264163685358332, "P_jp_j.0.102": 0.1313893194928247, "P_jp_j.0.104": 0.11808634608423972, "P_jp_j.0.105": 0.019469787377119352, "P_jp_j.0.3": 0.13550121745079988, "P_jp_j.0.6": 0.245818448923236, "P_jp_j.1.0": 0.2140474156527513, "P_jp_j.1.1": 0.048016486156845284, "P_jp_j.1.102": 0.14398385545956, "P_jp_j.1.104": 0.12252439351623574, "P_jp_j.1.105": 0.03595342518563152, "P_jp_j.1.3": 0.1886342438170352, "P_jp_j.1.6": 0.24684018021194096, "P_jp_j.102.0": 0.2757999805066879, "P_jp_j.102.1": 0.029352046155604657, "P_jp_j.102.102": 0.14578873357938832, "P_jp_j.102.104": 0.1290968370054496, "P_jp_j.102.105": 0.02161581212864516, "P_jp_j.102.3": 0.15544149317191766, "P_jp_j.102.6": 0.24290509745230676, "P_jp_j.104.0": 0.29402617878744325, "P_jp_j.104.1": 0.027001650062347414, "P_jp_j.104.102": 0.1402466358004767, "P_jp_j.104.104": 0.12479797985858765, "P_jp_j.104.105": 0.01996432076236221, "P_jp_j.104.3": 0.1473854051766192, "P_jp_j.104.6": 0.2465778295521637, "P_jp_j.105.0": 0.2323430729409829, "P_jp_j.105.1": 0.04996626204484336, "P_jp_j.105.102": 0.14450063352627465, "P_jp_j.105.104": 0.1253674116802169, "P_jp_j.105.105": 0.03710107469914193, "P_jp_j.105.3": 0.17602070299051695, "P_jp_j.105.6": 0.23470084211802325, "P_jp_j.3.0": 0.2276797007964613, "P_jp_j.3.1": 0.033574695363123776, "P_jp_j.3.102": 0.14424958702317614, "P_jp_j.3.104": 0.12225952964858874, "P_jp_j.3.105": 0.023835637235837082, "P_jp_j.3.3": 0.1869986062609624, "P_jp_j.3.6": 0.2614022436718506, "P_jp_j.6.0": 0.2632747483965662, "P_jp_j.6.1": 0.03172265764804253, "P_jp_j.6.102": 0.1375563407931453, "P_jp_j.6.104": 0.11860392777414495, "P_jp_j.6.105": 0.0229742819350167, "P_jp_j.6.3": 0.16658698055868462, "P_jp_j.6.6": 0.2592810628943998, "btp_fb_opti_grid_allJ_agg": -0.2508822753655994, "btp_fb_opti_grid_allJ_agg_var": 0.24538020136107386, "btp_fs_opti_grid_allJ_agg": 0.17346040545945307, "btp_fs_opti_grid_allJ_agg_var": 0.3876178375249788, "btp_ib_opti_grid_allJ_agg": -0.15180406581619935, "btp_ib_opti_grid_allJ_agg_var": 0.13782067872496848, "btp_il_opti_grid_allJ_agg": 0.18989827067597476, "btp_il_opti_grid_allJ_agg_var": 1.0793564682862882, "btp_opti_grid_allJ_agg": -0.03932766504637104, "btp_opti_grid_allJ_agg_var": 1.7454497683811718, "cash_grid_centered_allJ_agg": 4.4740412780643135, "cash_grid_centered_allJ_agg_var": 8.77797065818833, "combo_desc": "Angeletos quickBNF_BORR_P-0.500;BNF_SAVE_P-0.300;BNI_BORR_P-0.100;BNI_LEND_P-2.000;R_FORMAL_BORR-1.148;R_FORMAL_SAVE-1.033;R_INFORM_BORR-1.279;R_INFORM_SAVE-1.279;kappa-0.700;kappa_ne0209-0.700;kappa_ne9901-0.700", "consumption_opti_grid_allJ_agg": 1.1254178439807672, "consumption_opti_grid_allJ_agg_var": 1.0558254696652036, "data_param.A": -0.03125, "data_param.Region": 0.0, "data_param.Region_set": "[0, 1]", "data_param.Year": 0.0, "data_param.Year_set": "[0, 1]", "data_param.len_A": 1.0, "data_param.mean_A": -0.03125, "data_param.std_A": 0.0, "dist_param.data__A.dist": "normal", "dist_param.data__A.integrate.method": "grid", "dist_param.data__A.integrate.params.points": 8.0, "dist_param.data__A.params.mu": -0.03125, "dist_param.data__A.params.sd": 0.25, "dist_param.dist_param_integrate_points.combo_desc_integrate_loop": "Productivity", "dist_param.dist_param_integrate_points.file_save_suffix_integrate_loop": "_A", "dist_param.dist_param_integrate_points.param_descs": "['A=-0.4147801360881366', 'A=-0.253036639754719', 'A=-0.15344410277866738', 'A=-0.07057767115254268', 'A=0.008077671152542674', 'A=0.09094410277866738', 'A=0.190536639754719', 'A=0.3522801360881366']", "dist_param.dist_param_integrate_points.param_names": "['A']", "dist_param.dist_param_integrate_points.param_save_suffixs": "['0', '1617', '2613', '3442', '4228', '5057', '6053', '7670']", "dist_param.dist_param_integrate_points.param_types": "['data_type']", "dist_param.dist_param_integrate_points.param_values.data_type_A": "[-0.4147801360881366, -0.253036639754719, -0.15344410277866738, -0.07057767115254268, 0.008077671152542674, 0.09094410277866738, 0.190536639754719, 0.3522801360881366]", "dist_param.dist_param_integrate_points.param_values_keys": "['data_type_A']", "dist_param.dist_param_integrate_points.param_weights": "[0.125, 0.125, 0.125, 0.125, 0.125, 0.125, 0.125, 0.125]", "dist_param.dist_param_integrate_points.title_integrate_loop": "Productivity Loop", "esti_obj.main_obj": 6.0024295692947724, "esti_obj.subsets_main.agg_prob_for": 0.8969324410193339, "esti_obj.subsets_main.agg_prob_inf": 0.2554217138922724, "esti_obj.subsets_main.agg_prob_jnt": 1.7105341570192247, "esti_obj.subsets_main.agg_prob_none": 0.9290977419407168, "esti_obj.subsets_main.equi_BI": 0.0014511684438985345, "esti_obj.subsets_main.mean_K": 2.2089923469793264, "esti_obj.subsets_other.agg_prob": 0.4444656349065952, "esti_obj.subsets_other.agg_prob_brr": 0.16254502416247452, "esti_obj.subsets_other.agg_prob_sav": 0.18553089438699485, "esti_obj.subsets_other.mean_KYC": 0.6095629429568699, "esti_param.BNF_BORR_P": 0.5, "esti_param.BNF_BORR_P_ce0209": 0.5, "esti_param.BNF_BORR_P_ce9901": 0.5, "esti_param.BNF_BORR_P_ne0209": 0.5, "esti_param.BNF_BORR_P_ne9901": 0.5, "esti_param.BNF_SAVE_P": 0.3, "esti_param.BNF_SAVE_P_ce0209": 0.3, "esti_param.BNF_SAVE_P_ce9901": 0.3, "esti_param.BNF_SAVE_P_ne0209": 0.3, "esti_param.BNF_SAVE_P_ne9901": 0.3, "esti_param.BNI_BORR_P": 0.1, "esti_param.BNI_BORR_P_ce0209": 0.1, "esti_param.BNI_BORR_P_ce9901": 0.1, "esti_param.BNI_BORR_P_ne0209": 0.1, "esti_param.BNI_BORR_P_ne9901": 0.1, "esti_param.BNI_LEND_P": 2.0, "esti_param.BNI_LEND_P_ce0209": 2.0, "esti_param.BNI_LEND_P_ce9901": 2.0, "esti_param.BNI_LEND_P_ne0209": 2.0, "esti_param.BNI_LEND_P_ne9901": 2.0, "esti_param.K_DEPRECIATION": 0.15, "esti_param.R_AVG_INT": 1.1, "esti_param.R_FORMAL_BORR": 1.148, "esti_param.R_FORMAL_BORR_ce0209": 1.054, "esti_param.R_FORMAL_BORR_ce9901": 1.061, "esti_param.R_FORMAL_BORR_ne0209": 1.061, "esti_param.R_FORMAL_BORR_ne9901": 1.148, "esti_param.R_FORMAL_SAVE": 1.033, "esti_param.R_FORMAL_SAVE_ce0209": 1.01, "esti_param.R_FORMAL_SAVE_ce9901": 1.011, "esti_param.R_FORMAL_SAVE_ne0209": 1.011, "esti_param.R_FORMAL_SAVE_ne9901": 1.033, "esti_param.R_INFORM": 1.1, "esti_param.R_INFORM_BORR": 1.2790000000000001, "esti_param.R_INFORM_BORR_ce0209": 1.094, "esti_param.R_INFORM_BORR_ce9901": 1.139, "esti_param.R_INFORM_BORR_ne0209": 1.139, "esti_param.R_INFORM_BORR_ne9901": 1.2790000000000001, "esti_param.R_INFORM_SAVE": 1.2790000000000001, "esti_param.R_INFORM_SAVE_ce0209": 1.094, "esti_param.R_INFORM_SAVE_ce9901": 1.139, "esti_param.R_INFORM_SAVE_ne0209": 1.139, "esti_param.R_INFORM_SAVE_ne9901": 1.2790000000000001, "esti_param.alpha_k": 0.36, "esti_param.beta": 0.96, "esti_param.c_min_bound": 0.001, "esti_param.kappa": 0.6999999999999998, "esti_param.kappa_ce0209": 0.25, "esti_param.kappa_ce9901": 0.25, "esti_param.kappa_ne0209": 0.7, "esti_param.kappa_ne9901": 0.6999999999999998, "esti_param.logit_sd_scale": 1.0, "esti_param.rho": 1.0, "fb2_btp_fb_opti_grid_j_agg": -0.08389318981919375, "fb2_btp_fb_opti_grid_j_agg_ifj": -0.5370318686106316, "fb2_btp_fs_opti_grid_j_agg": 0.0, "fb2_btp_fs_opti_grid_j_agg_ifj": 0.0, "fb2_btp_ib_opti_grid_j_agg": 0.0, "fb2_btp_ib_opti_grid_j_agg_ifj": 0.0, "fb2_btp_il_opti_grid_j_agg": 0.0, "fb2_btp_il_opti_grid_j_agg_ifj": 0.0, "fb2_btp_opti_grid_j_agg": -0.08389318981919375, "fb2_btp_opti_grid_j_agg_ifj": -0.5370318686106316,