{"esti_obj.main_allperiods_obj": 17.129045753574296, "ktp_opti_grid_allJ_agg": 5.125770875977349, "ktp_opti_grid_allJ_agg_var": 11.917443348341136, "ib_probJ_opti_grid_j_agg": 0.22353100626511746, "is_probJ_opti_grid_j_agg": 0.04040230846987923, "fb2_probJ_opti_grid_j_agg": 0.14190911493242825, "fs_probJ_opti_grid_j_agg": 0.18384449180860216, "ibfb2_probJ_opti_grid_j_agg": 0.1255064870892813, "fbis2_probJ_opti_grid_j_agg": 0.027250713528540197, "none_probJ_opti_grid_j_agg": 0.2575558779057525, "period_dictkey": "ce0209", "data_model": "model", "level_0": 6, "P_jp_j.0.0": 0.2255957362943589, "P_jp_j.0.1": 0.038372277476173534, "P_jp_j.0.102": 0.14138621453715652, "P_jp_j.0.104": 0.1247569221797885, "P_jp_j.0.105": 0.02561181751491305, "P_jp_j.0.3": 0.1834935546384235, "P_jp_j.0.6": 0.260783477359186, "P_jp_j.1.0": 0.20899512089280411, "P_jp_j.1.1": 0.055237924247131184, "P_jp_j.1.102": 0.14502367625165868, "P_jp_j.1.104": 0.13046656793772066, "P_jp_j.1.105": 0.03885232819093922, "P_jp_j.1.3": 0.1860464795645815, "P_jp_j.1.6": 0.2353779029151647, "P_jp_j.102.0": 0.2236143869910901, "P_jp_j.102.1": 0.039907656810116855, "P_jp_j.102.102": 0.14240927671424114, "P_jp_j.102.104": 0.12595635414369838, "P_jp_j.102.105": 0.02672454486643086, "P_jp_j.102.3": 0.184190149756996, "P_jp_j.102.6": 0.25719763071742663, "P_jp_j.104.0": 0.22383321795669006, "P_jp_j.104.1": 0.03989315283260314, "P_jp_j.104.102": 0.14205247867991672, "P_jp_j.104.104": 0.12563076508634846, "P_jp_j.104.105": 0.026755186927197548, "P_jp_j.104.3": 0.18399922712943007, "P_jp_j.104.6": 0.2578359713878141, "P_jp_j.105.0": 0.20644405770935956, "P_jp_j.105.1": 0.058169963934772174, "P_jp_j.105.102": 0.14518265006207026, "P_jp_j.105.104": 0.130984513048376, "P_jp_j.105.105": 0.0411955520744902, "P_jp_j.105.3": 0.18635568928039056, "P_jp_j.105.6": 0.2316675738905413, "P_jp_j.3.0": 0.2224889622489012, "P_jp_j.3.1": 0.04118327019054894, "P_jp_j.3.102": 0.14243467493983572, "P_jp_j.3.104": 0.12613029121238378, "P_jp_j.3.105": 0.02779495274711777, "P_jp_j.3.3": 0.1842202268727149, "P_jp_j.3.6": 0.2557476217884977, "P_jp_j.6.0": 0.2252969152018861, "P_jp_j.6.1": 0.038373552948965085, "P_jp_j.6.102": 0.14176584324626054, "P_jp_j.6.104": 0.12510521385578113, "P_jp_j.6.105": 0.0255884185279311, "P_jp_j.6.3": 0.18379384335144666, "P_jp_j.6.6": 0.2600762128677293, "btp_fb_opti_grid_allJ_agg": -0.06338283409289823, "btp_fb_opti_grid_allJ_agg_var": 0.02602393483519329, "btp_fs_opti_grid_allJ_agg": 0.31694719489251955, "btp_fs_opti_grid_allJ_agg_var": 2.111107028828878, "btp_ib_opti_grid_allJ_agg": -0.042964033395005735, "btp_ib_opti_grid_allJ_agg_var": 0.025274988557802, "btp_il_opti_grid_allJ_agg": 0.4037463048478063, "btp_il_opti_grid_allJ_agg_var": 4.510038406472965, "btp_opti_grid_allJ_agg": 0.6143466322524218, "btp_opti_grid_allJ_agg_var": 6.414988380220528, "cash_grid_centered_allJ_agg": 7.3040715572782995, "cash_grid_centered_allJ_agg_var": 24.09086689345127, "combo_desc": "Angeletos quickBNF_BORR_P-0.500;BNF_SAVE_P-0.300;BNI_BORR_P-0.100;BNI_LEND_P-2.000;R_FORMAL_BORR-1.054;R_FORMAL_SAVE-1.010;R_INFORM_BORR-1.094;R_INFORM_SAVE-1.094;kappa-0.125;kappa_ce0209-0.125;kappa_ce9901-0.100", "consumption_opti_grid_allJ_agg": 1.2221479596815696, "consumption_opti_grid_allJ_agg_var": 0.5449725566192084, "data_param.A": -0.03125, "data_param.Region": 0.0, "data_param.Region_set": "[0, 1]", "data_param.Year": 0.0, "data_param.Year_set": "[0, 1]", "data_param.len_A": 1.0, "data_param.mean_A": -0.03125, "data_param.std_A": 0.0, "dist_param.data__A.dist": "normal", "dist_param.data__A.integrate.method": "grid", "dist_param.data__A.integrate.params.points": 8.0, "dist_param.data__A.params.mu": -0.03125, "dist_param.data__A.params.sd": 0.25, "dist_param.dist_param_integrate_points.combo_desc_integrate_loop": "Productivity", "dist_param.dist_param_integrate_points.file_save_suffix_integrate_loop": "_A", "dist_param.dist_param_integrate_points.param_descs": "['A=-0.4147801360881366', 'A=-0.253036639754719', 'A=-0.15344410277866738', 'A=-0.07057767115254268', 'A=0.008077671152542674', 'A=0.09094410277866738', 'A=0.190536639754719', 'A=0.3522801360881366']", "dist_param.dist_param_integrate_points.param_names": "['A']", "dist_param.dist_param_integrate_points.param_save_suffixs": "['0', '1617', '2613', '3442', '4228', '5057', '6053', '7670']", "dist_param.dist_param_integrate_points.param_types": "['data_type']", "dist_param.dist_param_integrate_points.param_values.data_type_A": "[-0.4147801360881366, -0.253036639754719, -0.15344410277866738, -0.07057767115254268, 0.008077671152542674, 0.09094410277866738, 0.190536639754719, 0.3522801360881366]", "dist_param.dist_param_integrate_points.param_values_keys": "['data_type_A']", "dist_param.dist_param_integrate_points.param_weights": "[0.125, 0.125, 0.125, 0.125, 0.125, 0.125, 0.125, 0.125]", "dist_param.dist_param_integrate_points.title_integrate_loop": "Productivity Loop", "esti_obj.main_obj": 8.420654690680887, "esti_obj.subsets_main.agg_prob_for": 3.4716039028506382, "esti_obj.subsets_main.agg_prob_inf": 2.642209908353611, "esti_obj.subsets_main.agg_prob_jnt": 0.042157015360299005, "esti_obj.subsets_main.agg_prob_none": 1.4293607941815183, "esti_obj.subsets_main.equi_BI": 0.13016384739464226, "esti_obj.subsets_main.mean_K": 0.705159222540178, "esti_obj.subsets_other.agg_prob": 0.5699783852818971, "esti_obj.subsets_other.agg_prob_brr": 0.28011540424340786, "esti_obj.subsets_other.agg_prob_sav": 0.17030710313273692, "esti_obj.subsets_other.mean_KYC": 0.4581859861119032, "esti_param.BNF_BORR_P": 0.5, "esti_param.BNF_BORR_P_ce0209": 0.5, "esti_param.BNF_BORR_P_ce9901": 0.5, "esti_param.BNF_BORR_P_ne0209": 0.5, "esti_param.BNF_BORR_P_ne9901": 0.5, "esti_param.BNF_SAVE_P": 0.3, "esti_param.BNF_SAVE_P_ce0209": 0.3, "esti_param.BNF_SAVE_P_ce9901": 0.3, "esti_param.BNF_SAVE_P_ne0209": 0.3, "esti_param.BNF_SAVE_P_ne9901": 0.3, "esti_param.BNI_BORR_P": 0.1, "esti_param.BNI_BORR_P_ce0209": 0.1, "esti_param.BNI_BORR_P_ce9901": 0.1, "esti_param.BNI_BORR_P_ne0209": 0.1, "esti_param.BNI_BORR_P_ne9901": 0.1, "esti_param.BNI_LEND_P": 2.0, "esti_param.BNI_LEND_P_ce0209": 2.0, "esti_param.BNI_LEND_P_ce9901": 2.0, "esti_param.BNI_LEND_P_ne0209": 2.0, "esti_param.BNI_LEND_P_ne9901": 2.0, "esti_param.K_DEPRECIATION": 0.15, "esti_param.R_AVG_INT": 1.1, "esti_param.R_FORMAL_BORR": 1.054, "esti_param.R_FORMAL_BORR_ce0209": 1.054, "esti_param.R_FORMAL_BORR_ce9901": 1.061, "esti_param.R_FORMAL_BORR_ne0209": 1.061, "esti_param.R_FORMAL_BORR_ne9901": 1.148, "esti_param.R_FORMAL_SAVE": 1.01, "esti_param.R_FORMAL_SAVE_ce0209": 1.01, "esti_param.R_FORMAL_SAVE_ce9901": 1.011, "esti_param.R_FORMAL_SAVE_ne0209": 1.011, "esti_param.R_FORMAL_SAVE_ne9901": 1.033, "esti_param.R_INFORM": 1.1, "esti_param.R_INFORM_BORR": 1.094, "esti_param.R_INFORM_BORR_ce0209": 1.094, "esti_param.R_INFORM_BORR_ce9901": 1.139, "esti_param.R_INFORM_BORR_ne0209": 1.139, "esti_param.R_INFORM_BORR_ne9901": 1.2790000000000001, "esti_param.R_INFORM_SAVE": 1.094, "esti_param.R_INFORM_SAVE_ce0209": 1.094, "esti_param.R_INFORM_SAVE_ce9901": 1.139, "esti_param.R_INFORM_SAVE_ne0209": 1.139, "esti_param.R_INFORM_SAVE_ne9901": 1.2790000000000001, "esti_param.alpha_k": 0.36, "esti_param.beta": 0.96, "esti_param.c_min_bound": 0.001, "esti_param.kappa": 0.12464358085272036, "esti_param.kappa_ce0209": 0.12464358085272036, "esti_param.kappa_ce9901": 0.1, "esti_param.kappa_ne0209": 0.25, "esti_param.kappa_ne9901": 0.25, "esti_param.logit_sd_scale": 1.0, "esti_param.rho": 1.0, "fb2_btp_fb_opti_grid_j_agg": -0.008057311464611779, "fb2_btp_fb_opti_grid_j_agg_ifj": -0.057524228917814085, "fb2_btp_fs_opti_grid_j_agg": 0.0, "fb2_btp_fs_opti_grid_j_agg_ifj": 0.0, "fb2_btp_ib_opti_grid_j_agg": 0.0, "fb2_btp_ib_opti_grid_j_agg_ifj": 0.0, "fb2_btp_il_opti_grid_j_agg": 0.0, "fb2_btp_il_opti_grid_j_agg_ifj": 0.0, "fb2_btp_opti_grid_j_agg": -0.008057311464611779, "fb2_btp_opti_grid_j_agg_ifj": -0.057524228917814085,