{"esti_obj.main_allperiods_obj": 17.129045753560447, "ktp_opti_grid_allJ_agg": 5.125770875980049, "ktp_opti_grid_allJ_agg_var": 11.917443348357176, "ib_probJ_opti_grid_j_agg": 0.22353100626525046, "is_probJ_opti_grid_j_agg": 0.04040230846990429, "fb2_probJ_opti_grid_j_agg": 0.14190911493249506, "fs_probJ_opti_grid_j_agg": 0.18384449180870865, "ibfb2_probJ_opti_grid_j_agg": 0.12550648708933762, "fbis2_probJ_opti_grid_j_agg": 0.027250713528559185, "none_probJ_opti_grid_j_agg": 0.2575558779059077, "period_dictkey": "ce0209", "data_model": "model", "level_0": 4, "P_jp_j.0.0": 0.2255957362943627, "P_jp_j.0.1": 0.038372277476175436, "P_jp_j.0.102": 0.1413862145371522, "P_jp_j.0.104": 0.12475692217978472, "P_jp_j.0.105": 0.025611817514915158, "P_jp_j.0.3": 0.1834935546384231, "P_jp_j.0.6": 0.2607834773591868, "P_jp_j.1.0": 0.20899512089271746, "P_jp_j.1.1": 0.0552379242472608, "P_jp_j.1.102": 0.14502367625163076, "P_jp_j.1.104": 0.13046656793770686, "P_jp_j.1.105": 0.03885232819104825, "P_jp_j.1.3": 0.1860464795645942, "P_jp_j.1.6": 0.2353779029150418, "P_jp_j.102.0": 0.22361438699108568, "P_jp_j.102.1": 0.03990765681012486, "P_jp_j.102.102": 0.1424092767142376, "P_jp_j.102.104": 0.12595635414369594, "P_jp_j.102.105": 0.026724544866438018, "P_jp_j.102.3": 0.18419014975699685, "P_jp_j.102.6": 0.25719763071742113, "P_jp_j.104.0": 0.22383321795668493, "P_jp_j.104.1": 0.039893152832612896, "P_jp_j.104.102": 0.14205247867991275, "P_jp_j.104.104": 0.1256307650863457, "P_jp_j.104.105": 0.0267551869272062, "P_jp_j.104.3": 0.18399922712943093, "P_jp_j.104.6": 0.2578359713878066, "P_jp_j.105.0": 0.2064440577092383, "P_jp_j.105.1": 0.058169963934950525, "P_jp_j.105.102": 0.14518265006203376, "P_jp_j.105.104": 0.1309845130483595, "P_jp_j.105.105": 0.041195552074638736, "P_jp_j.105.3": 0.1863556892804101, "P_jp_j.105.6": 0.23166757389036916, "P_jp_j.3.0": 0.2224889622488938, "P_jp_j.3.1": 0.04118327019056167, "P_jp_j.3.102": 0.1424346749398307, "P_jp_j.3.104": 0.12613029121238034, "P_jp_j.3.105": 0.027794952747128995, "P_jp_j.3.3": 0.18422022687271605, "P_jp_j.3.6": 0.2557476217884884, "P_jp_j.6.0": 0.22529691520188355, "P_jp_j.6.1": 0.03837355294896682, "P_jp_j.6.102": 0.14176584324625865, "P_jp_j.6.104": 0.12510521385577936, "P_jp_j.6.105": 0.025588418527932887, "P_jp_j.6.3": 0.183793843351448, "P_jp_j.6.6": 0.26007621286773075, "btp_fb_opti_grid_allJ_agg": -0.06338283409291705, "btp_fb_opti_grid_allJ_agg_var": 0.026023934835199748, "btp_fs_opti_grid_allJ_agg": 0.3169471948929956, "btp_fs_opti_grid_allJ_agg_var": 2.1111070288352445, "btp_ib_opti_grid_allJ_agg": -0.042964033395047035, "btp_ib_opti_grid_allJ_agg_var": 0.02527498855783293, "btp_il_opti_grid_allJ_agg": 0.4037463048485261, "btp_il_opti_grid_allJ_agg_var": 4.510038406483195, "btp_opti_grid_allJ_agg": 0.6143466322535576, "btp_opti_grid_allJ_agg_var": 6.41498838023656, "cash_grid_centered_allJ_agg": 7.304071557282874, "cash_grid_centered_allJ_agg_var": 24.09086689348501, "combo_desc": "Angeletos quickBNF_BORR_P-0.500;BNF_SAVE_P-0.300;BNI_BORR_P-0.100;BNI_LEND_P-2.000;R_FORMAL_BORR-1.054;R_FORMAL_SAVE-1.010;R_INFORM_BORR-1.094;R_INFORM_SAVE-1.094;kappa-0.125;kappa_ce0209-0.125;kappa_ce9901-0.100", "consumption_opti_grid_allJ_agg": 1.2221479596821612, "consumption_opti_grid_allJ_agg_var": 0.5449725566196213, "data_param.A": -0.03125, "data_param.Region": 0.0, "data_param.Region_set": "[0, 1]", "data_param.Year": 0.0, "data_param.Year_set": "[0, 1]", "data_param.len_A": 1.0, "data_param.mean_A": -0.03125, "data_param.std_A": 0.0, "dist_param.data__A.dist": "normal", "dist_param.data__A.integrate.method": "grid", "dist_param.data__A.integrate.params.points": 8.0, "dist_param.data__A.params.mu": -0.03125, "dist_param.data__A.params.sd": 0.25, "dist_param.dist_param_integrate_points.combo_desc_integrate_loop": "Productivity", "dist_param.dist_param_integrate_points.file_save_suffix_integrate_loop": "_A", "dist_param.dist_param_integrate_points.param_descs": "['A=-0.4147801360881366', 'A=-0.253036639754719', 'A=-0.15344410277866738', 'A=-0.07057767115254268', 'A=0.008077671152542674', 'A=0.09094410277866738', 'A=0.190536639754719', 'A=0.3522801360881366']", "dist_param.dist_param_integrate_points.param_names": "['A']", "dist_param.dist_param_integrate_points.param_save_suffixs": "['0', '1617', '2613', '3442', '4228', '5057', '6053', '7670']", "dist_param.dist_param_integrate_points.param_types": "['data_type']", "dist_param.dist_param_integrate_points.param_values.data_type_A": "[-0.4147801360881366, -0.253036639754719, -0.15344410277866738, -0.07057767115254268, 0.008077671152542674, 0.09094410277866738, 0.190536639754719, 0.3522801360881366]", "dist_param.dist_param_integrate_points.param_values_keys": "['data_type_A']", "dist_param.dist_param_integrate_points.param_weights": "[0.125, 0.125, 0.125, 0.125, 0.125, 0.125, 0.125, 0.125]", "dist_param.dist_param_integrate_points.title_integrate_loop": "Productivity Loop", "esti_obj.main_obj": 8.420654690689037, "esti_obj.subsets_main.agg_prob_for": 3.471603902845955, "esti_obj.subsets_main.agg_prob_inf": 2.6422099083579464, "esti_obj.subsets_main.agg_prob_jnt": 0.04215701536006115, "esti_obj.subsets_main.agg_prob_none": 1.429360794185231, "esti_obj.subsets_main.equi_BI": 0.13016384739513187, "esti_obj.subsets_main.mean_K": 0.7051592225447127, "esti_obj.subsets_other.agg_prob": 0.569978385281962, "esti_obj.subsets_other.agg_prob_brr": 0.2801154042434178, "esti_obj.subsets_other.agg_prob_sav": 0.17030710313263653, "esti_obj.subsets_other.mean_KYC": 0.4581859861126398, "esti_param.BNF_BORR_P": 0.5, "esti_param.BNF_BORR_P_ce0209": 0.5, "esti_param.BNF_BORR_P_ce9901": 0.5, "esti_param.BNF_BORR_P_ne0209": 0.5, "esti_param.BNF_BORR_P_ne9901": 0.5, "esti_param.BNF_SAVE_P": 0.3, "esti_param.BNF_SAVE_P_ce0209": 0.3, "esti_param.BNF_SAVE_P_ce9901": 0.3, "esti_param.BNF_SAVE_P_ne0209": 0.3, "esti_param.BNF_SAVE_P_ne9901": 0.3, "esti_param.BNI_BORR_P": 0.1, "esti_param.BNI_BORR_P_ce0209": 0.1, "esti_param.BNI_BORR_P_ce9901": 0.1, "esti_param.BNI_BORR_P_ne0209": 0.1, "esti_param.BNI_BORR_P_ne9901": 0.1, "esti_param.BNI_LEND_P": 2.0, "esti_param.BNI_LEND_P_ce0209": 2.0, "esti_param.BNI_LEND_P_ce9901": 2.0, "esti_param.BNI_LEND_P_ne0209": 2.0, "esti_param.BNI_LEND_P_ne9901": 2.0, "esti_param.K_DEPRECIATION": 0.15, "esti_param.R_AVG_INT": 1.1, "esti_param.R_FORMAL_BORR": 1.054, "esti_param.R_FORMAL_BORR_ce0209": 1.054, "esti_param.R_FORMAL_BORR_ce9901": 1.061, "esti_param.R_FORMAL_BORR_ne0209": 1.061, "esti_param.R_FORMAL_BORR_ne9901": 1.148, "esti_param.R_FORMAL_SAVE": 1.01, "esti_param.R_FORMAL_SAVE_ce0209": 1.01, "esti_param.R_FORMAL_SAVE_ce9901": 1.011, "esti_param.R_FORMAL_SAVE_ne0209": 1.011, "esti_param.R_FORMAL_SAVE_ne9901": 1.033, "esti_param.R_INFORM": 1.1, "esti_param.R_INFORM_BORR": 1.094, "esti_param.R_INFORM_BORR_ce0209": 1.094, "esti_param.R_INFORM_BORR_ce9901": 1.139, "esti_param.R_INFORM_BORR_ne0209": 1.139, "esti_param.R_INFORM_BORR_ne9901": 1.2790000000000001, "esti_param.R_INFORM_SAVE": 1.094, "esti_param.R_INFORM_SAVE_ce0209": 1.094, "esti_param.R_INFORM_SAVE_ce9901": 1.139, "esti_param.R_INFORM_SAVE_ne0209": 1.139, "esti_param.R_INFORM_SAVE_ne9901": 1.2790000000000001, "esti_param.alpha_k": 0.36, "esti_param.beta": 0.96, "esti_param.c_min_bound": 0.001, "esti_param.kappa": 0.12464358085272045, "esti_param.kappa_ce0209": 0.12464358085272045, "esti_param.kappa_ce9901": 0.09999999999999998, "esti_param.kappa_ne0209": 0.25, "esti_param.kappa_ne9901": 0.25, "esti_param.logit_sd_scale": 1.0, "esti_param.rho": 1.0, "fb2_btp_fb_opti_grid_j_agg": -0.00805731146461552, "fb2_btp_fb_opti_grid_j_agg_ifj": -0.05752422891783693, "fb2_btp_fs_opti_grid_j_agg": 0.0, "fb2_btp_fs_opti_grid_j_agg_ifj": 0.0, "fb2_btp_ib_opti_grid_j_agg": 0.0, "fb2_btp_ib_opti_grid_j_agg_ifj": 0.0, "fb2_btp_il_opti_grid_j_agg": 0.0, "fb2_btp_il_opti_grid_j_agg_ifj": 0.0, "fb2_btp_opti_grid_j_agg": -0.00805731146461552, "fb2_btp_opti_grid_j_agg_ifj": -0.05752422891783693,