{"esti_obj.main_allperiods_obj": 17.129045753574296, "ktp_opti_grid_allJ_agg": 5.199334948832642, "ktp_opti_grid_allJ_agg_var": 13.850584128572777, "ib_probJ_opti_grid_j_agg": 0.22237381788393004, "is_probJ_opti_grid_j_agg": 0.04738655043469349, "fb2_probJ_opti_grid_j_agg": 0.1399156964324973, "fs_probJ_opti_grid_j_agg": 0.1818942386770896, "ibfb2_probJ_opti_grid_j_agg": 0.1244691657984657, "fbis2_probJ_opti_grid_j_agg": 0.03226448566181046, "none_probJ_opti_grid_j_agg": 0.2516960451114901, "period_dictkey": "ce9901", "data_model": "model", "level_0": 2, "P_jp_j.0.0": 0.22475370873106976, "P_jp_j.0.1": 0.044282251753828564, "P_jp_j.0.102": 0.14000245636208294, "P_jp_j.0.104": 0.12424531477315623, "P_jp_j.0.105": 0.029689990235899324, "P_jp_j.0.3": 0.18200512147228512, "P_jp_j.0.6": 0.2550211566716781, "P_jp_j.1.0": 0.20315354610579214, "P_jp_j.1.1": 0.07091880159971863, "P_jp_j.1.102": 0.14088409680561587, "P_jp_j.1.104": 0.12791397299377186, "P_jp_j.1.105": 0.05086873085045825, "P_jp_j.1.3": 0.18256541931176368, "P_jp_j.1.6": 0.22369543233287956, "P_jp_j.102.0": 0.223304118819668, "P_jp_j.102.1": 0.04579312881826751, "P_jp_j.102.102": 0.14039409375268175, "P_jp_j.102.104": 0.12482106078985973, "P_jp_j.102.105": 0.030809177325492633, "P_jp_j.102.3": 0.18222804480920407, "P_jp_j.102.6": 0.2526503756848263, "P_jp_j.104.0": 0.22321060265780526, "P_jp_j.104.1": 0.045973022013008714, "P_jp_j.104.102": 0.1402861471908685, "P_jp_j.104.104": 0.12473694902442704, "P_jp_j.104.105": 0.030967326612567174, "P_jp_j.104.3": 0.1821737216399831, "P_jp_j.104.6": 0.2526522308613402, "P_jp_j.105.0": 0.20010897401009492, "P_jp_j.105.1": 0.0750200282865266, "P_jp_j.105.102": 0.14057465995729618, "P_jp_j.105.104": 0.12798649390193118, "P_jp_j.105.105": 0.05417941896476315, "P_jp_j.105.3": 0.18258511240371567, "P_jp_j.105.6": 0.21954531247567227, "P_jp_j.3.0": 0.2218494275970108, "P_jp_j.3.1": 0.047741903591310995, "P_jp_j.3.102": 0.14025900668443633, "P_jp_j.3.104": 0.12487399093436367, "P_jp_j.3.105": 0.03243139134000636, "P_jp_j.3.3": 0.18213946635499348, "P_jp_j.3.6": 0.25070481349787843, "P_jp_j.6.0": 0.2249889349791896, "P_jp_j.6.1": 0.04396593296083548, "P_jp_j.6.102": 0.14000318366473646, "P_jp_j.6.104": 0.1242058488583576, "P_jp_j.6.105": 0.029453672994986864, "P_jp_j.6.3": 0.18202114646249065, "P_jp_j.6.6": 0.2553612800794033, "btp_fb_opti_grid_allJ_agg": -0.0377903386438463, "btp_fb_opti_grid_allJ_agg_var": 0.009983514151209091, "btp_fs_opti_grid_allJ_agg": 0.3586252260144707, "btp_fs_opti_grid_allJ_agg_var": 2.651197966561809, "btp_ib_opti_grid_allJ_agg": -0.0051547115329821655, "btp_ib_opti_grid_allJ_agg_var": 0.002512929788966521, "btp_il_opti_grid_allJ_agg": 0.635858252705453, "btp_il_opti_grid_allJ_agg_var": 8.597671200792142, "btp_opti_grid_allJ_agg": 0.9515384285430952, "btp_opti_grid_allJ_agg_var": 10.738504265632391, "cash_grid_centered_allJ_agg": 7.705789561498933, "cash_grid_centered_allJ_agg_var": 28.696684420026703, "combo_desc": "Angeletos quickBNF_BORR_P-0.500;BNF_SAVE_P-0.300;BNI_BORR_P-0.100;BNI_LEND_P-2.000;R_FORMAL_BORR-1.061;R_FORMAL_SAVE-1.011;R_INFORM_BORR-1.139;R_INFORM_SAVE-1.139;kappa-0.100;kappa_ce0209-0.125;kappa_ce9901-0.100", "consumption_opti_grid_allJ_agg": 1.23673479122451, "consumption_opti_grid_allJ_agg_var": 0.5572506940864561, "data_param.A": -0.03125, "data_param.Region": 0.0, "data_param.Region_set": "[0, 1]", "data_param.Year": 0.0, "data_param.Year_set": "[0, 1]", "data_param.len_A": 1.0, "data_param.mean_A": -0.03125, "data_param.std_A": 0.0, "dist_param.data__A.dist": "normal", "dist_param.data__A.integrate.method": "grid", "dist_param.data__A.integrate.params.points": 8.0, "dist_param.data__A.params.mu": -0.03125, "dist_param.data__A.params.sd": 0.25, "dist_param.dist_param_integrate_points.combo_desc_integrate_loop": "Productivity", "dist_param.dist_param_integrate_points.file_save_suffix_integrate_loop": "_A", "dist_param.dist_param_integrate_points.param_descs": "['A=-0.4147801360881366', 'A=-0.253036639754719', 'A=-0.15344410277866738', 'A=-0.07057767115254268', 'A=0.008077671152542674', 'A=0.09094410277866738', 'A=0.190536639754719', 'A=0.3522801360881366']", "dist_param.dist_param_integrate_points.param_names": "['A']", "dist_param.dist_param_integrate_points.param_save_suffixs": "['0', '1617', '2613', '3442', '4228', '5057', '6053', '7670']", "dist_param.dist_param_integrate_points.param_types": "['data_type']", "dist_param.dist_param_integrate_points.param_values.data_type_A": "[-0.4147801360881366, -0.253036639754719, -0.15344410277866738, -0.07057767115254268, 0.008077671152542674, 0.09094410277866738, 0.190536639754719, 0.3522801360881366]", "dist_param.dist_param_integrate_points.param_values_keys": "['data_type_A']", "dist_param.dist_param_integrate_points.param_weights": "[0.125, 0.125, 0.125, 0.125, 0.125, 0.125, 0.125, 0.125]", "dist_param.dist_param_integrate_points.title_integrate_loop": "Productivity Loop", "esti_obj.main_obj": 8.708391062893407, "esti_obj.subsets_main.agg_prob_for": 1.9586623499881168, "esti_obj.subsets_main.agg_prob_inf": 1.7299624525650297, "esti_obj.subsets_main.agg_prob_jnt": 0.5778661177238991, "esti_obj.subsets_main.agg_prob_none": 0.2052448328540136, "esti_obj.subsets_main.equi_BI": 0.39778695684749465, "esti_obj.subsets_main.mean_K": 3.838868352914853, "esti_obj.subsets_other.agg_prob": 0.4759880395578226, "esti_obj.subsets_other.agg_prob_brr": 0.2799272872498985, "esti_obj.subsets_other.agg_prob_sav": 0.1507567974194143, "esti_obj.subsets_other.mean_KYC": 0.6998755295287586, "esti_param.BNF_BORR_P": 0.5, "esti_param.BNF_BORR_P_ce0209": 0.5, "esti_param.BNF_BORR_P_ce9901": 0.5, "esti_param.BNF_BORR_P_ne0209": 0.5, "esti_param.BNF_BORR_P_ne9901": 0.5, "esti_param.BNF_SAVE_P": 0.3, "esti_param.BNF_SAVE_P_ce0209": 0.3, "esti_param.BNF_SAVE_P_ce9901": 0.3, "esti_param.BNF_SAVE_P_ne0209": 0.3, "esti_param.BNF_SAVE_P_ne9901": 0.3, "esti_param.BNI_BORR_P": 0.1, "esti_param.BNI_BORR_P_ce0209": 0.1, "esti_param.BNI_BORR_P_ce9901": 0.1, "esti_param.BNI_BORR_P_ne0209": 0.1, "esti_param.BNI_BORR_P_ne9901": 0.1, "esti_param.BNI_LEND_P": 2.0, "esti_param.BNI_LEND_P_ce0209": 2.0, "esti_param.BNI_LEND_P_ce9901": 2.0, "esti_param.BNI_LEND_P_ne0209": 2.0, "esti_param.BNI_LEND_P_ne9901": 2.0, "esti_param.K_DEPRECIATION": 0.15, "esti_param.R_AVG_INT": 1.1, "esti_param.R_FORMAL_BORR": 1.061, "esti_param.R_FORMAL_BORR_ce0209": 1.054, "esti_param.R_FORMAL_BORR_ce9901": 1.061, "esti_param.R_FORMAL_BORR_ne0209": 1.061, "esti_param.R_FORMAL_BORR_ne9901": 1.148, "esti_param.R_FORMAL_SAVE": 1.011, "esti_param.R_FORMAL_SAVE_ce0209": 1.01, "esti_param.R_FORMAL_SAVE_ce9901": 1.011, "esti_param.R_FORMAL_SAVE_ne0209": 1.011, "esti_param.R_FORMAL_SAVE_ne9901": 1.033, "esti_param.R_INFORM": 1.1, "esti_param.R_INFORM_BORR": 1.139, "esti_param.R_INFORM_BORR_ce0209": 1.094, "esti_param.R_INFORM_BORR_ce9901": 1.139, "esti_param.R_INFORM_BORR_ne0209": 1.139, "esti_param.R_INFORM_BORR_ne9901": 1.2790000000000001, "esti_param.R_INFORM_SAVE": 1.139, "esti_param.R_INFORM_SAVE_ce0209": 1.094, "esti_param.R_INFORM_SAVE_ce9901": 1.139, "esti_param.R_INFORM_SAVE_ne0209": 1.139, "esti_param.R_INFORM_SAVE_ne9901": 1.2790000000000001, "esti_param.alpha_k": 0.36, "esti_param.beta": 0.96, "esti_param.c_min_bound": 0.001, "esti_param.kappa": 0.1, "esti_param.kappa_ce0209": 0.12464358085272036, "esti_param.kappa_ce9901": 0.1, "esti_param.kappa_ne0209": 0.25, "esti_param.kappa_ne9901": 0.25, "esti_param.logit_sd_scale": 1.0, "esti_param.rho": 1.0, "fb2_btp_fb_opti_grid_j_agg": -0.0052938277217994285, "fb2_btp_fb_opti_grid_j_agg_ifj": -0.038470486215934636, "fb2_btp_fs_opti_grid_j_agg": 0.0, "fb2_btp_fs_opti_grid_j_agg_ifj": 0.0, "fb2_btp_ib_opti_grid_j_agg": 0.0, "fb2_btp_ib_opti_grid_j_agg_ifj": 0.0, "fb2_btp_il_opti_grid_j_agg": 0.0, "fb2_btp_il_opti_grid_j_agg_ifj": 0.0, "fb2_btp_opti_grid_j_agg": -0.0052938277217994285, "fb2_btp_opti_grid_j_agg_ifj": -0.038470486215934636,