{"esti_obj.main_allperiods_obj": 1147.1319647896564, "ktp_opti_grid_allJ_agg": 5.201196539941853, "ktp_opti_grid_allJ_agg_var": 13.809916251709245, "ib_probJ_opti_grid_j_agg": 0.22227433919476736, "is_probJ_opti_grid_j_agg": 0.04733170770434028, "fb2_probJ_opti_grid_j_agg": 0.13999627869126705, "fs_probJ_opti_grid_j_agg": 0.18176336169319188, "ibfb2_probJ_opti_grid_j_agg": 0.12446933324904637, "fbis2_probJ_opti_grid_j_agg": 0.03255219575826355, "none_probJ_opti_grid_j_agg": 0.2516127837092845, "period_dictkey": "ne0209", "data_model": "model", "level_0": 7, "P_jp_j.0.0": 0.22465323546977065, "P_jp_j.0.1": 0.04422532068132096, "P_jp_j.0.102": 0.14009389388787366, "P_jp_j.0.104": 0.1242523289593326, "P_jp_j.0.105": 0.029963193014643143, "P_jp_j.0.3": 0.1818763237094523, "P_jp_j.0.6": 0.2549357042776067, "P_jp_j.1.0": 0.20303068734485666, "P_jp_j.1.1": 0.07087215831028035, "P_jp_j.1.102": 0.14091267150065412, "P_jp_j.1.104": 0.12790978532639588, "P_jp_j.1.105": 0.05126073004693864, "P_jp_j.1.3": 0.1824557321951633, "P_jp_j.1.6": 0.2235582352757112, "P_jp_j.102.0": 0.22324579149619467, "P_jp_j.102.1": 0.045711243058345515, "P_jp_j.102.102": 0.14044364114017405, "P_jp_j.102.104": 0.12478563874968718, "P_jp_j.102.105": 0.03107084189307328, "P_jp_j.102.3": 0.18206475469429675, "P_jp_j.102.6": 0.2526780889682285, "P_jp_j.104.0": 0.2231303539606217, "P_jp_j.104.1": 0.045906776496654124, "P_jp_j.104.102": 0.14037180521744255, "P_jp_j.104.104": 0.12473814270060635, "P_jp_j.104.105": 0.03123963094955969, "P_jp_j.104.3": 0.18204125243993385, "P_jp_j.104.6": 0.2525720382351818, "P_jp_j.105.0": 0.200038492184669, "P_jp_j.105.1": 0.0749228143727644, "P_jp_j.105.102": 0.14057133413649642, "P_jp_j.105.104": 0.12795146063280272, "P_jp_j.105.105": 0.05454889549420991, "P_jp_j.105.3": 0.18246544665932726, "P_jp_j.105.6": 0.21950155651973025, "P_jp_j.3.0": 0.22172753185473856, "P_jp_j.3.1": 0.047693009413203084, "P_jp_j.3.102": 0.14036082389284973, "P_jp_j.3.104": 0.12489824211039885, "P_jp_j.3.105": 0.03272441021013918, "P_jp_j.3.3": 0.18202008166181285, "P_jp_j.3.6": 0.25057590085685777, "P_jp_j.6.0": 0.22488814552622374, "P_jp_j.6.1": 0.04390744006093508, "P_jp_j.6.102": 0.1400989440555186, "P_jp_j.6.104": 0.12421579368797868, "P_jp_j.6.105": 0.02972383281029685, "P_jp_j.6.3": 0.1818940068427981, "P_jp_j.6.6": 0.25527183701624906, "btp_fb_opti_grid_allJ_agg": -0.051730126364500216, "btp_fb_opti_grid_allJ_agg_var": 0.020283796809004842, "btp_fs_opti_grid_allJ_agg": 0.358126693775556, "btp_fs_opti_grid_allJ_agg_var": 2.6488225197849413, "btp_ib_opti_grid_allJ_agg": -0.0049991739450182026, "btp_ib_opti_grid_allJ_agg_var": 0.002495816207620051, "btp_il_opti_grid_allJ_agg": 0.6418824335865386, "btp_il_opti_grid_allJ_agg_var": 8.69596539247162, "btp_opti_grid_allJ_agg": 0.9432798270525764, "btp_opti_grid_allJ_agg_var": 10.71863825645794, "cash_grid_centered_allJ_agg": 7.700114212063086, "cash_grid_centered_allJ_agg_var": 28.715245370336586, "combo_desc": "Angeletos quickBNF_BORR_P-0.500;BNF_SAVE_P-0.300;BNI_BORR_P-0.100;BNI_LEND_P-2.000;R_FORMAL_BORR-1.061;R_FORMAL_SAVE-1.011;R_INFORM_BORR-1.139;R_INFORM_SAVE-1.139;kappa-0.187;kappa_ne0209-0.187;kappa_ne9901-0.705", "consumption_opti_grid_allJ_agg": 1.236803176379789, "consumption_opti_grid_allJ_agg_var": 0.5577982192894947, "data_param.A": -0.03125, "data_param.Region": 0.0, "data_param.Region_set": "[0, 1]", "data_param.Year": 0.0, "data_param.Year_set": "[0, 1]", "data_param.len_A": 1.0, "data_param.mean_A": -0.03125, "data_param.std_A": 0.0, "dist_param.data__A.dist": "normal", "dist_param.data__A.integrate.method": "grid", "dist_param.data__A.integrate.params.points": 8.0, "dist_param.data__A.params.mu": -0.03125, "dist_param.data__A.params.sd": 0.25, "dist_param.dist_param_integrate_points.combo_desc_integrate_loop": "Productivity", "dist_param.dist_param_integrate_points.file_save_suffix_integrate_loop": "_A", "dist_param.dist_param_integrate_points.param_descs": "['A=-0.4147801360881366', 'A=-0.253036639754719', 'A=-0.15344410277866738', 'A=-0.07057767115254268', 'A=0.008077671152542674', 'A=0.09094410277866738', 'A=0.190536639754719', 'A=0.3522801360881366']", "dist_param.dist_param_integrate_points.param_names": "['A']", "dist_param.dist_param_integrate_points.param_save_suffixs": "['0', '1617', '2613', '3442', '4228', '5057', '6053', '7670']", "dist_param.dist_param_integrate_points.param_types": "['data_type']", "dist_param.dist_param_integrate_points.param_values.data_type_A": "[-0.4147801360881366, -0.253036639754719, -0.15344410277866738, -0.07057767115254268, 0.008077671152542674, 0.09094410277866738, 0.190536639754719, 0.3522801360881366]", "dist_param.dist_param_integrate_points.param_values_keys": "['data_type_A']", "dist_param.dist_param_integrate_points.param_weights": "[0.125, 0.125, 0.125, 0.125, 0.125, 0.125, 0.125, 0.125]", "dist_param.dist_param_integrate_points.title_integrate_loop": "Productivity Loop", "esti_obj.main_obj": 23.618052879544816, "esti_obj.subsets_main.agg_prob_for": 2.424529478638439, "esti_obj.subsets_main.agg_prob_inf": 2.56906470035031, "esti_obj.subsets_main.agg_prob_jnt": 4.227805121797721, "esti_obj.subsets_main.agg_prob_none": 3.8264361150495314, "esti_obj.subsets_main.equi_BI": 0.40562028641160813, "esti_obj.subsets_main.mean_K": 10.164597177297207, "esti_obj.subsets_other.agg_prob": 0.7953009691943265, "esti_obj.subsets_other.agg_prob_brr": 0.5108087272544539, "esti_obj.subsets_other.agg_prob_sav": 0.08887945823058804, "esti_obj.subsets_other.mean_KYC": 0.8927760833408697, "esti_param.BNF_BORR_P": 0.5, "esti_param.BNF_BORR_P_ce0209": 0.5, "esti_param.BNF_BORR_P_ce9901": 0.5, "esti_param.BNF_BORR_P_ne0209": 0.5, "esti_param.BNF_BORR_P_ne9901": 0.5, "esti_param.BNF_SAVE_P": 0.3, "esti_param.BNF_SAVE_P_ce0209": 0.3, "esti_param.BNF_SAVE_P_ce9901": 0.3, "esti_param.BNF_SAVE_P_ne0209": 0.3, "esti_param.BNF_SAVE_P_ne9901": 0.3, "esti_param.BNI_BORR_P": 0.1, "esti_param.BNI_BORR_P_ce0209": 0.1, "esti_param.BNI_BORR_P_ce9901": 0.1, "esti_param.BNI_BORR_P_ne0209": 0.1, "esti_param.BNI_BORR_P_ne9901": 0.1, "esti_param.BNI_LEND_P": 2.0, "esti_param.BNI_LEND_P_ce0209": 2.0, "esti_param.BNI_LEND_P_ce9901": 2.0, "esti_param.BNI_LEND_P_ne0209": 2.0, "esti_param.BNI_LEND_P_ne9901": 2.0, "esti_param.K_DEPRECIATION": 0.15, "esti_param.R_AVG_INT": 1.1, "esti_param.R_FORMAL_BORR": 1.061, "esti_param.R_FORMAL_BORR_ce0209": 1.054, "esti_param.R_FORMAL_BORR_ce9901": 1.061, "esti_param.R_FORMAL_BORR_ne0209": 1.061, "esti_param.R_FORMAL_BORR_ne9901": 1.148, "esti_param.R_FORMAL_SAVE": 1.011, "esti_param.R_FORMAL_SAVE_ce0209": 1.01, "esti_param.R_FORMAL_SAVE_ce9901": 1.011, "esti_param.R_FORMAL_SAVE_ne0209": 1.011, "esti_param.R_FORMAL_SAVE_ne9901": 1.033, "esti_param.R_INFORM": 1.1, "esti_param.R_INFORM_BORR": 1.139, "esti_param.R_INFORM_BORR_ce0209": 1.094, "esti_param.R_INFORM_BORR_ce9901": 1.139, "esti_param.R_INFORM_BORR_ne0209": 1.139, "esti_param.R_INFORM_BORR_ne9901": 1.2790000000000001, "esti_param.R_INFORM_SAVE": 1.139, "esti_param.R_INFORM_SAVE_ce0209": 1.094, "esti_param.R_INFORM_SAVE_ce9901": 1.139, "esti_param.R_INFORM_SAVE_ne0209": 1.139, "esti_param.R_INFORM_SAVE_ne9901": 1.2790000000000001, "esti_param.alpha_k": 0.36, "esti_param.beta": 0.96, "esti_param.c_min_bound": 0.001, "esti_param.kappa": 0.18730117922290584, "esti_param.kappa_ce0209": 0.25, "esti_param.kappa_ce9901": 0.25, "esti_param.kappa_ne0209": 0.18730117922290584, "esti_param.kappa_ne9901": 0.705, "esti_param.logit_sd_scale": 1.0, "esti_param.rho": 1.0, "fb2_btp_fb_opti_grid_j_agg": -0.008282641372622065, "fb2_btp_fb_opti_grid_j_agg_ifj": -0.060690641041528576, "fb2_btp_fs_opti_grid_j_agg": 0.0, "fb2_btp_fs_opti_grid_j_agg_ifj": 0.0, "fb2_btp_ib_opti_grid_j_agg": 0.0, "fb2_btp_ib_opti_grid_j_agg_ifj": 0.0, "fb2_btp_il_opti_grid_j_agg": 0.0, "fb2_btp_il_opti_grid_j_agg_ifj": 0.0, "fb2_btp_opti_grid_j_agg": -0.008282641372622065, "fb2_btp_opti_grid_j_agg_ifj": -0.060690641041528576,