{"esti_obj.main_allperiods_obj": 10.0120465750447, "ktp_opti_grid_allJ_agg": 6.245139719874117, "ib_probJ_opti_grid_j_agg": 0.17626318973784072, "is_probJ_opti_grid_j_agg": 0.0776094194005304, "fb2_probJ_opti_grid_j_agg": 0.15874477403286877, "fs_probJ_opti_grid_j_agg": 0.1743198459962922, "ibfb2_probJ_opti_grid_j_agg": 0.14981985295101105, "fbis2_probJ_opti_grid_j_agg": 0.06465548802553381, "none_probJ_opti_grid_j_agg": 0.1985874298557949, "period_dictkey": "ce0209", "data_model": "model", "level_0": 24, "btp_fb_opti_grid_allJ_agg": -0.5307894483494482, "btp_fs_opti_grid_allJ_agg": 0.2092162148719212, "btp_ib_opti_grid_allJ_agg": -0.6247625924794211, "btp_il_opti_grid_allJ_agg": 0.36213494952197556, "consumption_opti_grid_allJ_agg": 3.3522187541547566, "dist_param.data__A_mu_ce0209.params.mu": 0.6489840830256005, "dist_param.data__A_mu_ce9901.params.mu": 0.48369459328961006, "dist_param.data__A_sd_ce0209.params.sd": 0.18483483022114944, "dist_param.data__A_sd_ce9901.params.sd": 0.2535496092851097, "esti_obj.main_obj": 5.3996077496010075, "esti_obj.subsets_main.agg_prob_for": 3.4713706389537844, "esti_obj.subsets_main.agg_prob_inf": 1.4854509013788582, "esti_obj.subsets_main.agg_prob_jnt": 0.07570254361527906, "esti_obj.subsets_main.agg_prob_none": 0.36708366565308653, "esti_obj.subsets_other.agg_prob": 0.49887075994154995, "esti_obj.subsets_other.agg_prob_brr": 0.205338268655983, "esti_obj.subsets_other.agg_prob_sav": 0.23294506142977203, "esti_obj.subsets_other.mean_KYC": 0.699840416697642, "esti_obj.subsets_other.mean_fbfs": 0.0, "esti_obj.subsets_other.mean_ibil": 0.0, "index": 24.0, "model_option.choice_names_use": "['ib', 'is', 'fb2', 'fs', 'ibfb2', 'fbis2', 'none']", "model_option.choice_set_list": "[0, 1, 102, 3, 104, 105, 6]", "predict": 1.0, "support_arg.param_combo_list_ctr_str": "_c3726", "y_opti_grid_allJ_agg": 2.434111579030565}