{"esti_obj.main_allperiods_obj": 9.968537363568984, "ktp_opti_grid_allJ_agg": 5.229252260984476, "ib_probJ_opti_grid_j_agg": 0.1845895032127968, "is_probJ_opti_grid_j_agg": 0.06507401386809152, "fb2_probJ_opti_grid_j_agg": 0.15845923281498062, "fs_probJ_opti_grid_j_agg": 0.18098207387876708, "ibfb2_probJ_opti_grid_j_agg": 0.14730098891335375, "fbis2_probJ_opti_grid_j_agg": 0.05130292815216925, "none_probJ_opti_grid_j_agg": 0.2122912591597182, "period_dictkey": "ce0209", "data_model": "model", "level_0": 23, "btp_fb_opti_grid_allJ_agg": -0.403062277391266, "btp_fs_opti_grid_allJ_agg": 0.2550553089121705, "btp_ib_opti_grid_allJ_agg": -0.5416735645326771, "btp_il_opti_grid_allJ_agg": 0.3007756611569893, "consumption_opti_grid_allJ_agg": 2.517526786507008, "dist_param.data__A_mu_ce0209.params.mu": 0.47743249978692737, "dist_param.data__A_mu_ce9901.params.mu": 0.34651781444612517, "dist_param.data__A_sd_ce0209.params.sd": 0.1402379509749639, "dist_param.data__A_sd_ce9901.params.sd": 0.2521237028757853, "esti_obj.main_obj": 5.430682158390848, "esti_obj.subsets_main.agg_prob_for": 3.2584796462001973, "esti_obj.subsets_main.agg_prob_inf": 1.6007367531315522, "esti_obj.subsets_main.agg_prob_jnt": 0.019546640305456903, "esti_obj.subsets_main.agg_prob_none": 0.5519191187536411, "esti_obj.subsets_other.agg_prob": 0.48611738661238185, "esti_obj.subsets_other.agg_prob_brr": 0.21143125931116993, "esti_obj.subsets_other.agg_prob_sav": 0.2003948681414937, "esti_obj.subsets_other.mean_KYC": 0.48559730654228184, "esti_obj.subsets_other.mean_fbfs": 0.0, "esti_obj.subsets_other.mean_ibil": 0.0, "index": 23.0, "model_option.choice_names_use": "['ib', 'is', 'fb2', 'fs', 'ibfb2', 'fbis2', 'none']", "model_option.choice_set_list": "[0, 1, 102, 3, 104, 105, 6]", "predict": 1.0, "support_arg.param_combo_list_ctr_str": "_c4923", "y_opti_grid_allJ_agg": 2.292536357270474}