{"esti_obj.main_allperiods_obj": 10.068771312999502, "ktp_opti_grid_allJ_agg": 5.127739326267957, "ib_probJ_opti_grid_j_agg": 0.18219327993064738, "is_probJ_opti_grid_j_agg": 0.06415325296114024, "fb2_probJ_opti_grid_j_agg": 0.15931477819920573, "fs_probJ_opti_grid_j_agg": 0.18251549690342467, "ibfb2_probJ_opti_grid_j_agg": 0.14752551841920167, "fbis2_probJ_opti_grid_j_agg": 0.05022068454260082, "none_probJ_opti_grid_j_agg": 0.21407698904370132, "period_dictkey": "ce0209", "data_model": "model", "level_0": 26, "btp_fb_opti_grid_allJ_agg": -0.3720560816352714, "btp_fs_opti_grid_allJ_agg": 0.25788257244895263, "btp_ib_opti_grid_allJ_agg": -0.5153475875139231, "btp_il_opti_grid_allJ_agg": 0.288554904693802, "consumption_opti_grid_allJ_agg": 2.448985777664482, "dist_param.data__A_mu_ce0209.params.mu": 0.4651556946215304, "dist_param.data__A_mu_ce9901.params.mu": 0.22667324284417156, "dist_param.data__A_sd_ce0209.params.sd": 0.10340076343281807, "dist_param.data__A_sd_ce9901.params.sd": 0.23553911716117243, "esti_obj.main_obj": 5.328352107642033, "esti_obj.subsets_main.agg_prob_for": 3.1954183626014947, "esti_obj.subsets_main.agg_prob_inf": 1.5371803740797652, "esti_obj.subsets_main.agg_prob_jnt": 0.016982544765229632, "esti_obj.subsets_main.agg_prob_none": 0.5787708261955449, "esti_obj.subsets_other.agg_prob": 0.48133944979466103, "esti_obj.subsets_other.agg_prob_brr": 0.20840402015064333, "esti_obj.subsets_other.agg_prob_sav": 0.19685844060031643, "esti_obj.subsets_other.mean_KYC": 0.4587226944919873, "esti_obj.subsets_other.mean_fbfs": 0.0, "esti_obj.subsets_other.mean_ibil": 0.0, "index": 26.0, "model_option.choice_names_use": "['ib', 'is', 'fb2', 'fs', 'ibfb2', 'fbis2', 'none']", "model_option.choice_set_list": "[0, 1, 102, 3, 104, 105, 6]", "predict": 1.0, "support_arg.param_combo_list_ctr_str": "_c5607", "y_opti_grid_allJ_agg": 2.2803244086433025}