{"esti_obj.main_allperiods_obj": 10.27346903928448, "ktp_opti_grid_allJ_agg": 7.618625958192894, "ib_probJ_opti_grid_j_agg": 0.18787394370793317, "is_probJ_opti_grid_j_agg": 0.07242852529347614, "fb2_probJ_opti_grid_j_agg": 0.1514612267810323, "fs_probJ_opti_grid_j_agg": 0.17094697960699087, "ibfb2_probJ_opti_grid_j_agg": 0.15055242235549665, "fbis2_probJ_opti_grid_j_agg": 0.06363407942107364, "none_probJ_opti_grid_j_agg": 0.20310282283380215, "period_dictkey": "ce0209", "data_model": "model", "level_0": 36, "btp_fb_opti_grid_allJ_agg": -1.012946516221903, "btp_fs_opti_grid_allJ_agg": 0.18785724076228338, "btp_ib_opti_grid_allJ_agg": -0.6796184446789, "btp_il_opti_grid_allJ_agg": 0.26039660243939133, "consumption_opti_grid_allJ_agg": 4.5420710238848985, "dist_param.data__A_mu_ce0209.params.mu": 0.6462715327481242, "dist_param.data__A_mu_ce9901.params.mu": 0.3722573090572391, "dist_param.data__A_sd_ce0209.params.sd": 0.6459798215193332, "dist_param.data__A_sd_ce9901.params.sd": 0.14837176621454945, "esti_obj.main_obj": 5.9350142798799315, "esti_obj.subsets_main.agg_prob_for": 3.7115299200780854, "esti_obj.subsets_main.agg_prob_inf": 1.7282320945887322, "esti_obj.subsets_main.agg_prob_jnt": 0.07141451112017172, "esti_obj.subsets_main.agg_prob_none": 0.423837754092943, "esti_obj.subsets_other.agg_prob": 0.5201835872237586, "esti_obj.subsets_other.agg_prob_brr": 0.22496513928239753, "esti_obj.subsets_other.agg_prob_sav": 0.23011562510755895, "esti_obj.subsets_other.mean_KYC": 0.9127695045427533, "esti_obj.subsets_other.mean_fbfs": 0.0, "esti_obj.subsets_other.mean_ibil": 0.0, "index": 36.0, "model_option.choice_names_use": "['ib', 'is', 'fb2', 'fs', 'ibfb2', 'fbis2', 'none']", "model_option.choice_set_list": "[0, 1, 102, 3, 104, 105, 6]", "predict": 1.0, "support_arg.param_combo_list_ctr_str": "_c3885", "y_opti_grid_allJ_agg": 2.510036339359526}