{"esti_obj.main_allperiods_obj": 10.206892944728555, "ktp_opti_grid_allJ_agg": 5.043416059310931, "ib_probJ_opti_grid_j_agg": 0.1866540539554708, "is_probJ_opti_grid_j_agg": 0.06216156687968712, "fb2_probJ_opti_grid_j_agg": 0.15790948834677254, "fs_probJ_opti_grid_j_agg": 0.1816717460032306, "ibfb2_probJ_opti_grid_j_agg": 0.1478106290093385, "fbis2_probJ_opti_grid_j_agg": 0.048762556234486464, "none_probJ_opti_grid_j_agg": 0.21502995957105428, "period_dictkey": "ce9901", "data_model": "model", "level_0": 12, "btp_fb_opti_grid_allJ_agg": -0.3700443154286951, "btp_fs_opti_grid_allJ_agg": 0.26298667692698824, "btp_ib_opti_grid_allJ_agg": -0.4863126845200401, "btp_il_opti_grid_allJ_agg": 0.27949030093950245, "consumption_opti_grid_allJ_agg": 2.419645087837078, "dist_param.data__A_mu_ce0209.params.mu": 0.47805384578186894, "dist_param.data__A_mu_ce9901.params.mu": 0.44487112996927236, "dist_param.data__A_sd_ce0209.params.sd": 0.22967114262481295, "dist_param.data__A_sd_ce9901.params.sd": 0.182187177224177, "esti_obj.main_obj": 4.4549525182787395, "esti_obj.subsets_main.agg_prob_for": 1.7260902214751268, "esti_obj.subsets_main.agg_prob_inf": 0.9993756314361765, "esti_obj.subsets_main.agg_prob_jnt": 1.0575779125751366, "esti_obj.subsets_main.agg_prob_none": 0.6719087527922994, "esti_obj.subsets_other.agg_prob": 0.5137776121579255, "esti_obj.subsets_other.agg_prob_brr": 0.24955519461803677, "esti_obj.subsets_other.agg_prob_sav": 0.18225237711094297, "esti_obj.subsets_other.mean_KYC": 0.671450693984847, "esti_obj.subsets_other.mean_fbfs": 0.0, "esti_obj.subsets_other.mean_ibil": 0.0, "index": 12.0, "model_option.choice_names_use": "['ib', 'is', 'fb2', 'fs', 'ibfb2', 'fbis2', 'none']", "model_option.choice_set_list": "[0, 1, 102, 3, 104, 105, 6]", "predict": 1.0, "support_arg.param_combo_list_ctr_str": "_c5903", "y_opti_grid_allJ_agg": 2.2626759514039523}