{"esti_obj.main_allperiods_obj": 10.335068258680861, "ktp_opti_grid_allJ_agg": 5.952107528789978, "ib_probJ_opti_grid_j_agg": 0.18697786789144213, "is_probJ_opti_grid_j_agg": 0.0700690782639257, "fb2_probJ_opti_grid_j_agg": 0.15586249971730073, "fs_probJ_opti_grid_j_agg": 0.17506443370861746, "ibfb2_probJ_opti_grid_j_agg": 0.14898608453252357, "fbis2_probJ_opti_grid_j_agg": 0.058270774012017676, "none_probJ_opti_grid_j_agg": 0.2047692618742451, "period_dictkey": "ce9901", "data_model": "model", "level_0": 19, "btp_fb_opti_grid_allJ_agg": -0.517517794668866, "btp_fs_opti_grid_allJ_agg": 0.2536834922459962, "btp_ib_opti_grid_allJ_agg": -0.5633358068019843, "btp_il_opti_grid_allJ_agg": 0.31118096545471224, "consumption_opti_grid_allJ_agg": 3.220272262242187, "dist_param.data__A_mu_ce0209.params.mu": 0.4552648486739471, "dist_param.data__A_mu_ce9901.params.mu": 0.5696594369777507, "dist_param.data__A_sd_ce0209.params.sd": 0.11013082338008894, "dist_param.data__A_sd_ce9901.params.sd": 0.35681962788655874, "esti_obj.main_obj": 4.974049686021204, "esti_obj.subsets_main.agg_prob_for": 1.910613966423469, "esti_obj.subsets_main.agg_prob_inf": 1.0626326422124837, "esti_obj.subsets_main.agg_prob_jnt": 1.1501521718630934, "esti_obj.subsets_main.agg_prob_none": 0.8506509055221576, "esti_obj.subsets_other.agg_prob": 0.5516076093997457, "esti_obj.subsets_other.agg_prob_brr": 0.25310145270666495, "esti_obj.subsets_other.agg_prob_sav": 0.2062754185673259, "esti_obj.subsets_other.mean_KYC": 0.8234190317344472, "esti_obj.subsets_other.mean_fbfs": 0.0, "esti_obj.subsets_other.mean_ibil": 0.0, "index": 19.0, "model_option.choice_names_use": "['ib', 'is', 'fb2', 'fs', 'ibfb2', 'fbis2', 'none']", "model_option.choice_set_list": "[0, 1, 102, 3, 104, 105, 6]", "predict": 1.0, "support_arg.param_combo_list_ctr_str": "_c3654", "y_opti_grid_allJ_agg": 2.3765718452894284}