{"esti_obj.main_allperiods_obj": 10.27346903928448, "ktp_opti_grid_allJ_agg": 4.7524870148125355, "ib_probJ_opti_grid_j_agg": 0.1919494346433255, "is_probJ_opti_grid_j_agg": 0.05649801479474105, "fb2_probJ_opti_grid_j_agg": 0.15721963706297315, "fs_probJ_opti_grid_j_agg": 0.18369518082750452, "ibfb2_probJ_opti_grid_j_agg": 0.14665843797736747, "fbis2_probJ_opti_grid_j_agg": 0.043142569573997286, "none_probJ_opti_grid_j_agg": 0.2208367251201376, "period_dictkey": "ce9901", "data_model": "model", "level_0": 16, "btp_fb_opti_grid_allJ_agg": -0.33994619550628, "btp_fs_opti_grid_allJ_agg": 0.2624579276004484, "btp_ib_opti_grid_allJ_agg": -0.48425741599174965, "btp_il_opti_grid_allJ_agg": 0.2468842256500273, "consumption_opti_grid_allJ_agg": 2.135826103033562, "dist_param.data__A_mu_ce0209.params.mu": 0.6462715327481242, "dist_param.data__A_mu_ce9901.params.mu": 0.3722573090572391, "dist_param.data__A_sd_ce0209.params.sd": 0.6459798215193332, "dist_param.data__A_sd_ce9901.params.sd": 0.14837176621454945, "esti_obj.main_obj": 4.338454759404549, "esti_obj.subsets_main.agg_prob_for": 1.6865381303881415, "esti_obj.subsets_main.agg_prob_inf": 1.0692034273582713, "esti_obj.subsets_main.agg_prob_jnt": 1.0026287576155881, "esti_obj.subsets_main.agg_prob_none": 0.5800844440425477, "esti_obj.subsets_other.agg_prob": 0.499496913978816, "esti_obj.subsets_other.agg_prob_brr": 0.25438823555771983, "esti_obj.subsets_other.agg_prob_sav": 0.16894540354123383, "esti_obj.subsets_other.mean_KYC": 0.6149095651623366, "esti_obj.subsets_other.mean_fbfs": 0.0, "esti_obj.subsets_other.mean_ibil": 0.0, "index": 16.0, "model_option.choice_names_use": "['ib', 'is', 'fb2', 'fs', 'ibfb2', 'fbis2', 'none']", "model_option.choice_set_list": "[0, 1, 102, 3, 104, 105, 6]", "predict": 1.0, "support_arg.param_combo_list_ctr_str": "_c3885", "y_opti_grid_allJ_agg": 2.21792386638535}