{"esti_obj.main_allperiods_obj": 10.136134123733974, "ktp_opti_grid_allJ_agg": 5.338350643017755, "ib_probJ_opti_grid_j_agg": 0.18412696959758443, "is_probJ_opti_grid_j_agg": 0.0662309427900191, "fb2_probJ_opti_grid_j_agg": 0.15774098053313979, "fs_probJ_opti_grid_j_agg": 0.17935867821546597, "ibfb2_probJ_opti_grid_j_agg": 0.14900809313876617, "fbis2_probJ_opti_grid_j_agg": 0.053261790642142405, "none_probJ_opti_grid_j_agg": 0.2102725450829185, "period_dictkey": "ce9901", "data_model": "model", "level_0": 10, "btp_fb_opti_grid_allJ_agg": -0.409751825666434, "btp_fs_opti_grid_allJ_agg": 0.26413373798137835, "btp_ib_opti_grid_allJ_agg": -0.48452277330442883, "btp_il_opti_grid_allJ_agg": 0.30015533410790424, "consumption_opti_grid_allJ_agg": 2.71661299511142, "dist_param.data__A_mu_ce0209.params.mu": 0.5943699403772621, "dist_param.data__A_mu_ce9901.params.mu": 0.5026874558583881, "dist_param.data__A_sd_ce0209.params.sd": 0.21905592146555736, "dist_param.data__A_sd_ce9901.params.sd": 0.24367788755467887, "esti_obj.main_obj": 4.627215497885721, "esti_obj.subsets_main.agg_prob_for": 1.7832923832225758, "esti_obj.subsets_main.agg_prob_inf": 0.9800059742687883, "esti_obj.subsets_main.agg_prob_jnt": 1.1117519967549163, "esti_obj.subsets_main.agg_prob_none": 0.7521651436394399, "esti_obj.subsets_other.agg_prob": 0.5282555923369878, "esti_obj.subsets_other.agg_prob_brr": 0.2483940822032108, "esti_obj.subsets_other.agg_prob_sav": 0.19313405521669552, "esti_obj.subsets_other.mean_KYC": 0.7242787311383917, "esti_obj.subsets_other.mean_fbfs": 0.0, "esti_obj.subsets_other.mean_ibil": 0.0, "index": 10.0, "model_option.choice_names_use": "['ib', 'is', 'fb2', 'fs', 'ibfb2', 'fbis2', 'none']", "model_option.choice_set_list": "[0, 1, 102, 3, 104, 105, 6]", "predict": 1.0, "support_arg.param_combo_list_ctr_str": "_c5612", "y_opti_grid_allJ_agg": 2.303162720809861}