{"esti_obj.main_allperiods_obj": 9.90365404965302, "ktp_opti_grid_allJ_agg": 5.261600440439016, "ib_probJ_opti_grid_j_agg": 0.18493745124859676, "is_probJ_opti_grid_j_agg": 0.06522527105030661, "fb2_probJ_opti_grid_j_agg": 0.1576319793472079, "fs_probJ_opti_grid_j_agg": 0.17970555616093362, "ibfb2_probJ_opti_grid_j_agg": 0.1489434602861787, "fbis2_probJ_opti_grid_j_agg": 0.052234277457162775, "none_probJ_opti_grid_j_agg": 0.21132200444965604, "period_dictkey": "ce9901", "data_model": "model", "level_0": 2, "btp_fb_opti_grid_allJ_agg": -0.3988145930270613, "btp_fs_opti_grid_allJ_agg": 0.26468343371385755, "btp_ib_opti_grid_allJ_agg": -0.4755594953443574, "btp_il_opti_grid_allJ_agg": 0.29480655057583705, "consumption_opti_grid_allJ_agg": 2.6549457287295444, "dist_param.data__A_mu_ce0209.params.mu": 0.49845603376642844, "dist_param.data__A_mu_ce9901.params.mu": 0.48898104400940656, "dist_param.data__A_sd_ce0209.params.sd": 0.10457058985108214, "dist_param.data__A_sd_ce9901.params.sd": 0.24093362523909911, "esti_obj.main_obj": 4.601201414017805, "esti_obj.subsets_main.agg_prob_for": 1.7761843012169474, "esti_obj.subsets_main.agg_prob_inf": 0.9878189565152867, "esti_obj.subsets_main.agg_prob_jnt": 1.1031262641330948, "esti_obj.subsets_main.agg_prob_none": 0.7340718921524757, "esti_obj.subsets_other.agg_prob": 0.5256809200844472, "esti_obj.subsets_other.agg_prob_brr": 0.24924893218756755, "esti_obj.subsets_other.agg_prob_sav": 0.19075399234653578, "esti_obj.subsets_other.mean_KYC": 0.7109093681579629, "esti_obj.subsets_other.mean_fbfs": 0.0, "esti_obj.subsets_other.mean_ibil": 0.0, "index": 2.0, "model_option.choice_names_use": "['ib', 'is', 'fb2', 'fs', 'ibfb2', 'fbis2', 'none']", "model_option.choice_set_list": "[0, 1, 102, 3, 104, 105, 6]", "predict": 1.0, "support_arg.param_combo_list_ctr_str": "_c3326", "y_opti_grid_allJ_agg": 2.2920751601695635}