{"esti_obj.main_allperiods_obj": 10.068771312999502, "ktp_opti_grid_allJ_agg": 4.175131839688851, "ib_probJ_opti_grid_j_agg": 0.2135120094456383, "is_probJ_opti_grid_j_agg": 0.04493718845295698, "fb2_probJ_opti_grid_j_agg": 0.15110972889608396, "fs_probJ_opti_grid_j_agg": 0.1807668379806416, "ibfb2_probJ_opti_grid_j_agg": 0.14661908898081857, "fbis2_probJ_opti_grid_j_agg": 0.033267559530236704, "none_probJ_opti_grid_j_agg": 0.22978758671376956, "period_dictkey": "ce9901", "data_model": "model", "level_0": 6, "btp_fb_opti_grid_allJ_agg": -0.27310869334321064, "btp_fs_opti_grid_allJ_agg": 0.2452651915552638, "btp_ib_opti_grid_allJ_agg": -0.38476987888259556, "btp_il_opti_grid_allJ_agg": 0.18014754380151388, "consumption_opti_grid_allJ_agg": 1.7500147457587352, "dist_param.data__A_mu_ce0209.params.mu": 0.4651556946215304, "dist_param.data__A_mu_ce9901.params.mu": 0.22667324284417156, "dist_param.data__A_sd_ce0209.params.sd": 0.10340076343281807, "dist_param.data__A_sd_ce9901.params.sd": 0.23553911716117243, "esti_obj.main_obj": 4.740419205357468, "esti_obj.subsets_main.agg_prob_for": 1.8298513666866456, "esti_obj.subsets_main.agg_prob_inf": 1.4988288038396047, "esti_obj.subsets_main.agg_prob_jnt": 0.9599881848553131, "esti_obj.subsets_main.agg_prob_none": 0.45175084997590437, "esti_obj.subsets_other.agg_prob": 0.49967169281915536, "esti_obj.subsets_other.agg_prob_brr": 0.28202136953037293, "esti_obj.subsets_other.agg_prob_sav": 0.15043791000255205, "esti_obj.subsets_other.mean_KYC": 0.48350282268794753, "esti_obj.subsets_other.mean_fbfs": 0.0, "esti_obj.subsets_other.mean_ibil": 0.0, "index": 6.0, "model_option.choice_names_use": "['ib', 'is', 'fb2', 'fs', 'ibfb2', 'fbis2', 'none']", "model_option.choice_set_list": "[0, 1, 102, 3, 104, 105, 6]", "predict": 1.0, "support_arg.param_combo_list_ctr_str": "_c5607", "y_opti_grid_allJ_agg": 2.113502219472601}