{"esti_obj.main_allperiods_obj": 11.210317495680435, "ktp_opti_grid_allJ_agg": 6.23172026669701, "ib_probJ_opti_grid_j_agg": 0.1896833441239158, "is_probJ_opti_grid_j_agg": 0.07151439427589483, "fb2_probJ_opti_grid_j_agg": 0.15486951387120823, "fs_probJ_opti_grid_j_agg": 0.17266342182110034, "ibfb2_probJ_opti_grid_j_agg": 0.14961999959175684, "fbis2_probJ_opti_grid_j_agg": 0.06001583682234053, "none_probJ_opti_grid_j_agg": 0.20163348949383542, "period_dictkey": "ne0209", "data_model": "model", "level_0": 35, "btp_fb_opti_grid_allJ_agg": -0.5446759487181436, "btp_fs_opti_grid_allJ_agg": 0.20369827416066122, "btp_ib_opti_grid_allJ_agg": -0.6386715684635758, "btp_il_opti_grid_allJ_agg": 0.3056991267258754, "consumption_opti_grid_allJ_agg": 3.3739219066760953, "dist_param.data__A_mu_ne0209.params.mu": 0.5900663939611414, "dist_param.data__A_mu_ne9901.params.mu": 0.34012166311713743, "dist_param.data__A_sd_ne0209.params.sd": 0.3729508169080954, "dist_param.data__A_sd_ne9901.params.sd": 0.7544998643483658, "esti_obj.main_obj": 8.84277696532906, "esti_obj.subsets_main.agg_prob_for": 1.9327147406466711, "esti_obj.subsets_main.agg_prob_inf": 1.680993431627675, "esti_obj.subsets_main.agg_prob_jnt": 3.108157466839606, "esti_obj.subsets_main.agg_prob_none": 2.120911326215107, "esti_obj.subsets_other.agg_prob": 0.6569892994294408, "esti_obj.subsets_other.agg_prob_brr": 0.43819383066095074, "esti_obj.subsets_other.agg_prob_sav": 0.07316197927465462, "esti_obj.subsets_other.mean_KYC": 1.0269761762934195, "esti_obj.subsets_other.mean_fbfs": 0.0, "esti_obj.subsets_other.mean_ibil": 0.0, "index": 35.0, "model_option.choice_names_use": "['ib', 'is', 'fb2', 'fs', 'ibfb2', 'fbis2', 'none']", "model_option.choice_set_list": "[0, 1, 102, 3, 104, 105, 6]", "predict": 1.0, "support_arg.param_combo_list_ctr_str": "_c4838", "y_opti_grid_allJ_agg": 2.407647573539684}