{"esti_obj.main_allperiods_obj": 10.795028063026734, "ktp_opti_grid_allJ_agg": 5.845620764274832, "ib_probJ_opti_grid_j_agg": 0.17668018193925306, "is_probJ_opti_grid_j_agg": 0.07491030258792379, "fb2_probJ_opti_grid_j_agg": 0.1588570224282115, "fs_probJ_opti_grid_j_agg": 0.17652378379700687, "ibfb2_probJ_opti_grid_j_agg": 0.14915792508283718, "fbis2_probJ_opti_grid_j_agg": 0.06143596647000504, "none_probJ_opti_grid_j_agg": 0.20243481769475188, "period_dictkey": "ne0209", "data_model": "model", "level_0": 25, "btp_fb_opti_grid_allJ_agg": -0.47402519087523287, "btp_fs_opti_grid_allJ_agg": 0.2435629464049081, "btp_ib_opti_grid_allJ_agg": -0.5366492419264215, "btp_il_opti_grid_allJ_agg": 0.35364908051660177, "consumption_opti_grid_allJ_agg": 3.082641639667517, "dist_param.data__A_mu_ne0209.params.mu": 0.6062805054068966, "dist_param.data__A_mu_ne9901.params.mu": 0.367078515047227, "dist_param.data__A_sd_ne0209.params.sd": 0.14471636347131123, "dist_param.data__A_sd_ne9901.params.sd": 0.6311092939143989, "esti_obj.main_obj": 8.49933136103142, "esti_obj.subsets_main.agg_prob_for": 1.8532467349245116, "esti_obj.subsets_main.agg_prob_inf": 1.3822887909817956, "esti_obj.subsets_main.agg_prob_jnt": 3.1194802517955904, "esti_obj.subsets_main.agg_prob_none": 2.1443155833295218, "esti_obj.subsets_other.agg_prob": 0.6470981720378818, "esti_obj.subsets_other.agg_prob_brr": 0.42166523442820436, "esti_obj.subsets_other.agg_prob_sav": 0.0789981199149256, "esti_obj.subsets_other.mean_KYC": 0.9788540192841362, "esti_obj.subsets_other.mean_fbfs": 0.0, "esti_obj.subsets_other.mean_ibil": 0.0, "index": 25.0, "model_option.choice_names_use": "['ib', 'is', 'fb2', 'fs', 'ibfb2', 'fbis2', 'none']", "model_option.choice_set_list": "[0, 1, 102, 3, 104, 105, 6]", "predict": 1.0, "support_arg.param_combo_list_ctr_str": "_c4787", "y_opti_grid_allJ_agg": 2.3803152524661457}