{"esti_obj.main_allperiods_obj": 10.912101355491918, "ktp_opti_grid_allJ_agg": 5.7547632800100015, "ib_probJ_opti_grid_j_agg": 0.18581143198122635, "is_probJ_opti_grid_j_agg": 0.07070274863696616, "fb2_probJ_opti_grid_j_agg": 0.15647610657142155, "fs_probJ_opti_grid_j_agg": 0.17542053040927247, "ibfb2_probJ_opti_grid_j_agg": 0.14899255401555458, "fbis2_probJ_opti_grid_j_agg": 0.057943623589891025, "none_probJ_opti_grid_j_agg": 0.2046530047956701, "period_dictkey": "ne0209", "data_model": "model", "level_0": 27, "btp_fb_opti_grid_allJ_agg": -0.47264416964877326, "btp_fs_opti_grid_allJ_agg": 0.239580388357992, "btp_ib_opti_grid_allJ_agg": -0.551671995022033, "btp_il_opti_grid_allJ_agg": 0.3172752775478321, "consumption_opti_grid_allJ_agg": 2.9949025136266223, "dist_param.data__A_mu_ne0209.params.mu": 0.5604564953453893, "dist_param.data__A_mu_ne9901.params.mu": 0.5391352323739197, "dist_param.data__A_sd_ne0209.params.sd": 0.2527544405664025, "dist_param.data__A_sd_ne9901.params.sd": 0.7059039178169272, "esti_obj.main_obj": 8.83621191898947, "esti_obj.subsets_main.agg_prob_for": 1.9083244090800562, "esti_obj.subsets_main.agg_prob_inf": 1.5800279987641175, "esti_obj.subsets_main.agg_prob_jnt": 3.138087927667145, "esti_obj.subsets_main.agg_prob_none": 2.2097715834781524, "esti_obj.subsets_other.agg_prob": 0.6591754316462679, "esti_obj.subsets_other.agg_prob_brr": 0.43334277139425015, "esti_obj.subsets_other.agg_prob_sav": 0.07717965545634758, "esti_obj.subsets_other.mean_KYC": 0.9671818960270608, "esti_obj.subsets_other.mean_fbfs": 0.0, "esti_obj.subsets_other.mean_ibil": 0.0, "index": 27.0, "model_option.choice_names_use": "['ib', 'is', 'fb2', 'fs', 'ibfb2', 'fbis2', 'none']", "model_option.choice_set_list": "[0, 1, 102, 3, 104, 105, 6]", "predict": 1.0, "support_arg.param_combo_list_ctr_str": "_c5975", "y_opti_grid_allJ_agg": 2.3567542421263994}