{"esti_obj.main_allperiods_obj": 11.1511059027411, "ktp_opti_grid_allJ_agg": 6.823526880312743, "ib_probJ_opti_grid_j_agg": 0.19690908419962366, "is_probJ_opti_grid_j_agg": 0.07207596150080363, "fb2_probJ_opti_grid_j_agg": 0.15176190681767499, "fs_probJ_opti_grid_j_agg": 0.16826749638112617, "ibfb2_probJ_opti_grid_j_agg": 0.1495407526609167, "fbis2_probJ_opti_grid_j_agg": 0.0621508592005386, "none_probJ_opti_grid_j_agg": 0.1992939392393731, "period_dictkey": "ne0209", "data_model": "model", "level_0": 31, "btp_fb_opti_grid_allJ_agg": -0.6352626291212837, "btp_fs_opti_grid_allJ_agg": 0.1754430020424933, "btp_ib_opti_grid_allJ_agg": -0.7172227399901856, "btp_il_opti_grid_allJ_agg": 0.29023814528604575, "consumption_opti_grid_allJ_agg": 3.9313666897898654, "dist_param.data__A_mu_ne0209.params.mu": 0.6244778363349462, "dist_param.data__A_mu_ne9901.params.mu": 0.6175951435266352, "dist_param.data__A_sd_ne0209.params.sd": 0.5116471855526232, "dist_param.data__A_sd_ne9901.params.sd": 0.6863095687530798, "esti_obj.main_obj": 9.021207852072578, "esti_obj.subsets_main.agg_prob_for": 1.9908821758342152, "esti_obj.subsets_main.agg_prob_inf": 1.8732960998767718, "esti_obj.subsets_main.agg_prob_jnt": 3.1037142740878756, "esti_obj.subsets_main.agg_prob_none": 2.053315302273715, "esti_obj.subsets_other.agg_prob": 0.6590929626417963, "esti_obj.subsets_other.agg_prob_brr": 0.44860642472103196, "esti_obj.subsets_other.agg_prob_sav": 0.06719259868139119, "esti_obj.subsets_other.mean_KYC": 1.0966456675144374, "esti_obj.subsets_other.mean_fbfs": 0.0, "esti_obj.subsets_other.mean_ibil": 0.0, "index": 31.0, "model_option.choice_names_use": "['ib', 'is', 'fb2', 'fs', 'ibfb2', 'fbis2', 'none']", "model_option.choice_set_list": "[0, 1, 102, 3, 104, 105, 6]", "predict": 1.0, "support_arg.param_combo_list_ctr_str": "_c5095", "y_opti_grid_allJ_agg": 2.4575488519559388}