{"esti_obj.main_allperiods_obj": 10.665857101554494, "ktp_opti_grid_allJ_agg": 6.023042308051469, "ib_probJ_opti_grid_j_agg": 0.18216371041880408, "is_probJ_opti_grid_j_agg": 0.07337832969049424, "fb2_probJ_opti_grid_j_agg": 0.15723344823835245, "fs_probJ_opti_grid_j_agg": 0.1749212382548939, "ibfb2_probJ_opti_grid_j_agg": 0.1495555305965972, "fbis2_probJ_opti_grid_j_agg": 0.06076599162857219, "none_probJ_opti_grid_j_agg": 0.20198175117230482, "period_dictkey": "ne0209", "data_model": "model", "level_0": 23, "btp_fb_opti_grid_allJ_agg": -0.5077678622425753, "btp_fs_opti_grid_allJ_agg": 0.22477581838576244, "btp_ib_opti_grid_allJ_agg": -0.5923906191721429, "btp_il_opti_grid_allJ_agg": 0.3294275762643698, "consumption_opti_grid_allJ_agg": 3.18809587246639, "dist_param.data__A_mu_ne0209.params.mu": 0.5986606740030448, "dist_param.data__A_mu_ne9901.params.mu": 0.5743147763422328, "dist_param.data__A_sd_ne0209.params.sd": 0.254502760896377, "dist_param.data__A_sd_ne9901.params.sd": 0.7271294639272913, "esti_obj.main_obj": 8.626851497216663, "esti_obj.subsets_main.agg_prob_for": 1.8846450147933298, "esti_obj.subsets_main.agg_prob_inf": 1.5033620260112635, "esti_obj.subsets_main.agg_prob_jnt": 3.1077772888787982, "esti_obj.subsets_main.agg_prob_none": 2.1310671675332724, "esti_obj.subsets_other.agg_prob": 0.6508900590729751, "esti_obj.subsets_other.agg_prob_brr": 0.4283747315838544, "esti_obj.subsets_other.agg_prob_sav": 0.07653357631681593, "esti_obj.subsets_other.mean_KYC": 1.0012545016192773, "esti_obj.subsets_other.mean_fbfs": 0.0, "esti_obj.subsets_other.mean_ibil": 0.0, "index": 23.0, "model_option.choice_names_use": "['ib', 'is', 'fb2', 'fs', 'ibfb2', 'fbis2', 'none']", "model_option.choice_set_list": "[0, 1, 102, 3, 104, 105, 6]", "predict": 1.0, "support_arg.param_combo_list_ctr_str": "_c5013", "y_opti_grid_allJ_agg": 2.3952523190264277}