{"esti_obj.main_allperiods_obj": 11.008537082792722, "ktp_opti_grid_allJ_agg": 5.724820062545277, "ib_probJ_opti_grid_j_agg": 0.28049578779803985, "is_probJ_opti_grid_j_agg": 0.05359176574652567, "fb2_probJ_opti_grid_j_agg": 0.12745341033063956, "fs_probJ_opti_grid_j_agg": 0.14736628743191063, "ibfb2_probJ_opti_grid_j_agg": 0.13407583473997609, "fbis2_probJ_opti_grid_j_agg": 0.045794551213217245, "none_probJ_opti_grid_j_agg": 0.21122236273962122, "period_dictkey": "ne9901", "data_model": "model", "level_0": 9, "btp_fb_opti_grid_allJ_agg": -0.5201440960850325, "btp_fs_opti_grid_allJ_agg": 0.1539361553083921, "btp_ib_opti_grid_allJ_agg": -0.8056434151533907, "btp_il_opti_grid_allJ_agg": 0.21343851969640296, "consumption_opti_grid_allJ_agg": 3.068336658996598, "dist_param.data__A_mu_ne0209.params.mu": 0.604579480248565, "dist_param.data__A_mu_ne9901.params.mu": 0.3098130721994151, "dist_param.data__A_sd_ne0209.params.sd": 0.23182189058872396, "dist_param.data__A_sd_ne9901.params.sd": 0.7365820301444624, "esti_obj.main_obj": 2.4340160310869616, "esti_obj.subsets_main.agg_prob_for": 0.7751658556287374, "esti_obj.subsets_main.agg_prob_inf": 0.1199223224739965, "esti_obj.subsets_main.agg_prob_jnt": 1.2228324457816728, "esti_obj.subsets_main.agg_prob_none": 0.3160954072025549, "esti_obj.subsets_other.agg_prob": 0.3451688759392132, "esti_obj.subsets_other.agg_prob_brr": 0.1589665427274242, "esti_obj.subsets_other.agg_prob_sav": 0.12997997047216772, "esti_obj.subsets_other.mean_KYC": 1.0214964589445816, "esti_obj.subsets_other.mean_fbfs": 0.0, "esti_obj.subsets_other.mean_ibil": 0.0, "index": 9.0, "model_option.choice_names_use": "['ib', 'is', 'fb2', 'fs', 'ibfb2', 'fbis2', 'none']", "model_option.choice_set_list": "[0, 1, 102, 3, 104, 105, 6]", "predict": 1.0, "support_arg.param_combo_list_ctr_str": "_c3258", "y_opti_grid_allJ_agg": 2.2417485936362596}