{"esti_obj.main_allperiods_obj": 11.1511059027411, "ktp_opti_grid_allJ_agg": 7.14281855462642, "ib_probJ_opti_grid_j_agg": 0.20536285555785705, "is_probJ_opti_grid_j_agg": 0.06992784481707366, "fb2_probJ_opti_grid_j_agg": 0.14625206708366106, "fs_probJ_opti_grid_j_agg": 0.16172742761822598, "ibfb2_probJ_opti_grid_j_agg": 0.15583623819144782, "fbis2_probJ_opti_grid_j_agg": 0.061733988778370545, "none_probJ_opti_grid_j_agg": 0.19915957795350755, "period_dictkey": "ne9901", "data_model": "model", "level_0": 11, "btp_fb_opti_grid_allJ_agg": -0.6956528625330831, "btp_fs_opti_grid_allJ_agg": 0.1409153571177807, "btp_ib_opti_grid_allJ_agg": -0.5349780437215941, "btp_il_opti_grid_allJ_agg": 0.22648476790756175, "consumption_opti_grid_allJ_agg": 4.522872302596779, "dist_param.data__A_mu_ne0209.params.mu": 0.6244778363349462, "dist_param.data__A_mu_ne9901.params.mu": 0.6175951435266352, "dist_param.data__A_sd_ne0209.params.sd": 0.5116471855526232, "dist_param.data__A_sd_ne9901.params.sd": 0.6863095687530798, "esti_obj.main_obj": 2.1298980506685217, "esti_obj.subsets_main.agg_prob_for": 0.99531109546612, "esti_obj.subsets_main.agg_prob_inf": 0.19924798703191565, "esti_obj.subsets_main.agg_prob_jnt": 0.7403321356672949, "esti_obj.subsets_main.agg_prob_none": 0.19500683250319106, "esti_obj.subsets_other.agg_prob": 0.2887740111433234, "esti_obj.subsets_other.agg_prob_brr": 0.13254883916703405, "esti_obj.subsets_other.agg_prob_sav": 0.11206559402278177, "esti_obj.subsets_other.mean_KYC": 1.1823513177802125, "esti_obj.subsets_other.mean_fbfs": 0.0, "esti_obj.subsets_other.mean_ibil": 0.0, "index": 11.0, "model_option.choice_names_use": "['ib', 'is', 'fb2', 'fs', 'ibfb2', 'fbis2', 'none']", "model_option.choice_set_list": "[0, 1, 102, 3, 104, 105, 6]", "predict": 1.0, "support_arg.param_combo_list_ctr_str": "_c5095", "y_opti_grid_allJ_agg": 2.4351154827102306}