{"esti_obj.main_allperiods_obj": 10.912101355491918, "ktp_opti_grid_allJ_agg": 6.829028145584168, "ib_probJ_opti_grid_j_agg": 0.2281597929911745, "is_probJ_opti_grid_j_agg": 0.06560679843799605, "fb2_probJ_opti_grid_j_agg": 0.14112965297852356, "fs_probJ_opti_grid_j_agg": 0.1570891673856075, "ibfb2_probJ_opti_grid_j_agg": 0.14808424745807386, "fbis2_probJ_opti_grid_j_agg": 0.05747277028702266, "none_probJ_opti_grid_j_agg": 0.20245757046170001, "period_dictkey": "ne9901", "data_model": "model", "level_0": 7, "btp_fb_opti_grid_allJ_agg": -0.657353513750095, "btp_fs_opti_grid_allJ_agg": 0.15088513579836715, "btp_ib_opti_grid_allJ_agg": -0.7024032264922155, "btp_il_opti_grid_allJ_agg": 0.23150084009325164, "consumption_opti_grid_allJ_agg": 4.119943267037376, "dist_param.data__A_mu_ne0209.params.mu": 0.5604564953453893, "dist_param.data__A_mu_ne9901.params.mu": 0.5391352323739197, "dist_param.data__A_sd_ne0209.params.sd": 0.2527544405664025, "dist_param.data__A_sd_ne9901.params.sd": 0.7059039178169272, "esti_obj.main_obj": 2.075889436502448, "esti_obj.subsets_main.agg_prob_for": 0.9103892116326542, "esti_obj.subsets_main.agg_prob_inf": 0.04962948621527443, "esti_obj.subsets_main.agg_prob_jnt": 0.8906486392417974, "esti_obj.subsets_main.agg_prob_none": 0.2252220994127222, "esti_obj.subsets_other.agg_prob": 0.2860934756945169, "esti_obj.subsets_other.agg_prob_brr": 0.12262630657222806, "esti_obj.subsets_other.agg_prob_sav": 0.11600959866058878, "esti_obj.subsets_other.mean_KYC": 1.1486979744023413, "esti_obj.subsets_other.mean_fbfs": 0.0, "esti_obj.subsets_other.mean_ibil": 0.0, "index": 7.0, "model_option.choice_names_use": "['ib', 'is', 'fb2', 'fs', 'ibfb2', 'fbis2', 'none']", "model_option.choice_set_list": "[0, 1, 102, 3, 104, 105, 6]", "predict": 1.0, "support_arg.param_combo_list_ctr_str": "_c5975", "y_opti_grid_allJ_agg": 2.3960844957140175}