{"esti_obj.main_allperiods_obj": 10.743412974226512, "ktp_opti_grid_allJ_agg": 5.438072890122008, "ib_probJ_opti_grid_j_agg": 0.2600376974404407, "is_probJ_opti_grid_j_agg": 0.05394055388437522, "fb2_probJ_opti_grid_j_agg": 0.1342658222905167, "fs_probJ_opti_grid_j_agg": 0.15404590818410568, "ibfb2_probJ_opti_grid_j_agg": 0.13952718113045381, "fbis2_probJ_opti_grid_j_agg": 0.04525726661022753, "none_probJ_opti_grid_j_agg": 0.21292557045997673, "period_dictkey": "ne9901", "data_model": "model", "level_0": 4, "btp_fb_opti_grid_allJ_agg": -0.47791630415030895, "btp_fs_opti_grid_allJ_agg": 0.1716990544698358, "btp_ib_opti_grid_allJ_agg": -0.7067966130779197, "btp_il_opti_grid_allJ_agg": 0.2288292081308581, "consumption_opti_grid_allJ_agg": 2.8317227822534425, "dist_param.data__A_mu_ne0209.params.mu": 0.6284180546769121, "dist_param.data__A_mu_ne9901.params.mu": 0.3303056512071566, "dist_param.data__A_sd_ne0209.params.sd": 0.11881183833727224, "dist_param.data__A_sd_ne9901.params.sd": 0.6327596294357923, "esti_obj.main_obj": 2.3526455790818934, "esti_obj.subsets_main.agg_prob_for": 0.8689545206211448, "esti_obj.subsets_main.agg_prob_inf": 0.03586611794464857, "esti_obj.subsets_main.agg_prob_jnt": 1.1122877692047268, "esti_obj.subsets_main.agg_prob_none": 0.33553717131137284, "esti_obj.subsets_other.agg_prob": 0.3210183521689498, "esti_obj.subsets_other.agg_prob_brr": 0.12624469401947017, "esti_obj.subsets_other.agg_prob_sav": 0.13684808768950293, "esti_obj.subsets_other.mean_KYC": 0.9857830504378243, "esti_obj.subsets_other.mean_fbfs": 0.0, "esti_obj.subsets_other.mean_ibil": 0.0, "index": 4.0, "model_option.choice_names_use": "['ib', 'is', 'fb2', 'fs', 'ibfb2', 'fbis2', 'none']", "model_option.choice_set_list": "[0, 1, 102, 3, 104, 105, 6]", "predict": 1.0, "support_arg.param_combo_list_ctr_str": "_c3660", "y_opti_grid_allJ_agg": 2.2307653641508636}