{"esti_obj.main_allperiods_obj": 10.625183736815943, "ktp_opti_grid_allJ_agg": 5.362025178967066, "ib_probJ_opti_grid_j_agg": 0.2688683006872261, "is_probJ_opti_grid_j_agg": 0.050496000640109444, "fb2_probJ_opti_grid_j_agg": 0.1257388325511934, "fs_probJ_opti_grid_j_agg": 0.15058311458751872, "ibfb2_probJ_opti_grid_j_agg": 0.153369763105639, "fbis2_probJ_opti_grid_j_agg": 0.04480782575314248, "none_probJ_opti_grid_j_agg": 0.20613616267434784, "period_dictkey": "ne9901", "data_model": "model", "level_0": 1, "btp_fb_opti_grid_allJ_agg": -0.45653966380152067, "btp_fs_opti_grid_allJ_agg": 0.08738571565255193, "btp_ib_opti_grid_allJ_agg": 0.26620314940050704, "btp_il_opti_grid_allJ_agg": 0.04925273514105857, "consumption_opti_grid_allJ_agg": 3.741765454766712, "dist_param.data__A_mu_ne0209.params.mu": 0.6286863660491432, "dist_param.data__A_mu_ne9901.params.mu": 0.23046855038713987, "dist_param.data__A_sd_ne0209.params.sd": 0.34756453444117835, "dist_param.data__A_sd_ne9901.params.sd": 0.9776649514975655, "esti_obj.main_obj": 2.0270617451439166, "esti_obj.subsets_main.agg_prob_for": 0.8388050101106892, "esti_obj.subsets_main.agg_prob_inf": 0.0736418761854189, "esti_obj.subsets_main.agg_prob_jnt": 0.8531241455420719, "esti_obj.subsets_main.agg_prob_none": 0.26149071330573653, "esti_obj.subsets_other.agg_prob": 0.31817515589900836, "esti_obj.subsets_other.agg_prob_brr": 0.12975970503039372, "esti_obj.subsets_other.agg_prob_sav": 0.1372792881942668, "esti_obj.subsets_other.mean_KYC": 0.9760923597394697, "esti_obj.subsets_other.mean_fbfs": 0.0, "esti_obj.subsets_other.mean_ibil": 0.0, "index": 1.0, "model_option.choice_names_use": "['ib', 'is', 'fb2', 'fs', 'ibfb2', 'fbis2', 'none']", "model_option.choice_set_list": "[0, 1, 102, 3, 104, 105, 6]", "predict": 1.0, "support_arg.param_combo_list_ctr_str": "_c3324", "y_opti_grid_allJ_agg": 2.096656024494898}