{"esti_obj.main_allperiods_obj": 11.842919118356512, "ktp_opti_grid_allJ_agg": 4.1583711471953935, "ktp_opti_grid_allJ_agg_var": 4.439442677375447, "ib_probJ_opti_grid_j_agg": 0.220600859776736, "is_probJ_opti_grid_j_agg": 0.046375054099974125, "fb2_probJ_opti_grid_j_agg": 0.15438752432594802, "fs_probJ_opti_grid_j_agg": 0.1808060446669805, "ibfb2_probJ_opti_grid_j_agg": 0.12954038767501286, "fbis2_probJ_opti_grid_j_agg": 0.033151174394716945, "none_probJ_opti_grid_j_agg": 0.2351389550606248, "period_dictkey": "ce9901", "data_model": "model", "level_0": 4, "P_jp_j.0.0": 0.25509385347695496, "P_jp_j.0.1": 0.04171968966750055, "P_jp_j.0.102": 0.14527878325563826, "P_jp_j.0.104": 0.1329158560756132, "P_jp_j.0.105": 0.02983458475430015, "P_jp_j.0.3": 0.16908364608919438, "P_jp_j.0.6": 0.2260735866807985, "P_jp_j.1.0": 0.19434254856869732, "P_jp_j.1.1": 0.055449088023475854, "P_jp_j.1.102": 0.16001645752601384, "P_jp_j.1.104": 0.12753837644745686, "P_jp_j.1.105": 0.040675822859083534, "P_jp_j.1.3": 0.1874759082804885, "P_jp_j.1.6": 0.2345017982947841, "P_jp_j.102.0": 0.2073102288841149, "P_jp_j.102.1": 0.04727875822423834, "P_jp_j.102.102": 0.15797234445197428, "P_jp_j.102.104": 0.1289865269869363, "P_jp_j.102.105": 0.03370959824151005, "P_jp_j.102.3": 0.18516900227529548, "P_jp_j.102.6": 0.23957354093593056, "P_jp_j.104.0": 0.25084740044841203, "P_jp_j.104.1": 0.04188813033994534, "P_jp_j.104.102": 0.14607279701425865, "P_jp_j.104.104": 0.13592313631708974, "P_jp_j.104.105": 0.030514146597648437, "P_jp_j.104.3": 0.1676055020813445, "P_jp_j.104.6": 0.22714888720130144, "P_jp_j.105.0": 0.19983106726565456, "P_jp_j.105.1": 0.05605334739737914, "P_jp_j.105.102": 0.15792705691516265, "P_jp_j.105.104": 0.1300115270156599, "P_jp_j.105.105": 0.04150827289884082, "P_jp_j.105.3": 0.1837842960146369, "P_jp_j.105.6": 0.2308844324926661, "P_jp_j.3.0": 0.199745480062946, "P_jp_j.3.1": 0.047900927734693635, "P_jp_j.3.102": 0.16031459373476925, "P_jp_j.3.104": 0.12567779754410982, "P_jp_j.3.105": 0.033734261856495903, "P_jp_j.3.3": 0.189987473909037, "P_jp_j.3.6": 0.2426394651579485, "P_jp_j.6.0": 0.20108811473070284, "P_jp_j.6.1": 0.04869042908616127, "P_jp_j.6.102": 0.15994007656520348, "P_jp_j.6.104": 0.12619015351773366, "P_jp_j.6.105": 0.034476063864313615, "P_jp_j.6.3": 0.18864670874984066, "P_jp_j.6.6": 0.2409684534860445, "btp_fb_opti_grid_allJ_agg": -0.21371701353633613, "btp_fb_opti_grid_allJ_agg_var": 0.21167612596844845, "btp_fs_opti_grid_allJ_agg": 0.16131823031700035, "btp_fs_opti_grid_allJ_agg_var": 0.35734386755791564, "btp_ib_opti_grid_allJ_agg": -0.4099915679194515, "btp_ib_opti_grid_allJ_agg_var": 0.5082989175972179, "btp_il_opti_grid_allJ_agg": 0.20761871151878175, "btp_il_opti_grid_allJ_agg_var": 1.0458411469606548, "btp_opti_grid_allJ_agg": -0.25477163962000554, "btp_opti_grid_allJ_agg_var": 2.4510449424365968, "cash_grid_centered_allJ_agg": 6.067115560449532, "cash_grid_centered_allJ_agg_var": 11.60450920932719, "combo_desc": "Angeletos quickBNF_BORR_P-0.500;BNF_SAVE_P-0.300;BNI_BORR_P-0.100;BNI_LEND_P-2.000;R_FORMAL_BORR-1.061;R_FORMAL_SAVE-1.011;R_INFORM_BORR-1.139;R_INFORM_SAVE-1.139;kappa-0.250BNF_BORR_P-0.500;BNF_SAVE_P-0.300;BNI_BORR_P-0.100;BNI_LEND_P-2.000;R_FORMAL_BORR-1.061;R_FORMAL_SAVE-1.011;R_INFORM_BORR-1.139;R_INFORM_SAVE-1.139;kappa-0.250", "consumption_opti_grid_allJ_agg": 1.7214360274447058, "consumption_opti_grid_allJ_agg_var": 1.819841855887545, "data_param.A": -0.03125, "data_param.Region": 0.0, "data_param.Region_set": "[0, 1]", "data_param.Year": 0.0, "data_param.Year_set": "[0, 1]", "data_param.len_A": 1.0, "data_param.mean_A": -0.03125, "data_param.std_A": 0.0, "dist_param.data__A.dist": "normal", "dist_param.data__A.integrate.method": "grid", "dist_param.data__A.integrate.params.points": 8.0, "dist_param.data__A.params.mu": 0.24179126393475836, "dist_param.data__A.params.sd": 0.15, "dist_param.data__A_mu_ce0209.params.mu": 0.4065944274721591, "dist_param.data__A_mu_ce9901.params.mu": 0.24179126393475836, "dist_param.data__A_mu_ne0209.dist": "normal", "dist_param.data__A_mu_ne0209.integrate.method": "grid", "dist_param.data__A_mu_ne0209.integrate.params.points": 8.0, "dist_param.data__A_mu_ne0209.params.mu": 0.24179126393475836, "dist_param.data__A_mu_ne0209.params.sd": 0.15, "dist_param.data__A_mu_ne9901.dist": "normal", "dist_param.data__A_mu_ne9901.integrate.method": "grid", "dist_param.data__A_mu_ne9901.integrate.params.points": 8.0, "dist_param.data__A_mu_ne9901.params.mu": 0.24179126393475836, "dist_param.data__A_mu_ne9901.params.sd": 0.15, "dist_param.data__A_sd_ce0209.params.sd": 0.16326597197127266, "dist_param.data__A_sd_ce9901.params.sd": 0.15, "dist_param.data__A_sd_ne0209.dist": "normal", "dist_param.data__A_sd_ne0209.integrate.method": "grid", "dist_param.data__A_sd_ne0209.integrate.params.points": 8.0, "dist_param.data__A_sd_ne0209.params.mu": 0.24179126393475836, "dist_param.data__A_sd_ne0209.params.sd": 0.15, "dist_param.data__A_sd_ne9901.dist": "normal", "dist_param.data__A_sd_ne9901.integrate.method": "grid", "dist_param.data__A_sd_ne9901.integrate.params.points": 8.0, "dist_param.data__A_sd_ne9901.params.mu": 0.24179126393475836, "dist_param.data__A_sd_ne9901.params.sd": 0.15, "dist_param.dist_param_integrate_points.combo_desc_integrate_loop": "Productivity", "dist_param.dist_param_integrate_points.file_save_suffix_integrate_loop": "_A", "dist_param.dist_param_integrate_points.param_descs": "['A=0.011673182281876388', 'A=0.10871928008192694', 'A=0.1684748022675579', 'A=0.21819466124323272', 'A=0.26538786662628394', 'A=0.31510772560195877', 'A=0.3748632477875897', 'A=0.4719093455876403']", "dist_param.dist_param_integrate_points.param_names": "['A']", "dist_param.dist_param_integrate_points.param_save_suffixs": "['0', '970', '1568', '2065', '2537', '3034', '3631', '4602']", "dist_param.dist_param_integrate_points.param_types": "['data_type']", "dist_param.dist_param_integrate_points.param_values.data_type_A": "[0.011673182281876388, 0.10871928008192694, 0.1684748022675579, 0.21819466124323272, 0.26538786662628394, 0.31510772560195877, 0.3748632477875897, 0.4719093455876403]", "dist_param.dist_param_integrate_points.param_values_keys": "['data_type_A']", "dist_param.dist_param_integrate_points.param_weights": "[0.125, 0.125, 0.125, 0.125, 0.125, 0.125, 0.125, 0.125]", "dist_param.dist_param_integrate_points.title_integrate_loop": "Productivity Loop", "esti_obj.main_obj": 5.394473437875731, "esti_obj.subsets_main.agg_prob_for": 1.7881071195267386, "esti_obj.subsets_main.agg_prob_inf": 1.6806323532092804, "esti_obj.subsets_main.agg_prob_jnt": 0.6587533705819898, "esti_obj.subsets_main.agg_prob_none": 0.3826788880991401, "esti_obj.subsets_main.equi_BI": 0.040954773007766086, "esti_obj.subsets_main.mean_K": 0.8433469334508149, "esti_obj.subsets_other.agg_prob": 0.4823349518928867, "esti_obj.subsets_other.agg_prob_brr": 0.2687537231258009, "esti_obj.subsets_other.agg_prob_sav": 0.15172018382771055, "esti_obj.subsets_other.mean_KYC": 0.4791500875757495, "esti_param.BNF_BORR_P": 0.5, "esti_param.BNF_BORR_P_ce0209": 0.5, "esti_param.BNF_BORR_P_ce9901": 0.5, "esti_param.BNF_BORR_P_ne0209": 0.5, "esti_param.BNF_BORR_P_ne9901": 0.5, "esti_param.BNF_SAVE_P": 0.3, "esti_param.BNF_SAVE_P_ce0209": 0.3, "esti_param.BNF_SAVE_P_ce9901": 0.3, "esti_param.BNF_SAVE_P_ne0209": 0.3, "esti_param.BNF_SAVE_P_ne9901": 0.3, "esti_param.BNI_BORR_P": 0.1, "esti_param.BNI_BORR_P_ce0209": 0.1, "esti_param.BNI_BORR_P_ce9901": 0.1, "esti_param.BNI_BORR_P_ne0209": 0.1, "esti_param.BNI_BORR_P_ne9901": 0.1, "esti_param.BNI_LEND_P": 2.0, "esti_param.BNI_LEND_P_ce0209": 2.0, "esti_param.BNI_LEND_P_ce9901": 2.0, "esti_param.BNI_LEND_P_ne0209": 2.0, "esti_param.BNI_LEND_P_ne9901": 2.0, "esti_param.K_DEPRECIATION": 0.15, "esti_param.R_AVG_INT": 1.1, "esti_param.R_FORMAL_BORR": 1.061, "esti_param.R_FORMAL_BORR_ce0209": 1.054, "esti_param.R_FORMAL_BORR_ce9901": 1.061, "esti_param.R_FORMAL_BORR_ne0209": 1.061,