{"esti_obj.main_allperiods_obj": 11.928464434669324, "ktp_opti_grid_allJ_agg": 4.807065386541401, "ktp_opti_grid_allJ_agg_var": 5.592994986707477, "ib_probJ_opti_grid_j_agg": 0.1971334946794005, "is_probJ_opti_grid_j_agg": 0.05461330466164651, "fb2_probJ_opti_grid_j_agg": 0.15985083383922186, "fs_probJ_opti_grid_j_agg": 0.18336650826740225, "ibfb2_probJ_opti_grid_j_agg": 0.1358153876715673, "fbis2_probJ_opti_grid_j_agg": 0.040281813405873716, "none_probJ_opti_grid_j_agg": 0.2289386574748836, "period_dictkey": "ce0209", "data_model": "model", "level_0": 4, "P_jp_j.0.0": 0.2225644565531489, "P_jp_j.0.1": 0.05070268844966982, "P_jp_j.0.102": 0.15335393144915746, "P_jp_j.0.104": 0.13869181024008362, "P_jp_j.0.105": 0.03776914797317154, "P_jp_j.0.3": 0.17428095560490542, "P_jp_j.0.6": 0.22263700972986333, "P_jp_j.1.0": 0.18215109376690464, "P_jp_j.1.1": 0.06028758805850535, "P_jp_j.1.102": 0.1626261081754526, "P_jp_j.1.104": 0.13516705405533416, "P_jp_j.1.105": 0.04519015349381369, "P_jp_j.1.3": 0.18634919765948332, "P_jp_j.1.6": 0.2282288047905061, "P_jp_j.102.0": 0.1888289351363004, "P_jp_j.102.1": 0.055306309635679764, "P_jp_j.102.102": 0.16202649536621386, "P_jp_j.102.104": 0.13526986763058518, "P_jp_j.102.105": 0.04062729985206903, "P_jp_j.102.3": 0.1862697633201958, "P_jp_j.102.6": 0.23167132905895602, "P_jp_j.104.0": 0.21911937569776851, "P_jp_j.104.1": 0.05090169217839205, "P_jp_j.104.102": 0.15431009283374664, "P_jp_j.104.104": 0.13885831432511495, "P_jp_j.104.105": 0.037966621944145344, "P_jp_j.104.3": 0.1749737535842739, "P_jp_j.104.6": 0.22387014943655845, "P_jp_j.105.0": 0.18657767352409, "P_jp_j.105.1": 0.06082912854534756, "P_jp_j.105.102": 0.1609965873504986, "P_jp_j.105.104": 0.13672824016943974, "P_jp_j.105.105": 0.045979942575688805, "P_jp_j.105.3": 0.18348728822665653, "P_jp_j.105.6": 0.2254011396082788, "P_jp_j.3.0": 0.18369158940701186, "P_jp_j.3.1": 0.055675017895888274, "P_jp_j.3.102": 0.16354729589957342, "P_jp_j.3.104": 0.13352829156591156, "P_jp_j.3.105": 0.0405355354111363, "P_jp_j.3.3": 0.18932632457499265, "P_jp_j.3.6": 0.23369594524548604, "P_jp_j.6.0": 0.18356981435960107, "P_jp_j.6.1": 0.05655115026311343, "P_jp_j.6.102": 0.16354771082431213, "P_jp_j.6.104": 0.1336795550828956, "P_jp_j.6.105": 0.04131108763324277, "P_jp_j.6.3": 0.188813303324368, "P_jp_j.6.6": 0.23252737851246705, "btp_fb_opti_grid_allJ_agg": -0.27086146525054755, "btp_fb_opti_grid_allJ_agg_var": 0.2882598755260169, "btp_fs_opti_grid_allJ_agg": 0.14360281369964278, "btp_fs_opti_grid_allJ_agg_var": 0.3576384370733216, "btp_ib_opti_grid_allJ_agg": -0.6194953980436929, "btp_ib_opti_grid_allJ_agg_var": 1.3542752464724013, "btp_il_opti_grid_allJ_agg": 0.21366964738508776, "btp_il_opti_grid_allJ_agg_var": 1.0274140422197675, "btp_opti_grid_allJ_agg": -0.5330844022095099, "btp_opti_grid_allJ_agg_var": 3.427164168565424, "cash_grid_centered_allJ_agg": 6.822552266439729, "cash_grid_centered_allJ_agg_var": 14.35291948949862, "combo_desc": "Angeletos quickBNF_BORR_P-0.500;BNF_SAVE_P-0.300;BNI_BORR_P-0.100;BNI_LEND_P-2.000;R_FORMAL_BORR-1.054;R_FORMAL_SAVE-1.010;R_INFORM_BORR-1.094;R_INFORM_SAVE-1.094;kappa-0.250BNF_BORR_P-0.500;BNF_SAVE_P-0.300;BNI_BORR_P-0.100;BNI_LEND_P-2.000;R_FORMAL_BORR-1.054;R_FORMAL_SAVE-1.010;R_INFORM_BORR-1.094;R_INFORM_SAVE-1.094;kappa-0.250", "consumption_opti_grid_allJ_agg": 2.055117476188216, "consumption_opti_grid_allJ_agg_var": 2.387247035943937, "data_param.A": -0.03125, "data_param.Region": 0.0, "data_param.Region_set": "[0, 1]", "data_param.Year": 0.0, "data_param.Year_set": "[0, 1]", "data_param.len_A": 1.0, "data_param.mean_A": -0.03125, "data_param.std_A": 0.0, "dist_param.data__A.dist": "normal", "dist_param.data__A.integrate.method": "grid", "dist_param.data__A.integrate.params.points": 8.0, "dist_param.data__A.params.mu": 0.3567421360122366, "dist_param.data__A.params.sd": 0.1, "dist_param.data__A_mu_ce0209.dist": "normal", "dist_param.data__A_mu_ce0209.integrate.method": "grid", "dist_param.data__A_mu_ce0209.integrate.params.points": 8.0, "dist_param.data__A_mu_ce0209.params.mu": 0.3567421360122366, "dist_param.data__A_mu_ce0209.params.sd": 0.25, "dist_param.data__A_mu_ce9901.dist": "normal", "dist_param.data__A_mu_ce9901.integrate.method": "grid", "dist_param.data__A_mu_ce9901.integrate.params.points": 8.0, "dist_param.data__A_mu_ce9901.params.mu": 0.3186312670328013, "dist_param.data__A_mu_ce9901.params.sd": 0.25, "dist_param.data__A_mu_ne0209.dist": "normal", "dist_param.data__A_mu_ne0209.integrate.method": "grid", "dist_param.data__A_mu_ne0209.integrate.params.points": 8.0, "dist_param.data__A_mu_ne0209.params.mu": 0.3567421360122366, "dist_param.data__A_mu_ne0209.params.sd": 0.1, "dist_param.data__A_mu_ne9901.dist": "normal", "dist_param.data__A_mu_ne9901.integrate.method": "grid", "dist_param.data__A_mu_ne9901.integrate.params.points": 8.0, "dist_param.data__A_mu_ne9901.params.mu": 0.3567421360122366, "dist_param.data__A_mu_ne9901.params.sd": 0.1, "dist_param.data__A_sd_ce0209.dist": "normal", "dist_param.data__A_sd_ce0209.integrate.method": "grid", "dist_param.data__A_sd_ce0209.integrate.params.points": 8.0, "dist_param.data__A_sd_ce0209.params.mu": -0.03125, "dist_param.data__A_sd_ce0209.params.sd": 0.1, "dist_param.data__A_sd_ce9901.dist": "normal", "dist_param.data__A_sd_ce9901.integrate.method": "grid", "dist_param.data__A_sd_ce9901.integrate.params.points": 8.0, "dist_param.data__A_sd_ce9901.params.mu": -0.03125, "dist_param.data__A_sd_ce9901.params.sd": 0.1, "dist_param.data__A_sd_ne0209.dist": "normal", "dist_param.data__A_sd_ne0209.integrate.method": "grid", "dist_param.data__A_sd_ne0209.integrate.params.points": 8.0, "dist_param.data__A_sd_ne0209.params.mu": 0.3567421360122366, "dist_param.data__A_sd_ne0209.params.sd": 0.1, "dist_param.data__A_sd_ne9901.dist": "normal", "dist_param.data__A_sd_ne9901.integrate.method": "grid", "dist_param.data__A_sd_ne9901.integrate.params.points": 8.0, "dist_param.data__A_sd_ne9901.params.mu": 0.3567421360122366, "dist_param.data__A_sd_ne9901.params.sd": 0.1, "dist_param.dist_param_integrate_points.combo_desc_integrate_loop": "Productivity", "dist_param.dist_param_integrate_points.file_save_suffix_integrate_loop": "_A", "dist_param.dist_param_integrate_points.param_descs": "['A=0.20333008157698196', 'A=0.268027480110349', 'A=0.3078644949007696', 'A=0.3410110675512195', 'A=0.37247320447325366', 'A=0.40561977712370356', 'A=0.4454567919141242', 'A=0.5101541904474912']", "dist_param.dist_param_integrate_points.param_names": "['A']", "dist_param.dist_param_integrate_points.param_save_suffixs": "['0', '646', '1045', '1376', '1691', '2022', '2421', '3068']", "dist_param.dist_param_integrate_points.param_types": "['data_type']", "dist_param.dist_param_integrate_points.param_values.data_type_A": "[0.20333008157698196, 0.268027480110349, 0.3078644949007696, 0.3410110675512195, 0.37247320447325366, 0.40561977712370356, 0.4454567919141242, 0.5101541904474912]", "dist_param.dist_param_integrate_points.param_values_keys": "['data_type_A']", "dist_param.dist_param_integrate_points.param_weights": "[0.125, 0.125, 0.125, 0.125, 0.125, 0.125, 0.125, 0.125]", "dist_param.dist_param_integrate_points.title_integrate_loop": "Productivity Loop", "esti_obj.main_obj": 6.309348814474548, "esti_obj.subsets_main.agg_prob_for": 3.159680321672212, "esti_obj.subsets_main.agg_prob_inf": 1.8808330265407047, "esti_obj.subsets_main.agg_prob_jnt": 0.0056825326729091855, "esti_obj.subsets_main.agg_prob_none": 0.8269839423334204, "esti_obj.subsets_main.equi_BI": 0.16469453989762034, "esti_obj.subsets_main.mean_K": 0.2714744513576809, "esti_obj.subsets_other.agg_prob": 0.492934540443613, "esti_obj.subsets_other.agg_prob_brr": 0.2254672731686113, "esti_obj.subsets_other.agg_prob_sav": 0.17652860980011806, "esti_obj.subsets_other.mean_KYC": 0.360912767175602, "esti_param.BNF_BORR_P": 0.5, "esti_param.BNF_BORR_P_ce0209": 0.5, "esti_param.BNF_BORR_P_ce9901": 0.5, "esti_param.BNF_BORR_P_ne0209": 0.5,