{"esti_obj.main_allperiods_obj": 11.943887349762852, "ktp_opti_grid_allJ_agg": 4.410968191558283, "ktp_opti_grid_allJ_agg_var": 4.761379426930744, "ib_probJ_opti_grid_j_agg": 0.20708426061491825, "is_probJ_opti_grid_j_agg": 0.05281277287527994, "fb2_probJ_opti_grid_j_agg": 0.15765672642031436, "fs_probJ_opti_grid_j_agg": 0.18256227061287053, "ibfb2_probJ_opti_grid_j_agg": 0.1305781214622786, "fbis2_probJ_opti_grid_j_agg": 0.03856324046057237, "none_probJ_opti_grid_j_agg": 0.2307426075537603, "period_dictkey": "ce9901", "data_model": "model", "level_0": 3, "P_jp_j.0.0": 0.22856344335122425, "P_jp_j.0.1": 0.04887391511806269, "P_jp_j.0.102": 0.15222885201490244, "P_jp_j.0.104": 0.13283836529506698, "P_jp_j.0.105": 0.035626028817372216, "P_jp_j.0.3": 0.17556875656808388, "P_jp_j.0.6": 0.2263006388352876, "P_jp_j.1.0": 0.1910225004772176, "P_jp_j.1.1": 0.06013652868612704, "P_jp_j.1.102": 0.16037069940906673, "P_jp_j.1.104": 0.13012526034071462, "P_jp_j.1.105": 0.04503863180002683, "P_jp_j.1.3": 0.18520257116835925, "P_jp_j.1.6": 0.22810380811848802, "P_jp_j.102.0": 0.19973613432659307, "P_jp_j.102.1": 0.05333283369839159, "P_jp_j.102.102": 0.15966257341089415, "P_jp_j.102.104": 0.1300482295426632, "P_jp_j.102.105": 0.038850812518560235, "P_jp_j.102.3": 0.1850858911466304, "P_jp_j.102.6": 0.2332835253562673, "P_jp_j.104.0": 0.2291264955246969, "P_jp_j.104.1": 0.048749197165955216, "P_jp_j.104.102": 0.1518101311413817, "P_jp_j.104.104": 0.13521509234836696, "P_jp_j.104.105": 0.03616556641271325, "P_jp_j.104.3": 0.17296546108229452, "P_jp_j.104.6": 0.2259680563245915, "P_jp_j.105.0": 0.19529148773073268, "P_jp_j.105.1": 0.06063228647402905, "P_jp_j.105.102": 0.15873481910782572, "P_jp_j.105.104": 0.13193286118432676, "P_jp_j.105.105": 0.045763379391281916, "P_jp_j.105.3": 0.1822570351230444, "P_jp_j.105.6": 0.2253881309887596, "P_jp_j.3.0": 0.19490258543699, "P_jp_j.3.1": 0.053703519362385335, "P_jp_j.3.102": 0.16116592383340025, "P_jp_j.3.104": 0.1278876465198463, "P_jp_j.3.105": 0.038710921076597966, "P_jp_j.3.3": 0.18839367250382635, "P_jp_j.3.6": 0.23523573126695385, "P_jp_j.6.0": 0.1947996076377148, "P_jp_j.6.1": 0.05476008631729787, "P_jp_j.6.102": 0.1611194097507366, "P_jp_j.6.104": 0.12818238525841974, "P_jp_j.6.105": 0.03966039727770235, "P_jp_j.6.3": 0.1876620153201952, "P_jp_j.6.6": 0.2338160984379334, "btp_fb_opti_grid_allJ_agg": -0.2297517092418501, "btp_fb_opti_grid_allJ_agg_var": 0.23245937021338425, "btp_fs_opti_grid_allJ_agg": 0.15909071831371815, "btp_fs_opti_grid_allJ_agg_var": 0.3735431526220462, "btp_ib_opti_grid_allJ_agg": -0.4100119765975198, "btp_ib_opti_grid_allJ_agg_var": 0.5478572971173208, "btp_il_opti_grid_allJ_agg": 0.2403921931813005, "btp_il_opti_grid_allJ_agg_var": 1.235157770472837, "btp_opti_grid_allJ_agg": -0.2402807743443513, "btp_opti_grid_allJ_agg_var": 2.721684414176709, "cash_grid_centered_allJ_agg": 6.560638281552608, "cash_grid_centered_allJ_agg_var": 12.769462958111186, "combo_desc": "Angeletos quickBNF_BORR_P-0.500;BNF_SAVE_P-0.300;BNI_BORR_P-0.100;BNI_LEND_P-2.000;R_FORMAL_BORR-1.061;R_FORMAL_SAVE-1.011;R_INFORM_BORR-1.139;R_INFORM_SAVE-1.139;kappa-0.250BNF_BORR_P-0.500;BNF_SAVE_P-0.300;BNI_BORR_P-0.100;BNI_LEND_P-2.000;R_FORMAL_BORR-1.061;R_FORMAL_SAVE-1.011;R_INFORM_BORR-1.139;R_INFORM_SAVE-1.139;kappa-0.250", "consumption_opti_grid_allJ_agg": 1.9230958840703425, "consumption_opti_grid_allJ_agg_var": 2.100612220897352, "data_param.A": -0.03125, "data_param.Region": 0.0, "data_param.Region_set": "[0, 1]", "data_param.Year": 0.0, "data_param.Year_set": "[0, 1]", "data_param.len_A": 1.0, "data_param.mean_A": -0.03125, "data_param.std_A": 0.0, "dist_param.data__A.dist": "normal", "dist_param.data__A.integrate.method": "grid", "dist_param.data__A.integrate.params.points": 8.0, "dist_param.data__A.params.mu": 0.3186312670328013, "dist_param.data__A.params.sd": 0.1, "dist_param.data__A_mu_ce0209.dist": "normal", "dist_param.data__A_mu_ce0209.integrate.method": "grid", "dist_param.data__A_mu_ce0209.integrate.params.points": 8.0, "dist_param.data__A_mu_ce0209.params.mu": 0.3517421360122366, "dist_param.data__A_mu_ce0209.params.sd": 0.25, "dist_param.data__A_mu_ce9901.dist": "normal", "dist_param.data__A_mu_ce9901.integrate.method": "grid", "dist_param.data__A_mu_ce9901.integrate.params.points": 8.0, "dist_param.data__A_mu_ce9901.params.mu": 0.3186312670328013, "dist_param.data__A_mu_ce9901.params.sd": 0.25, "dist_param.data__A_mu_ne0209.dist": "normal", "dist_param.data__A_mu_ne0209.integrate.method": "grid", "dist_param.data__A_mu_ne0209.integrate.params.points": 8.0, "dist_param.data__A_mu_ne0209.params.mu": 0.3186312670328013, "dist_param.data__A_mu_ne0209.params.sd": 0.1, "dist_param.data__A_mu_ne9901.dist": "normal", "dist_param.data__A_mu_ne9901.integrate.method": "grid", "dist_param.data__A_mu_ne9901.integrate.params.points": 8.0, "dist_param.data__A_mu_ne9901.params.mu": 0.3186312670328013, "dist_param.data__A_mu_ne9901.params.sd": 0.1, "dist_param.data__A_sd_ce0209.dist": "normal", "dist_param.data__A_sd_ce0209.integrate.method": "grid", "dist_param.data__A_sd_ce0209.integrate.params.points": 8.0, "dist_param.data__A_sd_ce0209.params.mu": -0.03125, "dist_param.data__A_sd_ce0209.params.sd": 0.105, "dist_param.data__A_sd_ce9901.dist": "normal", "dist_param.data__A_sd_ce9901.integrate.method": "grid", "dist_param.data__A_sd_ce9901.integrate.params.points": 8.0, "dist_param.data__A_sd_ce9901.params.mu": -0.03125, "dist_param.data__A_sd_ce9901.params.sd": 0.1, "dist_param.data__A_sd_ne0209.dist": "normal", "dist_param.data__A_sd_ne0209.integrate.method": "grid", "dist_param.data__A_sd_ne0209.integrate.params.points": 8.0, "dist_param.data__A_sd_ne0209.params.mu": 0.3186312670328013, "dist_param.data__A_sd_ne0209.params.sd": 0.1, "dist_param.data__A_sd_ne9901.dist": "normal", "dist_param.data__A_sd_ne9901.integrate.method": "grid", "dist_param.data__A_sd_ne9901.integrate.params.points": 8.0, "dist_param.data__A_sd_ne9901.params.mu": 0.3186312670328013, "dist_param.data__A_sd_ne9901.params.sd": 0.1, "dist_param.dist_param_integrate_points.combo_desc_integrate_loop": "Productivity", "dist_param.dist_param_integrate_points.file_save_suffix_integrate_loop": "_A", "dist_param.dist_param_integrate_points.param_descs": "['A=0.16521921259754663', 'A=0.22991661113091366', 'A=0.2697536259213343', 'A=0.3029001985717842', 'A=0.33436233549381833', 'A=0.36750890814426823', 'A=0.40734592293468885', 'A=0.4720433214680559']", "dist_param.dist_param_integrate_points.param_names": "['A']", "dist_param.dist_param_integrate_points.param_save_suffixs": "['0', '646', '1045', '1376', '1691', '2022', '2421', '3068']", "dist_param.dist_param_integrate_points.param_types": "['data_type']", "dist_param.dist_param_integrate_points.param_values.data_type_A": "[0.16521921259754663, 0.22991661113091366, 0.2697536259213343, 0.3029001985717842, 0.33436233549381833, 0.36750890814426823, 0.40734592293468885, 0.4720433214680559]", "dist_param.dist_param_integrate_points.param_values_keys": "['data_type_A']", "dist_param.dist_param_integrate_points.param_weights": "[0.125, 0.125, 0.125, 0.125, 0.125, 0.125, 0.125, 0.125]", "dist_param.dist_param_integrate_points.title_integrate_loop": "Productivity Loop", "esti_obj.main_obj": 5.6191156201947745, "esti_obj.subsets_main.agg_prob_for": 1.7079871308439325, "esti_obj.subsets_main.agg_prob_inf": 1.3764809647541534, "esti_obj.subsets_main.agg_prob_jnt": 0.6957806997550188, "esti_obj.subsets_main.agg_prob_none": 0.439004205377502, "esti_obj.subsets_main.equi_BI": 0.028770870926165145, "esti_obj.subsets_main.mean_K": 1.3710917485380034, "esti_obj.subsets_other.agg_prob": 0.481076790826104, "esti_obj.subsets_other.agg_prob_brr": 0.2530056556568825, "esti_obj.subsets_other.agg_prob_sav": 0.16181374272298174, "esti_obj.subsets_other.mean_KYC": 0.541049043539096, "esti_param.BNF_BORR_P": 0.5, "esti_param.BNF_BORR_P_ce0209": 0.5, "esti_param.BNF_BORR_P_ce9901": 0.5, "esti_param.BNF_BORR_P_ne0209": 0.5,