{"esti_obj.main_allperiods_obj": 15.415139511091436, "ktp_opti_grid_allJ_agg": 5.89040125878367, "ktp_opti_grid_allJ_agg_var": 17.443944499380382, "ib_probJ_opti_grid_j_agg": 0.21520237830503414, "is_probJ_opti_grid_j_agg": 0.049544296591653166, "fb2_probJ_opti_grid_j_agg": 0.1450201198851364, "fs_probJ_opti_grid_j_agg": 0.1813293432489174, "ibfb2_probJ_opti_grid_j_agg": 0.13032366894172864, "fbis2_probJ_opti_grid_j_agg": 0.03576682422371095, "none_probJ_opti_grid_j_agg": 0.24281336880376325, "period_dictkey": "ce0209", "data_model": "model", "level_0": 2, "P_jp_j.0.0": 0.2171322778976831, "P_jp_j.0.1": 0.047476642572695904, "P_jp_j.0.102": 0.14474649673859974, "P_jp_j.0.104": 0.1298301195033063, "P_jp_j.0.105": 0.03400218177343265, "P_jp_j.0.3": 0.18115616421024489, "P_jp_j.0.6": 0.24565611730403744, "P_jp_j.1.0": 0.20280315330633195, "P_jp_j.1.1": 0.06314080689505927, "P_jp_j.1.102": 0.14662476297956736, "P_jp_j.1.104": 0.13359780561656515, "P_jp_j.1.105": 0.04689752308132981, "P_jp_j.1.3": 0.1823815874796533, "P_jp_j.1.6": 0.22455436064149312, "P_jp_j.102.0": 0.21564890423822247, "P_jp_j.102.1": 0.0487233631630415, "P_jp_j.102.102": 0.1453847132392472, "P_jp_j.102.104": 0.13060516070192826, "P_jp_j.102.105": 0.034952608573575565, "P_jp_j.102.3": 0.1815680973845788, "P_jp_j.102.6": 0.2431171526994062, "P_jp_j.104.0": 0.215853944518303, "P_jp_j.104.1": 0.04872378187885044, "P_jp_j.104.102": 0.1451192535139169, "P_jp_j.104.104": 0.13036846871719526, "P_jp_j.104.105": 0.03499162992669522, "P_jp_j.104.3": 0.18144392043893884, "P_jp_j.104.6": 0.2434990010061004, "P_jp_j.105.0": 0.20081180214145886, "P_jp_j.105.1": 0.06560888263230122, "P_jp_j.105.102": 0.14656167475990006, "P_jp_j.105.104": 0.13383976283633411, "P_jp_j.105.105": 0.04894278522481331, "P_jp_j.105.3": 0.1824842317028411, "P_jp_j.105.6": 0.22175086070235145, "P_jp_j.3.0": 0.21435993313710106, "P_jp_j.3.1": 0.050166618166181794, "P_jp_j.3.102": 0.14542113995793166, "P_jp_j.3.104": 0.13080331438277734, "P_jp_j.3.105": 0.03620868823814945, "P_jp_j.3.3": 0.18161088123529132, "P_jp_j.3.6": 0.2414294248825674, "P_jp_j.6.0": 0.21681313264372706, "P_jp_j.6.1": 0.047472048739938544, "P_jp_j.6.102": 0.145110664304023, "P_jp_j.6.104": 0.1301560736669111, "P_jp_j.6.105": 0.03397627413279165, "P_jp_j.6.3": 0.18143318525635654, "P_jp_j.6.6": 0.2450386212562521, "btp_fb_opti_grid_allJ_agg": -0.10935919961553923, "btp_fb_opti_grid_allJ_agg_var": 0.077646884469106, "btp_fs_opti_grid_allJ_agg": 0.3541476136734245, "btp_fs_opti_grid_allJ_agg_var": 2.7910350834949793, "btp_ib_opti_grid_allJ_agg": -0.037949539677852986, "btp_ib_opti_grid_allJ_agg_var": 0.025509647046892157, "btp_il_opti_grid_allJ_agg": 0.5848544758680235, "btp_il_opti_grid_allJ_agg_var": 7.394347502000103, "btp_opti_grid_allJ_agg": 0.7916933502480559, "btp_opti_grid_allJ_agg_var": 9.55651429238384, "cash_grid_centered_allJ_agg": 8.527172064040109, "cash_grid_centered_allJ_agg_var": 36.35994226991287, "combo_desc": "Angeletos quickBNF_BORR_P-0.500;BNF_SAVE_P-0.300;BNI_BORR_P-0.100;BNI_LEND_P-2.000;R_FORMAL_BORR-1.054;R_FORMAL_SAVE-1.010;R_INFORM_BORR-1.094;R_INFORM_SAVE-1.094;kappa-0.250BNF_BORR_P-0.500;BNF_SAVE_P-0.300;BNI_BORR_P-0.100;BNI_LEND_P-2.000;R_FORMAL_BORR-1.054;R_FORMAL_SAVE-1.010;R_INFORM_BORR-1.094;R_INFORM_SAVE-1.094;kappa-0.250", "consumption_opti_grid_allJ_agg": 1.4748419294961324, "consumption_opti_grid_allJ_agg_var": 0.8942818421353622, "data_param.A": -0.03125, "data_param.Region": 0.0, "data_param.Region_set": "[0, 1]", "data_param.Year": 0.0, "data_param.Year_set": "[0, 1]", "data_param.len_A": 1.0, "data_param.mean_A": -0.03125, "data_param.std_A": 0.0, "dist_param.data__A.dist": "normal", "dist_param.data__A.integrate.method": "grid", "dist_param.data__A.integrate.params.points": 8.0, "dist_param.data__A.params.mu": 0.06612430296170181, "dist_param.data__A.params.sd": 0.2815358830092773, "dist_param.data__A_mu_ce0209.params.mu": 0.06612430296170181, "dist_param.data__A_mu_ce9901.params.mu": -0.19352509391498932, "dist_param.data__A_mu_ne0209.dist": "normal", "dist_param.data__A_mu_ne0209.integrate.method": "grid", "dist_param.data__A_mu_ne0209.integrate.params.points": 8.0, "dist_param.data__A_mu_ne0209.params.mu": 0.06612430296170181, "dist_param.data__A_mu_ne0209.params.sd": 0.2815358830092773, "dist_param.data__A_mu_ne9901.dist": "normal", "dist_param.data__A_mu_ne9901.integrate.method": "grid", "dist_param.data__A_mu_ne9901.integrate.params.points": 8.0, "dist_param.data__A_mu_ne9901.params.mu": 0.06612430296170181, "dist_param.data__A_mu_ne9901.params.sd": 0.2815358830092773, "dist_param.data__A_sd_ce0209.params.sd": 0.2815358830092773, "dist_param.data__A_sd_ce9901.params.sd": 0.1855778634804744, "dist_param.data__A_sd_ne0209.dist": "normal", "dist_param.data__A_sd_ne0209.integrate.method": "grid", "dist_param.data__A_sd_ne0209.integrate.params.points": 8.0, "dist_param.data__A_sd_ne0209.params.mu": 0.06612430296170181, "dist_param.data__A_sd_ne0209.params.sd": 0.2815358830092773, "dist_param.data__A_sd_ne9901.dist": "normal", "dist_param.data__A_sd_ne9901.integrate.method": "grid", "dist_param.data__A_sd_ne9901.integrate.params.points": 8.0, "dist_param.data__A_sd_ne9901.params.mu": 0.06612430296170181, "dist_param.data__A_sd_ne9901.params.sd": 0.2815358830092773, "dist_param.dist_param_integrate_points.combo_desc_integrate_loop": "Productivity", "dist_param.dist_param_integrate_points.file_save_suffix_integrate_loop": "_A", "dist_param.dist_param_integrate_points.param_descs": "['A=-0.36578567913526544', 'A=-0.1836392868903194', 'A=-0.0714837955355722', 'A=0.021835700463183477', 'A=0.11041290546022015', 'A=0.2037324014589758', 'A=0.315887892813723', 'A=0.49803428505866904']", "dist_param.dist_param_integrate_points.param_names": "['A']", "dist_param.dist_param_integrate_points.param_save_suffixs": "['0', '1821', '2943', '3876', '4761', '5695', '6816', '8638']", "dist_param.dist_param_integrate_points.param_types": "['data_type']", "dist_param.dist_param_integrate_points.param_values.data_type_A": "[-0.36578567913526544, -0.1836392868903194, -0.0714837955355722, 0.021835700463183477, 0.11041290546022015, 0.2037324014589758, 0.315887892813723, 0.49803428505866904]", "dist_param.dist_param_integrate_points.param_values_keys": "['data_type_A']", "dist_param.dist_param_integrate_points.param_weights": "[0.125, 0.125, 0.125, 0.125, 0.125, 0.125, 0.125, 0.125]", "dist_param.dist_param_integrate_points.title_integrate_loop": "Productivity Loop", "esti_obj.main_obj": 9.869399481764324, "esti_obj.subsets_main.agg_prob_for": 3.489981577441536, "esti_obj.subsets_main.agg_prob_inf": 2.391164425872492, "esti_obj.subsets_main.agg_prob_jnt": 0.016567644314669894, "esti_obj.subsets_main.agg_prob_none": 1.098584227999369, "esti_obj.subsets_main.equi_BI": 0.2991050092291745, "esti_obj.subsets_main.mean_K": 2.5739965969070826, "esti_obj.subsets_other.agg_prob": 0.5421200874009571, "esti_obj.subsets_other.agg_prob_brr": 0.2638585894781691, "esti_obj.subsets_other.agg_prob_sav": 0.17344812911902485, "esti_obj.subsets_other.mean_KYC": 0.633318240358603, "esti_param.BNF_BORR_P": 0.5, "esti_param.BNF_BORR_P_ce0209": 0.5, "esti_param.BNF_BORR_P_ce9901": 0.5, "esti_param.BNF_BORR_P_ne0209": 0.5, "esti_param.BNF_BORR_P_ne9901": 0.5, "esti_param.BNF_SAVE_P": 0.3, "esti_param.BNF_SAVE_P_ce0209": 0.3, "esti_param.BNF_SAVE_P_ce9901": 0.3, "esti_param.BNF_SAVE_P_ne0209": 0.3, "esti_param.BNF_SAVE_P_ne9901": 0.3, "esti_param.BNI_BORR_P": 0.1, "esti_param.BNI_BORR_P_ce0209": 0.1, "esti_param.BNI_BORR_P_ce9901": 0.1, "esti_param.BNI_BORR_P_ne0209": 0.1, "esti_param.BNI_BORR_P_ne9901": 0.1, "esti_param.BNI_LEND_P": 2.0, "esti_param.BNI_LEND_P_ce0209": 2.0, "esti_param.BNI_LEND_P_ce9901": 2.0, "esti_param.BNI_LEND_P_ne0209": 2.0, "esti_param.BNI_LEND_P_ne9901": 2.0, "esti_param.K_DEPRECIATION": 0.15, "esti_param.R_AVG_INT": 1.1, "esti_param.R_FORMAL_BORR": 1.054, "esti_param.R_FORMAL_BORR_ce0209": 1.054, "esti_param.R_FORMAL_BORR_ce9901": 1.061,