{"esti_obj.main_allperiods_obj": 15.387250687324213, "ktp_opti_grid_allJ_agg": 3.1803416770284136, "ktp_opti_grid_allJ_agg_var": 3.151473243551921, "ib_probJ_opti_grid_j_agg": 0.2604737628928245, "is_probJ_opti_grid_j_agg": 0.014318230566810856, "fb2_probJ_opti_grid_j_agg": 0.11348338047958377, "fs_probJ_opti_grid_j_agg": 0.1818415171656258, "ibfb2_probJ_opti_grid_j_agg": 0.09152666562419624, "fbis2_probJ_opti_grid_j_agg": 0.007222530540369075, "none_probJ_opti_grid_j_agg": 0.3311339127317782, "period_dictkey": "ce9901", "data_model": "model", "level_0": 5, "P_jp_j.0.0": 0.2622902970066536, "P_jp_j.0.1": 0.012967793604858285, "P_jp_j.0.102": 0.11255316365528163, "P_jp_j.0.104": 0.09039141989106288, "P_jp_j.0.105": 0.006371851664729739, "P_jp_j.0.3": 0.181051185887864, "P_jp_j.0.6": 0.33437428828954985, "P_jp_j.1.0": 0.2308153791795032, "P_jp_j.1.1": 0.03895771233185243, "P_jp_j.1.102": 0.12866710004588772, "P_jp_j.1.104": 0.10957916731762926, "P_jp_j.1.105": 0.022829267538375927, "P_jp_j.1.3": 0.1976323330953775, "P_jp_j.1.6": 0.271519040491374, "P_jp_j.102.0": 0.25928569115982725, "P_jp_j.102.1": 0.014706872839571809, "P_jp_j.102.102": 0.11490325636582847, "P_jp_j.102.104": 0.09301468523187023, "P_jp_j.102.105": 0.0073522904002684426, "P_jp_j.102.3": 0.18307329150705484, "P_jp_j.102.6": 0.32766391249557897, "P_jp_j.104.0": 0.2587873976875754, "P_jp_j.104.1": 0.015015927925180916, "P_jp_j.104.102": 0.1155445638764268, "P_jp_j.104.104": 0.09366444720669112, "P_jp_j.104.105": 0.007524762784868475, "P_jp_j.104.3": 0.18372515687767146, "P_jp_j.104.6": 0.3257377436415858, "P_jp_j.105.0": 0.22508614784400446, "P_jp_j.105.1": 0.04510744173844071, "P_jp_j.105.102": 0.12961250591349266, "P_jp_j.105.104": 0.11114072148298494, "P_jp_j.105.105": 0.027068073781455683, "P_jp_j.105.3": 0.1995513149235217, "P_jp_j.105.6": 0.2624337943160998, "P_jp_j.3.0": 0.25835644091778764, "P_jp_j.3.1": 0.015562096005240118, "P_jp_j.3.102": 0.11533437439039225, "P_jp_j.3.104": 0.0935510695731674, "P_jp_j.3.105": 0.007891948388963413, "P_jp_j.3.3": 0.1834533573579329, "P_jp_j.3.6": 0.3258507133665164, "P_jp_j.6.0": 0.262916208038165, "P_jp_j.6.1": 0.012542618183219738, "P_jp_j.6.102": 0.11168600342648058, "P_jp_j.6.104": 0.08951201711280113, "P_jp_j.6.105": 0.006149602551743667, "P_jp_j.6.3": 0.18023736439670526, "P_jp_j.6.6": 0.3369561862908845, "btp_fb_opti_grid_allJ_agg": -0.01383251909889081, "btp_fb_opti_grid_allJ_agg_var": 0.0028161354891777486, "btp_fs_opti_grid_allJ_agg": 0.2601110262536076, "btp_fs_opti_grid_allJ_agg_var": 0.8717519626345682, "btp_ib_opti_grid_allJ_agg": -0.004655311891164941, "btp_ib_opti_grid_allJ_agg_var": 0.0011540795252016679, "btp_il_opti_grid_allJ_agg": 0.11401480711786816, "btp_il_opti_grid_allJ_agg_var": 0.9427627515309605, "btp_opti_grid_allJ_agg": 0.35563800238142, "btp_opti_grid_allJ_agg_var": 1.74387448649376, "cash_grid_centered_allJ_agg": 4.362672808487091, "cash_grid_centered_allJ_agg_var": 5.628899490648296, "combo_desc": "Angeletos quickBNF_BORR_P-0.500;BNF_SAVE_P-0.300;BNI_BORR_P-0.100;BNI_LEND_P-2.000;R_FORMAL_BORR-1.061;R_FORMAL_SAVE-1.011;R_INFORM_BORR-1.139;R_INFORM_SAVE-1.139;kappa-0.250BNF_BORR_P-0.500;BNF_SAVE_P-0.300;BNI_BORR_P-0.100;BNI_LEND_P-2.000;R_FORMAL_BORR-1.061;R_FORMAL_SAVE-1.011;R_INFORM_BORR-1.139;R_INFORM_SAVE-1.139;kappa-0.250", "consumption_opti_grid_allJ_agg": 0.6031216869900325, "consumption_opti_grid_allJ_agg_var": 0.09270825150631283, "data_param.A": -0.03125, "data_param.Region": 0.0, "data_param.Region_set": "[0, 1]", "data_param.Year": 0.0, "data_param.Year_set": "[0, 1]", "data_param.len_A": 1.0, "data_param.mean_A": -0.03125, "data_param.std_A": 0.0, "dist_param.data__A.dist": "normal", "dist_param.data__A.integrate.method": "grid", "dist_param.data__A.integrate.params.points": 8.0, "dist_param.data__A.params.mu": -0.4208891995027123, "dist_param.data__A.params.sd": 0.15, "dist_param.data__A_mu_ce0209.params.mu": -0.2494586424963184, "dist_param.data__A_mu_ce9901.params.mu": -0.4208891995027123, "dist_param.data__A_mu_ne0209.dist": "normal", "dist_param.data__A_mu_ne0209.integrate.method": "grid", "dist_param.data__A_mu_ne0209.integrate.params.points": 8.0, "dist_param.data__A_mu_ne0209.params.mu": -0.4208891995027123, "dist_param.data__A_mu_ne0209.params.sd": 0.15, "dist_param.data__A_mu_ne9901.dist": "normal", "dist_param.data__A_mu_ne9901.integrate.method": "grid", "dist_param.data__A_mu_ne9901.integrate.params.points": 8.0, "dist_param.data__A_mu_ne9901.params.mu": -0.4208891995027123, "dist_param.data__A_mu_ne9901.params.sd": 0.15, "dist_param.data__A_sd_ce0209.params.sd": 0.15032322928330874, "dist_param.data__A_sd_ce9901.params.sd": 0.15, "dist_param.data__A_sd_ne0209.dist": "normal", "dist_param.data__A_sd_ne0209.integrate.method": "grid", "dist_param.data__A_sd_ne0209.integrate.params.points": 8.0, "dist_param.data__A_sd_ne0209.params.mu": -0.4208891995027123, "dist_param.data__A_sd_ne0209.params.sd": 0.15, "dist_param.data__A_sd_ne9901.dist": "normal", "dist_param.data__A_sd_ne9901.integrate.method": "grid", "dist_param.data__A_sd_ne9901.integrate.params.points": 8.0, "dist_param.data__A_sd_ne9901.params.mu": -0.4208891995027123, "dist_param.data__A_sd_ne9901.params.sd": 0.15, "dist_param.dist_param_integrate_points.combo_desc_integrate_loop": "Productivity", "dist_param.dist_param_integrate_points.file_save_suffix_integrate_loop": "_A", "dist_param.dist_param_integrate_points.param_descs": "['A=-0.6510072811555943', 'A=-0.5539611833555437', 'A=-0.4942056611699127', 'A=-0.4444858021942379', 'A=-0.3972925968111867', 'A=-0.3475727378355119', 'A=-0.28781721564988094', 'A=-0.19077111784983036']", "dist_param.dist_param_integrate_points.param_names": "['A']", "dist_param.dist_param_integrate_points.param_save_suffixs": "['0', '970', '1568', '2065', '2537', '3034', '3631', '4602']", "dist_param.dist_param_integrate_points.param_types": "['data_type']", "dist_param.dist_param_integrate_points.param_values.data_type_A": "[-0.6510072811555943, -0.5539611833555437, -0.4942056611699127, -0.4444858021942379, -0.3972925968111867, -0.3475727378355119, -0.28781721564988094, -0.19077111784983036]", "dist_param.dist_param_integrate_points.param_values_keys": "['data_type_A']", "dist_param.dist_param_integrate_points.param_weights": "[0.125, 0.125, 0.125, 0.125, 0.125, 0.125, 0.125, 0.125]", "dist_param.dist_param_integrate_points.title_integrate_loop": "Productivity Loop", "esti_obj.main_obj": 5.603678889048907, "esti_obj.subsets_main.agg_prob_for": 2.4267051104574056, "esti_obj.subsets_main.agg_prob_inf": 2.8629326675823368, "esti_obj.subsets_main.agg_prob_jnt": 0.1820062866897816, "esti_obj.subsets_main.agg_prob_none": 0.11651239983806524, "esti_obj.subsets_main.equi_BI": 0.011959499196239324, "esti_obj.subsets_main.mean_K": 0.003562925285077742, "esti_obj.subsets_other.agg_prob": 0.4892686824964095, "esti_obj.subsets_other.agg_prob_brr": 0.31151704803743696, "esti_obj.subsets_other.agg_prob_sav": 0.14361772172719425, "esti_obj.subsets_other.mean_KYC": 0.12215793514093375, "esti_param.BNF_BORR_P": 0.5, "esti_param.BNF_BORR_P_ce0209": 0.5, "esti_param.BNF_BORR_P_ce9901": 0.5, "esti_param.BNF_BORR_P_ne0209": 0.5, "esti_param.BNF_BORR_P_ne9901": 0.5, "esti_param.BNF_SAVE_P": 0.3, "esti_param.BNF_SAVE_P_ce0209": 0.3, "esti_param.BNF_SAVE_P_ce9901": 0.3, "esti_param.BNF_SAVE_P_ne0209": 0.3, "esti_param.BNF_SAVE_P_ne9901": 0.3, "esti_param.BNI_BORR_P": 0.1, "esti_param.BNI_BORR_P_ce0209": 0.1, "esti_param.BNI_BORR_P_ce9901": 0.1, "esti_param.BNI_BORR_P_ne0209": 0.1, "esti_param.BNI_BORR_P_ne9901": 0.1, "esti_param.BNI_LEND_P": 2.0, "esti_param.BNI_LEND_P_ce0209": 2.0, "esti_param.BNI_LEND_P_ce9901": 2.0, "esti_param.BNI_LEND_P_ne0209": 2.0, "esti_param.BNI_LEND_P_ne9901": 2.0, "esti_param.K_DEPRECIATION": 0.15, "esti_param.R_AVG_INT": 1.1, "esti_param.R_FORMAL_BORR": 1.061, "esti_param.R_FORMAL_BORR_ce0209": 1.054, "esti_param.R_FORMAL_BORR_ce9901": 1.061, "esti_param.R_FORMAL_BORR_ne0209": 1.061,