{"esti_obj.main_allperiods_obj": 768.7781438248418, "ktp_opti_grid_allJ_agg": 13.291310434416724, "ktp_opti_grid_allJ_agg_var": 232.66699792960185, "ib_probJ_opti_grid_j_agg": 0.08241806378477763, "is_probJ_opti_grid_j_agg": 0.2952480472478854, "fb2_probJ_opti_grid_j_agg": 0.07607049886886959, "fs_probJ_opti_grid_j_agg": 0.11728717328361883, "ibfb2_probJ_opti_grid_j_agg": 0.07456168241230267, "fbis2_probJ_opti_grid_j_agg": 0.2703192998453208, "none_probJ_opti_grid_j_agg": 0.0840952345320243, "period_dictkey": "ne9901", "data_model": "model", "level_0": 2, "P_jp_j.0.0": 0.08944710767238959, "P_jp_j.0.1": 0.2844981668735668, "P_jp_j.0.102": 0.08118331930063452, "P_jp_j.0.104": 0.07924924169371407, "P_jp_j.0.105": 0.25514615780016897, "P_jp_j.0.3": 0.11880286655644735, "P_jp_j.0.6": 0.09167314010307867, "P_jp_j.1.0": 0.07767046910573278, "P_jp_j.1.1": 0.3034244878684708, "P_jp_j.1.102": 0.07242279012720113, "P_jp_j.1.104": 0.07116346783244187, "P_jp_j.1.105": 0.2804330993348839, "P_jp_j.1.3": 0.11584548765889732, "P_jp_j.1.6": 0.07904019807237225, "P_jp_j.102.0": 0.08896827074332425, "P_jp_j.102.1": 0.28555783044054434, "P_jp_j.102.102": 0.08085764368014822, "P_jp_j.102.104": 0.0789551018692605, "P_jp_j.102.105": 0.2559969713832703, "P_jp_j.102.3": 0.1185171855246951, "P_jp_j.102.6": 0.0911469963587574, "P_jp_j.104.0": 0.0888590289380129, "P_jp_j.104.1": 0.2858101732824038, "P_jp_j.104.102": 0.08078180768159966, "P_jp_j.104.104": 0.07888641416733339, "P_jp_j.104.105": 0.25618847093729125, "P_jp_j.104.3": 0.11844700104253855, "P_jp_j.104.6": 0.09102710395082056, "P_jp_j.105.0": 0.07762209534053126, "P_jp_j.105.1": 0.3035604809525596, "P_jp_j.105.102": 0.07238477990607507, "P_jp_j.105.104": 0.07112772061856755, "P_jp_j.105.105": 0.2805235994901215, "P_jp_j.105.3": 0.11579269450420535, "P_jp_j.105.6": 0.07898862918793972, "P_jp_j.3.0": 0.08423080573658429, "P_jp_j.3.1": 0.2930907252182695, "P_jp_j.3.102": 0.07732171343118366, "P_jp_j.3.104": 0.07568665997128755, "P_jp_j.3.105": 0.26646163494999864, "P_jp_j.3.3": 0.11714171961842593, "P_jp_j.3.6": 0.08606674107425054, "P_jp_j.6.0": 0.08958633100603038, "P_jp_j.6.1": 0.28419797683530235, "P_jp_j.6.102": 0.08127742664533416, "P_jp_j.6.104": 0.07933390494348333, "P_jp_j.6.105": 0.25489447303670604, "P_jp_j.6.3": 0.11888341938842704, "P_jp_j.6.6": 0.09182646814471676, "btp_fb_opti_grid_allJ_agg": -0.19107167998317687, "btp_fb_opti_grid_allJ_agg_var": 0.11970027963709655, "btp_fs_opti_grid_allJ_agg": 3.1741726202780605, "btp_fs_opti_grid_allJ_agg_var": 91.66865249871307, "btp_ib_opti_grid_allJ_agg": -1.9167200100682417e-05, "btp_ib_opti_grid_allJ_agg_var": 1.5327223229876767e-05, "btp_il_opti_grid_allJ_agg": 24.314583740152393, "btp_il_opti_grid_allJ_agg_var": 499.60160081817037, "btp_opti_grid_allJ_agg": 27.29766551324717, "btp_opti_grid_allJ_agg_var": 431.61968529919375, "cash_grid_centered_allJ_agg": 42.147355096671035, "cash_grid_centered_allJ_agg_var": 91.51806444807241, "combo_desc": "Angeletos quickBNF_BORR_P-0.500;BNF_SAVE_P-0.300;BNI_BORR_P-0.100;BNI_LEND_P-2.000;R_FORMAL_BORR-1.148;R_FORMAL_SAVE-1.033;R_INFORM_BORR-1.279;R_INFORM_SAVE-1.279;kappa-0.250BNF_BORR_P-0.500;BNF_SAVE_P-0.300;BNI_BORR_P-0.100;BNI_LEND_P-2.000;R_FORMAL_BORR-1.148;R_FORMAL_SAVE-1.033;R_INFORM_BORR-1.279;R_INFORM_SAVE-1.279;kappa-0.250", "consumption_opti_grid_allJ_agg": 5.5466120665641645, "consumption_opti_grid_allJ_agg_var": 2.120235535547976, "data_param.A": -0.03125, "data_param.Region": 0.0, "data_param.Region_set": "[0, 1]", "data_param.Year": 0.0, "data_param.Year_set": "[0, 1]", "data_param.len_A": 1.0, "data_param.mean_A": -0.03125, "data_param.std_A": 0.0, "dist_param.data__A.dist": "normal", "dist_param.data__A.integrate.method": "grid", "dist_param.data__A.integrate.params.points": 8.0, "dist_param.data__A.params.mu": 0.5, "dist_param.data__A.params.sd": 0.35, "dist_param.data__A_mu_ce0209.dist": "normal", "dist_param.data__A_mu_ce0209.integrate.method": "grid", "dist_param.data__A_mu_ce0209.integrate.params.points": 8.0, "dist_param.data__A_mu_ce0209.params.mu": 0.5, "dist_param.data__A_mu_ce0209.params.sd": 0.35, "dist_param.data__A_mu_ce9901.dist": "normal", "dist_param.data__A_mu_ce9901.integrate.method": "grid", "dist_param.data__A_mu_ce9901.integrate.params.points": 8.0, "dist_param.data__A_mu_ce9901.params.mu": 0.5, "dist_param.data__A_mu_ce9901.params.sd": 0.35, "dist_param.data__A_mu_ne0209.params.mu": -0.495, "dist_param.data__A_mu_ne9901.params.mu": 0.5, "dist_param.data__A_sd_ce0209.dist": "normal", "dist_param.data__A_sd_ce0209.integrate.method": "grid", "dist_param.data__A_sd_ce0209.integrate.params.points": 8.0, "dist_param.data__A_sd_ce0209.params.mu": 0.5, "dist_param.data__A_sd_ce0209.params.sd": 0.35, "dist_param.data__A_sd_ce9901.dist": "normal", "dist_param.data__A_sd_ce9901.integrate.method": "grid", "dist_param.data__A_sd_ce9901.integrate.params.points": 8.0, "dist_param.data__A_sd_ce9901.params.mu": 0.5, "dist_param.data__A_sd_ce9901.params.sd": 0.35, "dist_param.data__A_sd_ne0209.params.sd": 0.15, "dist_param.data__A_sd_ne9901.params.sd": 0.35, "dist_param.dist_param_integrate_points.combo_desc_integrate_loop": "Productivity", "dist_param.dist_param_integrate_points.file_save_suffix_integrate_loop": "_A", "dist_param.dist_param_integrate_points.param_descs": "['A=-0.036942190523391205', 'A=0.18949870434339344', 'A=0.32892825610986565', 'A=0.4449412603864403', 'A=0.5550587396135598', 'A=0.6710717438901344', 'A=0.8105012956566066', 'A=1.036942190523391']", "dist_param.dist_param_integrate_points.param_names": "['A']", "dist_param.dist_param_integrate_points.param_save_suffixs": "['0', '2264', '3658', '4818', '5920', '7080', '8474', '10738']", "dist_param.dist_param_integrate_points.param_types": "['data_type']", "dist_param.dist_param_integrate_points.param_values.data_type_A": "[-0.036942190523391205, 0.18949870434339344, 0.32892825610986565, 0.4449412603864403, 0.5550587396135598, 0.6710717438901344, 0.8105012956566066, 1.036942190523391]", "dist_param.dist_param_integrate_points.param_values_keys": "['data_type_A']", "dist_param.dist_param_integrate_points.param_weights": "[0.125, 0.125, 0.125, 0.125, 0.125, 0.125, 0.125, 0.125]", "dist_param.dist_param_integrate_points.title_integrate_loop": "Productivity Loop", "esti_obj.main_obj": 744.8795633306212, "esti_obj.subsets_main.agg_prob_for": 0.8375383664928444, "esti_obj.subsets_main.agg_prob_inf": 7.882038813462848, "esti_obj.subsets_main.agg_prob_jnt": 6.624298105318014, "esti_obj.subsets_main.agg_prob_none": 0.5027485766068639, "esti_obj.subsets_main.equi_BI": 591.1980503722665, "esti_obj.subsets_main.mean_K": 137.83488909647414, "esti_obj.subsets_other.agg_prob": 0.9547090407788508, "esti_obj.subsets_other.agg_prob_brr": 0.4069497549340501, "esti_obj.subsets_other.agg_prob_sav": 0.476854520376825, "esti_obj.subsets_other.mean_KYC": 1.713206820148747, "esti_param.BNF_BORR_P": 0.5, "esti_param.BNF_BORR_P_ce0209": 0.5, "esti_param.BNF_BORR_P_ce9901": 0.5, "esti_param.BNF_BORR_P_ne0209": 0.5, "esti_param.BNF_BORR_P_ne9901": 0.5, "esti_param.BNF_SAVE_P": 0.3, "esti_param.BNF_SAVE_P_ce0209": 0.3, "esti_param.BNF_SAVE_P_ce9901": 0.3, "esti_param.BNF_SAVE_P_ne0209": 0.3, "esti_param.BNF_SAVE_P_ne9901": 0.3, "esti_param.BNI_BORR_P": 0.1, "esti_param.BNI_BORR_P_ce0209": 0.1, "esti_param.BNI_BORR_P_ce9901": 0.1, "esti_param.BNI_BORR_P_ne0209": 0.1, "esti_param.BNI_BORR_P_ne9901": 0.1, "esti_param.BNI_LEND_P": 2.0, "esti_param.BNI_LEND_P_ce0209": 2.0, "esti_param.BNI_LEND_P_ce9901": 2.0, "esti_param.BNI_LEND_P_ne0209": 2.0, "esti_param.BNI_LEND_P_ne9901": 2.0, "esti_param.K_DEPRECIATION": 0.15, "esti_param.R_AVG_INT": 1.1, "esti_param.R_FORMAL_BORR": 1.148, "esti_param.R_FORMAL_BORR_ce0209": 1.054, "esti_param.R_FORMAL_BORR_ce9901": 1.061, "esti_param.R_FORMAL_BORR_ne0209": 1.061, "esti_param.R_FORMAL_BORR_ne9901": 1.148, "esti_param.R_FORMAL_SAVE": 1.033, "esti_param.R_FORMAL_SAVE_ce0209": 1.01, "esti_param.R_FORMAL_SAVE_ce9901": 1.011,