{"esti_obj.main_allperiods_obj": 765.3320895794998, "ktp_opti_grid_allJ_agg": 13.344967981992793, "ktp_opti_grid_allJ_agg_var": 232.57541934985932, "ib_probJ_opti_grid_j_agg": 0.08279428909161697, "is_probJ_opti_grid_j_agg": 0.2943991717624607, "fb2_probJ_opti_grid_j_agg": 0.07643489093663791, "fs_probJ_opti_grid_j_agg": 0.11739243027640447, "ibfb2_probJ_opti_grid_j_agg": 0.07492312346484592, "fbis2_probJ_opti_grid_j_agg": 0.2695817145009077, "none_probJ_opti_grid_j_agg": 0.08447437998025438, "period_dictkey": "ne9901", "data_model": "model", "level_0": 0, "P_jp_j.0.0": 0.08982777149558213, "P_jp_j.0.1": 0.2835909147210875, "P_jp_j.0.102": 0.08156019358140733, "P_jp_j.0.104": 0.07962466121035798, "P_jp_j.0.105": 0.25440364863403114, "P_jp_j.0.3": 0.11893874838254227, "P_jp_j.0.6": 0.09205406197499176, "P_jp_j.1.0": 0.07802456622503881, "P_jp_j.1.1": 0.30263640802506064, "P_jp_j.1.102": 0.07276608726310001, "P_jp_j.1.104": 0.07150427822955725, "P_jp_j.1.105": 0.2797406124954692, "P_jp_j.1.3": 0.1159310322301802, "P_jp_j.1.6": 0.07939701553159384, "P_jp_j.102.0": 0.08935636386810916, "P_jp_j.102.1": 0.2846292704661688, "P_jp_j.102.102": 0.08123991731321234, "P_jp_j.102.104": 0.0793354934596405, "P_jp_j.102.105": 0.2552432581400454, "P_jp_j.102.3": 0.11865968094698925, "P_jp_j.102.6": 0.09153601580583462, "P_jp_j.104.0": 0.08925461030435801, "P_jp_j.104.1": 0.28486658308046675, "P_jp_j.104.102": 0.08117038426243071, "P_jp_j.104.104": 0.0792728208968121, "P_jp_j.104.105": 0.25541909923064826, "P_jp_j.104.3": 0.11859253990363655, "P_jp_j.104.6": 0.09142396232164754, "P_jp_j.105.0": 0.07797771440475368, "P_jp_j.105.1": 0.3027685345976101, "P_jp_j.105.102": 0.07272933343410108, "P_jp_j.105.104": 0.07146971216922031, "P_jp_j.105.105": 0.2798280217957733, "P_jp_j.105.3": 0.11587963531409093, "P_jp_j.105.6": 0.07934704828445069, "P_jp_j.3.0": 0.08462088551987004, "P_jp_j.3.1": 0.2921940808556989, "P_jp_j.3.102": 0.0777000514393584, "P_jp_j.3.104": 0.07606191557547863, "P_jp_j.3.105": 0.2656967324312638, "P_jp_j.3.3": 0.11726679252325732, "P_jp_j.3.6": 0.0864595416550729, "P_jp_j.6.0": 0.0899665862406051, "P_jp_j.6.1": 0.28328567183423553, "P_jp_j.6.102": 0.0816550507601951, "P_jp_j.6.104": 0.07971031801461108, "P_jp_j.6.105": 0.2541545393677925, "P_jp_j.6.3": 0.1190212178368799, "P_jp_j.6.6": 0.09220661594568078, "btp_fb_opti_grid_allJ_agg": -0.1926507724409831, "btp_fb_opti_grid_allJ_agg_var": 0.1219642982843391, "btp_fs_opti_grid_allJ_agg": 3.1675290822068662, "btp_fs_opti_grid_allJ_agg_var": 91.4093568694421, "btp_ib_opti_grid_allJ_agg": -2.0348212078906573e-05, "btp_ib_opti_grid_allJ_agg_var": 1.5744969732717866e-05, "btp_il_opti_grid_allJ_agg": 24.217030398495, "btp_il_opti_grid_allJ_agg_var": 498.96153673283663, "btp_opti_grid_allJ_agg": 27.19188836004881, "btp_opti_grid_allJ_agg_var": 431.5847682116316, "cash_grid_centered_allJ_agg": 42.120193833044326, "cash_grid_centered_allJ_agg_var": 91.69424620080306, "combo_desc": "Angeletos quickBNF_BORR_P-0.500;BNF_SAVE_P-0.300;BNI_BORR_P-0.100;BNI_LEND_P-2.000;R_FORMAL_BORR-1.148;R_FORMAL_SAVE-1.033;R_INFORM_BORR-1.279;R_INFORM_SAVE-1.279;kappa-0.250BNF_BORR_P-0.500;BNF_SAVE_P-0.300;BNI_BORR_P-0.100;BNI_LEND_P-2.000;R_FORMAL_BORR-1.148;R_FORMAL_SAVE-1.033;R_INFORM_BORR-1.279;R_INFORM_SAVE-1.279;kappa-0.250", "consumption_opti_grid_allJ_agg": 5.5529475895440426, "consumption_opti_grid_allJ_agg_var": 2.129250231230011, "data_param.A": -0.03125, "data_param.Region": 0.0, "data_param.Region_set": "[0, 1]", "data_param.Year": 0.0, "data_param.Year_set": "[0, 1]", "data_param.len_A": 1.0, "data_param.mean_A": -0.03125, "data_param.std_A": 0.0, "dist_param.data__A.dist": "normal", "dist_param.data__A.integrate.method": "grid", "dist_param.data__A.integrate.params.points": 8.0, "dist_param.data__A.params.mu": 0.505, "dist_param.data__A.params.sd": 0.35, "dist_param.data__A_mu_ce0209.dist": "normal", "dist_param.data__A_mu_ce0209.integrate.method": "grid", "dist_param.data__A_mu_ce0209.integrate.params.points": 8.0, "dist_param.data__A_mu_ce0209.params.mu": 0.505, "dist_param.data__A_mu_ce0209.params.sd": 0.35, "dist_param.data__A_mu_ce9901.dist": "normal", "dist_param.data__A_mu_ce9901.integrate.method": "grid", "dist_param.data__A_mu_ce9901.integrate.params.points": 8.0, "dist_param.data__A_mu_ce9901.params.mu": 0.505, "dist_param.data__A_mu_ce9901.params.sd": 0.35, "dist_param.data__A_mu_ne0209.params.mu": -0.5, "dist_param.data__A_mu_ne9901.params.mu": 0.505, "dist_param.data__A_sd_ce0209.dist": "normal", "dist_param.data__A_sd_ce0209.integrate.method": "grid", "dist_param.data__A_sd_ce0209.integrate.params.points": 8.0, "dist_param.data__A_sd_ce0209.params.mu": 0.505, "dist_param.data__A_sd_ce0209.params.sd": 0.35, "dist_param.data__A_sd_ce9901.dist": "normal", "dist_param.data__A_sd_ce9901.integrate.method": "grid", "dist_param.data__A_sd_ce9901.integrate.params.points": 8.0, "dist_param.data__A_sd_ce9901.params.mu": 0.505, "dist_param.data__A_sd_ce9901.params.sd": 0.35, "dist_param.data__A_sd_ne0209.params.sd": 0.15, "dist_param.data__A_sd_ne9901.params.sd": 0.35, "dist_param.dist_param_integrate_points.combo_desc_integrate_loop": "Productivity", "dist_param.dist_param_integrate_points.file_save_suffix_integrate_loop": "_A", "dist_param.dist_param_integrate_points.param_descs": "['A=-0.0319421905233912', 'A=0.19449870434339345', 'A=0.33392825610986565', 'A=0.4499412603864403', 'A=0.5600587396135598', 'A=0.6760717438901344', 'A=0.8155012956566066', 'A=1.0419421905233912']", "dist_param.dist_param_integrate_points.param_names": "['A']", "dist_param.dist_param_integrate_points.param_save_suffixs": "['0', '2264', '3658', '4818', '5920', '7080', '8474', '10738']", "dist_param.dist_param_integrate_points.param_types": "['data_type']", "dist_param.dist_param_integrate_points.param_values.data_type_A": "[-0.0319421905233912, 0.19449870434339345, 0.33392825610986565, 0.4499412603864403, 0.5600587396135598, 0.6760717438901344, 0.8155012956566066, 1.0419421905233912]", "dist_param.dist_param_integrate_points.param_values_keys": "['data_type_A']", "dist_param.dist_param_integrate_points.param_weights": "[0.125, 0.125, 0.125, 0.125, 0.125, 0.125, 0.125, 0.125]", "dist_param.dist_param_integrate_points.title_integrate_loop": "Productivity Loop", "esti_obj.main_obj": 741.3066918837068, "esti_obj.subsets_main.agg_prob_for": 0.8334016385303966, "esti_obj.subsets_main.agg_prob_inf": 7.831273804805607, "esti_obj.subsets_main.agg_prob_jnt": 6.5833735966787374, "esti_obj.subsets_main.agg_prob_none": 0.4973863079169546, "esti_obj.subsets_main.equi_BI": 586.4635757755042, "esti_obj.subsets_main.mean_K": 139.09768076027115, "esti_obj.subsets_other.agg_prob": 0.9517466330664176, "esti_obj.subsets_other.agg_prob_brr": 0.4058476965068992, "esti_obj.subsets_other.agg_prob_sav": 0.4753733165397728, "esti_obj.subsets_other.mean_KYC": 1.7171173505320474, "esti_param.BNF_BORR_P": 0.5, "esti_param.BNF_BORR_P_ce0209": 0.5, "esti_param.BNF_BORR_P_ce9901": 0.5, "esti_param.BNF_BORR_P_ne0209": 0.5, "esti_param.BNF_BORR_P_ne9901": 0.5, "esti_param.BNF_SAVE_P": 0.3, "esti_param.BNF_SAVE_P_ce0209": 0.3, "esti_param.BNF_SAVE_P_ce9901": 0.3, "esti_param.BNF_SAVE_P_ne0209": 0.3, "esti_param.BNF_SAVE_P_ne9901": 0.3, "esti_param.BNI_BORR_P": 0.1, "esti_param.BNI_BORR_P_ce0209": 0.1, "esti_param.BNI_BORR_P_ce9901": 0.1, "esti_param.BNI_BORR_P_ne0209": 0.1, "esti_param.BNI_BORR_P_ne9901": 0.1, "esti_param.BNI_LEND_P": 2.0, "esti_param.BNI_LEND_P_ce0209": 2.0, "esti_param.BNI_LEND_P_ce9901": 2.0, "esti_param.BNI_LEND_P_ne0209": 2.0, "esti_param.BNI_LEND_P_ne9901": 2.0, "esti_param.K_DEPRECIATION": 0.15, "esti_param.R_AVG_INT": 1.1, "esti_param.R_FORMAL_BORR": 1.148, "esti_param.R_FORMAL_BORR_ce0209": 1.054, "esti_param.R_FORMAL_BORR_ce9901": 1.061, "esti_param.R_FORMAL_BORR_ne0209": 1.061, "esti_param.R_FORMAL_BORR_ne9901": 1.148, "esti_param.R_FORMAL_SAVE": 1.033, "esti_param.R_FORMAL_SAVE_ce0209": 1.01, "esti_param.R_FORMAL_SAVE_ce9901": 1.011,