{"esti_obj.main_allperiods_obj": 7.308175286486598, "ktp_opti_grid_allJ_agg": 9.87001987281684, "ib_probJ_opti_grid_j_agg": 0.11003594383652704, "is_probJ_opti_grid_j_agg": 0.13908163375461946, "fb2_probJ_opti_grid_j_agg": 0.15757325633261932, "fs_probJ_opti_grid_j_agg": 0.15240006930192074, "ibfb2_probJ_opti_grid_j_agg": 0.10665762725734101, "fbis2_probJ_opti_grid_j_agg": 0.13302762175998195, "none_probJ_opti_grid_j_agg": 0.20122383717374248, "period_dictkey": "ce0209", "data_model": "model", "level_0": 9, "btp_fb_opti_grid_allJ_agg": 0.03000301256302862, "btp_fs_opti_grid_allJ_agg": 0.9300677771158803, "btp_ib_opti_grid_allJ_agg": 0.2748419105628841, "btp_il_opti_grid_allJ_agg": 2.8899538274467886, "consumption_opti_grid_allJ_agg": 5.197016715201723, "dist_param.data__A_mu_ce0209.params.mu": 0.5255333570584996, "dist_param.data__A_mu_ce9901.params.mu": -0.33257908135768627, "dist_param.data__A_sd_ce0209.params.sd": 0.7992668424764171, "dist_param.data__A_sd_ce9901.params.sd": 0.2611625575452474, "esti_obj.main_obj": 6.966809991693642, "esti_obj.subsets_main.agg_prob_for": 4.269780890559791, "esti_obj.subsets_main.agg_prob_inf": 1.2622020470442057, "esti_obj.subsets_main.agg_prob_jnt": 1.0351016953924554, "esti_obj.subsets_main.agg_prob_none": 0.39972535869719, "esti_obj.subsets_other.agg_prob": 0.6177380836329898, "esti_obj.subsets_other.agg_prob_brr": 0.1698050602465667, "esti_obj.subsets_other.agg_prob_sav": 0.3847091862126807, "esti_obj.subsets_other.mean_KYC": 1.1815230201224223, "esti_obj.subsets_other.mean_fbfs": 0.0, "esti_obj.subsets_other.mean_ibil": 0.0, "esti_param.BNF_BORR_P_ce0209": 0.61789997606123, "esti_param.BNF_BORR_P_ce9901": 0.45490575375001246, "esti_param.BNF_SAVE_P_ce0209": 0.5686688315691248, "esti_param.BNF_SAVE_P_ce9901": 0.13229085116031225, "esti_param.BNI_BORR_P_ce0209": 2.3897357753704322, "esti_param.BNI_BORR_P_ce9901": 3.138425828291629, "esti_param.BNI_LEND_P_ce0209": 0.8415543154367509, "esti_param.BNI_LEND_P_ce9901": 2.7590944314563965, "esti_param.K_DEPRECIATION": 0.07298966910242038, "esti_param.alpha_k": 0.2423695011336185, "esti_param.beta": 0.9180407378352031, "esti_param.kappa_ce0209": 0.1889037234683432, "esti_param.kappa_ce9901": 0.2546597735608241, "esti_param.logit_sd_scale": 1.3839624641711632, "esti_param.rho": 2.643709928084483, "grid_param.std_eps": 1.5454289732770745, "index": 9.0, "model_option.choice_names_use": "['ib', 'is', 'fb2', 'fs', 'ibfb2', 'fbis2', 'none']", "model_option.choice_set_list": "[0, 1, 102, 3, 104, 105, 6]", "predict": 1.0, "support_arg.param_combo_list_ctr_str": "_c4783", "y_opti_grid_allJ_agg": 3.7243632053401257}