{"esti_obj.main_allperiods_obj": 6.874246176057127, "ktp_opti_grid_allJ_agg": 19.97228987, "ib_probJ_opti_grid_j_agg": 0.11374043199999999, "is_probJ_opti_grid_j_agg": 0.11348628699999999, "fb2_probJ_opti_grid_j_agg": 0.155446481, "fs_probJ_opti_grid_j_agg": 0.189805449, "ibfb2_probJ_opti_grid_j_agg": 0.091163671, "fbis2_probJ_opti_grid_j_agg": 0.09325254300000001, "none_probJ_opti_grid_j_agg": 0.243105138, "period_dictkey": "ce0209", "data_model": "model", "level_0": 3, "btp_fb_opti_grid_allJ_agg": -2.9893260839999996, "btp_fs_opti_grid_allJ_agg": 0.002015476, "btp_ib_opti_grid_allJ_agg": -0.422397431, "btp_il_opti_grid_allJ_agg": 1.160750559, "consumption_opti_grid_allJ_agg": 5.9365915320000004, "dist_param.data__A_mu_ce0209.params.mu": 0.312626003, "dist_param.data__A_mu_ce9901.params.mu": -0.341039463, "dist_param.data__A_sd_ce0209.params.sd": 0.31598675800000003, "dist_param.data__A_sd_ce9901.params.sd": 0.156631722, "esti_obj.main_obj": 5.561797514213009, "esti_obj.subsets_main.agg_prob_for": 3.035130390337497, "esti_obj.subsets_main.agg_prob_inf": 0.847973269259299, "esti_obj.subsets_main.agg_prob_jnt": 0.573984851216309, "esti_obj.subsets_main.agg_prob_none": 1.104709003399904, "esti_obj.subsets_main.equi_BI": 0.545165342, "esti_obj.subsets_main.mean_K": 246.0586457, "esti_obj.subsets_other.agg_prob": 0.578168799, "esti_obj.subsets_other.agg_prob_brr": 0.19113027999999996, "esti_obj.subsets_other.agg_prob_sav": 0.28193338100000004, "esti_obj.subsets_other.mean_KYC": 1.9802939545368006, "esti_obj.subsets_other.mean_fbfs": 0.0, "esti_obj.subsets_other.mean_ibil": 0.0, "esti_param.BNF_BORR_P_ce0209": 1.766073075, "esti_param.BNF_BORR_P_ce9901": 0.7071072629999999, "esti_param.BNF_SAVE_P_ce0209": 0.71360648, "esti_param.BNF_SAVE_P_ce9901": 0.260722864, "esti_param.BNI_BORR_P_ce0209": 3.409012085, "esti_param.BNI_BORR_P_ce9901": 2.210318709, "esti_param.BNI_LEND_P_ce0209": 3.298791938, "esti_param.BNI_LEND_P_ce9901": 3.2241887960000004, "esti_param.K_DEPRECIATION": 0.064790025, "esti_param.alpha_k": 0.48043486, "esti_param.beta": 0.9305738809999999, "esti_param.kappa_ce0209": 0.472843519, "esti_param.kappa_ce9901": 0.233290432, "esti_param.logit_sd_scale": 1.158591834, "esti_param.rho": 1.301941419, "grid_param.std_eps": 1.4693966859999998, "index": 3.0, "model_option.choice_names_use": "['ib', 'is', 'fb2', 'fs', 'ibfb2', 'fbis2', 'none']", "model_option.choice_set_list": "[0, 1, 102, 3, 104, 105, 6]", "predict": 0.0, "support_arg.param_combo_list_ctr_str": "_c2256", "y_opti_grid_allJ_agg": 11.30372737}