{"esti_obj.main_allperiods_obj": 7.19963677591398, "ktp_opti_grid_allJ_agg": 11.1436053, "ib_probJ_opti_grid_j_agg": 0.16093716800000002, "is_probJ_opti_grid_j_agg": 0.092113585, "fb2_probJ_opti_grid_j_agg": 0.10876978699999999, "fs_probJ_opti_grid_j_agg": 0.238629182, "ibfb2_probJ_opti_grid_j_agg": 0.08339192200000001, "fbis2_probJ_opti_grid_j_agg": 0.056917981, "none_probJ_opti_grid_j_agg": 0.259240375, "period_dictkey": "ce0209", "data_model": "model", "level_0": 7, "btp_fb_opti_grid_allJ_agg": -1.8757516630000002, "btp_fs_opti_grid_allJ_agg": 3.69e-06, "btp_ib_opti_grid_allJ_agg": -1.87393002, "btp_il_opti_grid_allJ_agg": 0.009537144000000001, "consumption_opti_grid_allJ_agg": 3.317921118, "dist_param.data__A_mu_ce0209.params.mu": 0.41530217700000005, "dist_param.data__A_mu_ce9901.params.mu": 0.506468923, "dist_param.data__A_sd_ce0209.params.sd": 0.551885064, "dist_param.data__A_sd_ce9901.params.sd": 0.689187181, "esti_obj.main_obj": 5.975603316153802, "esti_obj.subsets_main.agg_prob_for": 2.8230074034014496, "esti_obj.subsets_main.agg_prob_inf": 1.2915717629412453, "esti_obj.subsets_main.agg_prob_jnt": 0.3911012967970443, "esti_obj.subsets_main.agg_prob_none": 1.4699228530140624, "esti_obj.subsets_main.equi_BI": 3.475960797, "esti_obj.subsets_main.mean_K": 47.02629394, "esti_obj.subsets_other.agg_prob": 0.589418218, "esti_obj.subsets_other.agg_prob_brr": 0.292775459, "esti_obj.subsets_other.agg_prob_sav": 0.17540238400000002, "esti_obj.subsets_other.mean_KYC": 1.3093483126635939, "esti_obj.subsets_other.mean_fbfs": 0.0, "esti_obj.subsets_other.mean_ibil": 0.0, "esti_param.BNF_BORR_P_ce0209": 1.505916724, "esti_param.BNF_BORR_P_ce9901": 0.6232436960000001, "esti_param.BNF_SAVE_P_ce0209": 0.10556930099999999, "esti_param.BNF_SAVE_P_ce9901": 0.29080021100000003, "esti_param.BNI_BORR_P_ce0209": 0.778228858, "esti_param.BNI_BORR_P_ce9901": 3.135280112, "esti_param.BNI_LEND_P_ce0209": 1.625921596, "esti_param.BNI_LEND_P_ce9901": 2.3714039540000003, "esti_param.K_DEPRECIATION": 0.055717765999999995, "esti_param.alpha_k": 0.398903963, "esti_param.beta": 0.9246463420000001, "esti_param.kappa_ce0209": 0.411557247, "esti_param.kappa_ce9901": 0.402016297, "esti_param.logit_sd_scale": 1.072800891, "esti_param.rho": 1.052428587, "grid_param.std_eps": 0.338980932, "index": 7.0, "model_option.choice_names_use": "['ib', 'is', 'fb2', 'fs', 'ibfb2', 'fbis2', 'none']", "model_option.choice_set_list": "[0, 1, 102, 3, 104, 105, 6]", "predict": 0.0, "support_arg.param_combo_list_ctr_str": "_c247", "y_opti_grid_allJ_agg": 2.450179994}