{"esti_obj.main_allperiods_obj": 7.504824319067968, "ktp_opti_grid_allJ_agg": 5.2376230384663245, "ib_probJ_opti_grid_j_agg": 0.10236287537431288, "is_probJ_opti_grid_j_agg": 0.09693036035866598, "fb2_probJ_opti_grid_j_agg": 0.17810076428456245, "fs_probJ_opti_grid_j_agg": 0.27399579098644455, "ibfb2_probJ_opti_grid_j_agg": 0.07873769482551507, "fbis2_probJ_opti_grid_j_agg": 0.09509813170146553, "none_probJ_opti_grid_j_agg": 0.17477431021591983, "period_dictkey": "ce0209", "data_model": "model", "level_0": 14, "btp_fb_opti_grid_allJ_agg": -0.3281900327339784, "btp_fs_opti_grid_allJ_agg": 0.19735668996972322, "btp_ib_opti_grid_allJ_agg": 0.2792194839037876, "btp_il_opti_grid_allJ_agg": -0.2591133453314569, "consumption_opti_grid_allJ_agg": 2.6924043211325, "dist_param.data__A_mu_ce0209.params.mu": 0.016906989981621434, "dist_param.data__A_mu_ce9901.params.mu": 0.3264061351946337, "dist_param.data__A_sd_ce0209.params.sd": 0.6818752522459558, "dist_param.data__A_sd_ce9901.params.sd": 0.7358358481601578, "esti_obj.main_obj": 2.2498541583775684, "esti_obj.subsets_main.agg_prob_for": 0.8572676350549278, "esti_obj.subsets_main.agg_prob_inf": 0.5183674831233169, "esti_obj.subsets_main.agg_prob_jnt": 0.7389840510136534, "esti_obj.subsets_main.agg_prob_none": 0.13523498918567045, "esti_obj.subsets_other.agg_prob": 0.38933142755384215, "esti_obj.subsets_other.agg_prob_brr": 0.16952441626423534, "esti_obj.subsets_other.agg_prob_sav": 0.18303270107368697, "esti_obj.subsets_other.mean_KYC": 0.4877473100813382, "esti_obj.subsets_other.mean_fbfs": 0.0, "esti_obj.subsets_other.mean_ibil": 0.0, "esti_param.BNF_BORR_P_ce0209": 0.7421059638880872, "esti_param.BNF_BORR_P_ce9901": 3.160198281623309, "esti_param.BNF_SAVE_P_ce0209": 0.11638148903595691, "esti_param.BNF_SAVE_P_ce9901": 1.3302885036740242, "esti_param.BNI_BORR_P_ce0209": 2.788148763037146, "esti_param.BNI_BORR_P_ce9901": 2.4962672587510877, "esti_param.BNI_LEND_P_ce0209": 1.5812572766190633, "esti_param.BNI_LEND_P_ce9901": 3.1542436610800157, "esti_param.K_DEPRECIATION": 0.10613050738403418, "esti_param.alpha_k": 0.17434147708897185, "esti_param.beta": 0.9245262592687837, "esti_param.kappa_ce0209": 0.6434072006353203, "esti_param.kappa_ce9901": 0.5425114213620108, "esti_param.logit_sd_scale": 1.8660716001514388, "esti_param.rho": 0.9666288158951185, "grid_param.std_eps": 1.149085794655415, "index": 14.0, "model_option.choice_names_use": "['ib', 'is', 'fb2', 'fs', 'ibfb2', 'fbis2', 'none']", "model_option.choice_set_list": "[0, 1, 102, 3, 104, 105, 6]", "predict": 1.0, "support_arg.param_combo_list_ctr_str": "_c3374", "y_opti_grid_allJ_agg": 5.4869717005900895}