{"esti_obj.main_allperiods_obj": 7.771985001233588, "ktp_opti_grid_allJ_agg": 24.33528448, "ib_probJ_opti_grid_j_agg": 0.145071953, "is_probJ_opti_grid_j_agg": 0.061290690999999994, "fb2_probJ_opti_grid_j_agg": 0.203581312, "fs_probJ_opti_grid_j_agg": 0.12998201, "ibfb2_probJ_opti_grid_j_agg": 0.151932284, "fbis2_probJ_opti_grid_j_agg": 0.089275798, "none_probJ_opti_grid_j_agg": 0.218865951, "period_dictkey": "ce0209", "data_model": "model", "level_0": 19, "btp_fb_opti_grid_allJ_agg": -6.472964961000001, "btp_fs_opti_grid_allJ_agg": 0.005375991, "btp_ib_opti_grid_allJ_agg": -1.739686139, "btp_il_opti_grid_allJ_agg": 0.818134519, "consumption_opti_grid_allJ_agg": 5.167030093, "dist_param.data__A_mu_ce0209.params.mu": -0.47153828, "dist_param.data__A_mu_ce9901.params.mu": -0.042828517999999996, "dist_param.data__A_sd_ce0209.params.sd": 0.890176717, "dist_param.data__A_sd_ce9901.params.sd": 0.50645802, "esti_obj.main_obj": 6.286343244890101, "esti_obj.subsets_main.agg_prob_for": 4.600458769128146, "esti_obj.subsets_main.agg_prob_inf": 0.7610549568491692, "esti_obj.subsets_main.agg_prob_jnt": 0.27089931579934606, "esti_obj.subsets_main.agg_prob_none": 0.65393020311344, "esti_obj.subsets_main.equi_BI": 0.849257389, "esti_obj.subsets_main.mean_K": 401.9724735, "esti_obj.subsets_other.agg_prob": 0.497873355, "esti_obj.subsets_other.agg_prob_brr": 0.13142292500000002, "esti_obj.subsets_other.agg_prob_sav": 0.285584479, "esti_obj.subsets_other.mean_KYC": 2.2388195101157664, "esti_obj.subsets_other.mean_fbfs": 0.0, "esti_obj.subsets_other.mean_ibil": 0.0, "esti_param.BNF_BORR_P_ce0209": 0.250286794, "esti_param.BNF_BORR_P_ce9901": 2.859316331, "esti_param.BNF_SAVE_P_ce0209": 0.44988371299999996, "esti_param.BNF_SAVE_P_ce9901": 0.49156889299999995, "esti_param.BNI_BORR_P_ce0209": 0.742079223, "esti_param.BNI_BORR_P_ce9901": 2.486010025, "esti_param.BNI_LEND_P_ce0209": 2.757940168, "esti_param.BNI_LEND_P_ce9901": 3.184845422, "esti_param.K_DEPRECIATION": 0.12265968199999999, "esti_param.alpha_k": 0.6795589670000001, "esti_param.beta": 0.884462539, "esti_param.kappa_ce0209": 0.660324282, "esti_param.kappa_ce9901": 0.56540251, "esti_param.logit_sd_scale": 0.937949897, "esti_param.rho": 0.601948342, "grid_param.std_eps": 0.8791497340000001, "index": 19.0, "model_option.choice_names_use": "['ib', 'is', 'fb2', 'fs', 'ibfb2', 'fbis2', 'none']", "model_option.choice_set_list": "[0, 1, 102, 3, 104, 105, 6]", "predict": 0.0, "support_arg.param_combo_list_ctr_str": "_c1207", "y_opti_grid_allJ_agg": 11.04485213}