{"esti_obj.main_allperiods_obj": 7.582444838778804, "ktp_opti_grid_allJ_agg": 5.119990934, "ib_probJ_opti_grid_j_agg": 0.079969857, "is_probJ_opti_grid_j_agg": 0.082427133, "fb2_probJ_opti_grid_j_agg": 0.241987907, "fs_probJ_opti_grid_j_agg": 0.162184172, "ibfb2_probJ_opti_grid_j_agg": 0.075789275, "fbis2_probJ_opti_grid_j_agg": 0.07870522099999999, "none_probJ_opti_grid_j_agg": 0.278936434, "period_dictkey": "ce0209", "data_model": "model", "level_0": 16, "btp_fb_opti_grid_allJ_agg": -0.257725346, "btp_fs_opti_grid_allJ_agg": 0.020322053, "btp_ib_opti_grid_allJ_agg": -0.40105277799999994, "btp_il_opti_grid_allJ_agg": 0.192421178, "consumption_opti_grid_allJ_agg": 5.307549886, "dist_param.data__A_mu_ce0209.params.mu": 0.493471555, "dist_param.data__A_mu_ce9901.params.mu": 0.044406955, "dist_param.data__A_sd_ce0209.params.sd": 0.693746787, "dist_param.data__A_sd_ce9901.params.sd": 0.24979712, "esti_obj.main_obj": 6.034600111108721, "esti_obj.subsets_main.agg_prob_for": 3.197510048956625, "esti_obj.subsets_main.agg_prob_inf": 0.23336256212001386, "esti_obj.subsets_main.agg_prob_jnt": 0.6174196571684463, "esti_obj.subsets_main.agg_prob_none": 1.9863078428636356, "esti_obj.subsets_main.equi_BI": 0.043527145, "esti_obj.subsets_main.mean_K": 0.695485362, "esti_obj.subsets_other.agg_prob": 0.491077291, "esti_obj.subsets_other.agg_prob_brr": 0.08619267499999998, "esti_obj.subsets_other.agg_prob_sav": 0.26394818200000003, "esti_obj.subsets_other.mean_KYC": 0.45660640860044865, "esti_obj.subsets_other.mean_fbfs": 0.0, "esti_obj.subsets_other.mean_ibil": 0.0, "esti_param.BNF_BORR_P_ce0209": 0.223399035, "esti_param.BNF_BORR_P_ce9901": 1.684647808, "esti_param.BNF_SAVE_P_ce0209": 0.812072817, "esti_param.BNF_SAVE_P_ce9901": 0.009662846999999999, "esti_param.BNI_BORR_P_ce0209": 2.89233958, "esti_param.BNI_BORR_P_ce9901": 1.776016587, "esti_param.BNI_LEND_P_ce0209": 2.5737410119999997, "esti_param.BNI_LEND_P_ce9901": 2.8008566189999997, "esti_param.K_DEPRECIATION": 0.111106945, "esti_param.alpha_k": 0.314942481, "esti_param.beta": 0.970331735, "esti_param.kappa_ce0209": 0.143356354, "esti_param.kappa_ce9901": 0.629377815, "esti_param.logit_sd_scale": 1.493936671, "esti_param.rho": 0.683126729, "grid_param.std_eps": 1.529040325, "index": 16.0, "model_option.choice_names_use": "['ib', 'is', 'fb2', 'fs', 'ibfb2', 'fbis2', 'none']", "model_option.choice_set_list": "[0, 1, 102, 3, 104, 105, 6]", "predict": 0.0, "support_arg.param_combo_list_ctr_str": "_c2362", "y_opti_grid_allJ_agg": 4.331897043000001}