{"esti_obj.main_allperiods_obj": 6.302952570538256, "ktp_opti_grid_allJ_agg": 10.026399578381785, "ib_probJ_opti_grid_j_agg": 0.0731319354032145, "is_probJ_opti_grid_j_agg": 0.07504706486875534, "fb2_probJ_opti_grid_j_agg": 0.19315817516142997, "fs_probJ_opti_grid_j_agg": 0.19456848031089358, "ibfb2_probJ_opti_grid_j_agg": 0.09058562362557154, "fbis2_probJ_opti_grid_j_agg": 0.1021816596805003, "none_probJ_opti_grid_j_agg": 0.2713272945098364, "period_dictkey": "ce9901", "data_model": "model", "level_0": 20, "btp_fb_opti_grid_allJ_agg": -0.23295575892041853, "btp_fs_opti_grid_allJ_agg": 0.5729966737267489, "btp_ib_opti_grid_allJ_agg": 0.28027693736119375, "btp_il_opti_grid_allJ_agg": 1.1360154754204075, "consumption_opti_grid_allJ_agg": 5.949005093527319, "dist_param.data__A_mu_ce0209.params.mu": 0.44085794919651644, "dist_param.data__A_mu_ce9901.params.mu": 0.28057784268918184, "dist_param.data__A_sd_ce0209.params.sd": 0.5460468708767019, "dist_param.data__A_sd_ce9901.params.sd": 0.837611759841246, "esti_obj.main_obj": 2.354030836933733, "esti_obj.subsets_main.agg_prob_for": 1.159287065623321, "esti_obj.subsets_main.agg_prob_inf": 0.23852419149183224, "esti_obj.subsets_main.agg_prob_jnt": 0.8903107991001122, "esti_obj.subsets_main.agg_prob_none": 0.06590878071846759, "esti_obj.subsets_other.agg_prob": 0.3426284627894527, "esti_obj.subsets_other.agg_prob_brr": 0.08129551306092707, "esti_obj.subsets_other.agg_prob_sav": 0.23566024423836207, "esti_obj.subsets_other.mean_KYC": 1.3025328841224877, "esti_obj.subsets_other.mean_fbfs": 0.0, "esti_obj.subsets_other.mean_ibil": 0.0, "esti_param.BNF_BORR_P_ce0209": 1.9897362833780947, "esti_param.BNF_BORR_P_ce9901": 0.21184056371276244, "esti_param.BNF_SAVE_P_ce0209": 0.10871780682024118, "esti_param.BNF_SAVE_P_ce9901": 0.17133786932395745, "esti_param.BNI_BORR_P_ce0209": 2.825876620679352, "esti_param.BNI_BORR_P_ce9901": 3.203041283695996, "esti_param.BNI_LEND_P_ce0209": 3.076918718761417, "esti_param.BNI_LEND_P_ce9901": 2.85708036885058, "esti_param.K_DEPRECIATION": 0.15526169425135752, "esti_param.alpha_k": 0.5269090295623942, "esti_param.beta": 0.7916989851379119, "esti_param.kappa_ce0209": 0.17705955246854693, "esti_param.kappa_ce9901": 0.1961109833077661, "esti_param.logit_sd_scale": 1.5599343220350705, "esti_param.rho": 2.389124901416224, "grid_param.std_eps": 1.3966244725738397, "index": 20.0, "model_option.choice_names_use": "['ib', 'is', 'fb2', 'fs', 'ibfb2', 'fbis2', 'none']", "model_option.choice_set_list": "[0, 1, 102, 3, 104, 105, 6]", "predict": 1.0, "support_arg.param_combo_list_ctr_str": "_c4254", "y_opti_grid_allJ_agg": 6.806182935978725}