{"esti_obj.main_allperiods_obj": 7.395426637625622, "ktp_opti_grid_allJ_agg": 31.107068480382253, "ib_probJ_opti_grid_j_agg": 0.1654429542656004, "is_probJ_opti_grid_j_agg": 0.0751170213864647, "fb2_probJ_opti_grid_j_agg": 0.11226457155133773, "fs_probJ_opti_grid_j_agg": 0.2178248868897441, "ibfb2_probJ_opti_grid_j_agg": 0.11639647009247067, "fbis2_probJ_opti_grid_j_agg": 0.07046194118025717, "none_probJ_opti_grid_j_agg": 0.2424923653036215, "period_dictkey": "ce9901", "data_model": "model", "level_0": 33, "btp_fb_opti_grid_allJ_agg": -4.656672944480405, "btp_fs_opti_grid_allJ_agg": -0.5651145076627131, "btp_ib_opti_grid_allJ_agg": -3.2244195422454425, "btp_il_opti_grid_allJ_agg": -1.0143911082481907, "consumption_opti_grid_allJ_agg": 8.035613682602062, "dist_param.data__A_mu_ce0209.params.mu": -0.6191542695469928, "dist_param.data__A_mu_ce9901.params.mu": -0.10664205181192754, "dist_param.data__A_sd_ce0209.params.sd": 0.5752418398539165, "dist_param.data__A_sd_ce9901.params.sd": 0.8959560326876793, "esti_obj.main_obj": 3.4974483258954807, "esti_obj.subsets_main.agg_prob_for": 1.730731747321355, "esti_obj.subsets_main.agg_prob_inf": 0.7429413150045787, "esti_obj.subsets_main.agg_prob_jnt": 0.726667039550163, "esti_obj.subsets_main.agg_prob_none": 0.29710822401938436, "esti_obj.subsets_other.agg_prob": 0.4778365631800896, "esti_obj.subsets_other.agg_prob_brr": 0.24257485280673335, "esti_obj.subsets_other.agg_prob_sav": 0.18075407567697777, "esti_obj.subsets_other.mean_KYC": 2.6394619034417914, "esti_obj.subsets_other.mean_fbfs": 0.0, "esti_obj.subsets_other.mean_ibil": 0.0, "esti_param.BNF_BORR_P_ce0209": 1.862824338235144, "esti_param.BNF_BORR_P_ce9901": 3.2750874128796705, "esti_param.BNF_SAVE_P_ce0209": 0.30934128735459976, "esti_param.BNF_SAVE_P_ce9901": 0.0794450458857599, "esti_param.BNI_BORR_P_ce0209": 1.3564143370923392, "esti_param.BNI_BORR_P_ce9901": 1.4692484724927366, "esti_param.BNI_LEND_P_ce0209": 2.5313514347584873, "esti_param.BNI_LEND_P_ce9901": 2.871023518416435, "esti_param.K_DEPRECIATION": 0.05103635081689895, "esti_param.alpha_k": 0.7050800011185249, "esti_param.beta": 0.8932946866283342, "esti_param.kappa_ce0209": 0.3372352256652695, "esti_param.kappa_ce9901": 0.45285704932582127, "esti_param.logit_sd_scale": 1.0286820025260568, "esti_param.rho": 1.1981379617346684, "grid_param.std_eps": 1.669760900140647, "index": 33.0, "model_option.choice_names_use": "['ib', 'is', 'fb2', 'fs', 'ibfb2', 'fbis2', 'none']", "model_option.choice_set_list": "[0, 1, 102, 3, 104, 105, 6]", "predict": 1.0, "support_arg.param_combo_list_ctr_str": "_c5225", "y_opti_grid_allJ_agg": 37.372492347388174}