{"esti_obj.main_allperiods_obj": 6.685972231516173, "ktp_opti_grid_allJ_agg": 5.476889305224688, "ib_probJ_opti_grid_j_agg": 0.1308045159129012, "is_probJ_opti_grid_j_agg": 0.04283874296799617, "fb2_probJ_opti_grid_j_agg": 0.14897079850198902, "fs_probJ_opti_grid_j_agg": 0.21282774266857274, "ibfb2_probJ_opti_grid_j_agg": 0.11154443912050915, "fbis2_probJ_opti_grid_j_agg": 0.08856550547511688, "none_probJ_opti_grid_j_agg": 0.26444873925420964, "period_dictkey": "ce9901", "data_model": "model", "level_0": 22, "btp_fb_opti_grid_allJ_agg": 0.5533062357960574, "btp_fs_opti_grid_allJ_agg": 0.9867554624942443, "btp_ib_opti_grid_allJ_agg": 0.2361792963443463, "btp_il_opti_grid_allJ_agg": -0.5230009013440906, "consumption_opti_grid_allJ_agg": 2.418624038383598, "dist_param.data__A_mu_ce0209.params.mu": -0.3635899935611321, "dist_param.data__A_mu_ce9901.params.mu": -0.3001106291344269, "dist_param.data__A_sd_ce0209.params.sd": 0.25268905911387, "dist_param.data__A_sd_ce9901.params.sd": 0.8511046973074714, "esti_obj.main_obj": 2.359840581166185, "esti_obj.subsets_main.agg_prob_for": 1.1958857898721507, "esti_obj.subsets_main.agg_prob_inf": 0.16706237762328743, "esti_obj.subsets_main.agg_prob_jnt": 0.890933956056704, "esti_obj.subsets_main.agg_prob_none": 0.10595845761404314, "esti_obj.subsets_other.agg_prob": 0.37050592305175195, "esti_obj.subsets_other.agg_prob_brr": 0.16637815653142135, "esti_obj.subsets_other.agg_prob_sav": 0.1715765057745403, "esti_obj.subsets_other.mean_KYC": 0.7478063559045028, "esti_obj.subsets_other.mean_fbfs": 0.0, "esti_obj.subsets_other.mean_ibil": 0.0, "esti_param.BNF_BORR_P_ce0209": 0.18314688956012687, "esti_param.BNF_BORR_P_ce9901": 0.05261537943346828, "esti_param.BNF_SAVE_P_ce0209": 0.09214911248663105, "esti_param.BNF_SAVE_P_ce9901": 0.03591181228670748, "esti_param.BNI_BORR_P_ce0209": 1.374849682691085, "esti_param.BNI_BORR_P_ce9901": 0.26578903582379554, "esti_param.BNI_LEND_P_ce0209": 2.2945143428296695, "esti_param.BNI_LEND_P_ce9901": 1.4710211245134213, "esti_param.K_DEPRECIATION": 0.16077815856058436, "esti_param.alpha_k": 0.31995229125468483, "esti_param.beta": 0.8905670585263805, "esti_param.kappa_ce0209": 0.4750225765049326, "esti_param.kappa_ce9901": 0.6303816845263212, "esti_param.logit_sd_scale": 1.6180011189590349, "esti_param.rho": 3.402217577772777, "grid_param.std_eps": 1.6149085794655416, "index": 22.0, "model_option.choice_names_use": "['ib', 'is', 'fb2', 'fs', 'ibfb2', 'fbis2', 'none']", "model_option.choice_set_list": "[0, 1, 102, 3, 104, 105, 6]", "predict": 1.0, "support_arg.param_combo_list_ctr_str": "_c5030", "y_opti_grid_allJ_agg": 5.103476007886428}