{"esti_obj.main_allperiods_obj": 7.308175286486598, "ktp_opti_grid_allJ_agg": 6.059563789367388, "ib_probJ_opti_grid_j_agg": 0.07087866014129496, "is_probJ_opti_grid_j_agg": 0.042242757707034784, "fb2_probJ_opti_grid_j_agg": 0.18147047544406703, "fs_probJ_opti_grid_j_agg": 0.28723346416326834, "ibfb2_probJ_opti_grid_j_agg": 0.05364632406323544, "fbis2_probJ_opti_grid_j_agg": 0.05323197700427862, "none_probJ_opti_grid_j_agg": 0.31129655704004655, "period_dictkey": "ce9901", "data_model": "model", "level_0": 29, "btp_fb_opti_grid_allJ_agg": 0.2977509772302369, "btp_fs_opti_grid_allJ_agg": 0.9242835491352821, "btp_ib_opti_grid_allJ_agg": -0.13935168843630663, "btp_il_opti_grid_allJ_agg": 0.5957696516959459, "consumption_opti_grid_allJ_agg": 2.0369340287791147, "dist_param.data__A_mu_ce0209.params.mu": 0.5255333570584996, "dist_param.data__A_mu_ce9901.params.mu": -0.33257908135768627, "dist_param.data__A_sd_ce0209.params.sd": 0.7992668424764171, "dist_param.data__A_sd_ce9901.params.sd": 0.2611625575452474, "esti_obj.main_obj": 0.34136529479295563, "esti_obj.subsets_main.agg_prob_for": 0.12872134542174657, "esti_obj.subsets_main.agg_prob_inf": 0.05959961137000819, "esti_obj.subsets_main.agg_prob_jnt": 0.13260518368127042, "esti_obj.subsets_main.agg_prob_none": 0.0204391543199305, "esti_obj.subsets_other.agg_prob": 0.13383501606596507, "esti_obj.subsets_other.agg_prob_brr": 0.05829718847787345, "esti_obj.subsets_other.agg_prob_sav": 0.061241270548045054, "esti_obj.subsets_other.mean_KYC": 0.8395730861377388, "esti_obj.subsets_other.mean_fbfs": 0.0, "esti_obj.subsets_other.mean_ibil": 0.0, "esti_param.BNF_BORR_P_ce0209": 0.61789997606123, "esti_param.BNF_BORR_P_ce9901": 0.45490575375001246, "esti_param.BNF_SAVE_P_ce0209": 0.5686688315691248, "esti_param.BNF_SAVE_P_ce9901": 0.13229085116031225, "esti_param.BNI_BORR_P_ce0209": 2.3897357753704322, "esti_param.BNI_BORR_P_ce9901": 3.138425828291629, "esti_param.BNI_LEND_P_ce0209": 0.8415543154367509, "esti_param.BNI_LEND_P_ce9901": 2.7590944314563965, "esti_param.K_DEPRECIATION": 0.07298966910242038, "esti_param.alpha_k": 0.2423695011336185, "esti_param.beta": 0.9180407378352031, "esti_param.kappa_ce0209": 0.1889037234683432, "esti_param.kappa_ce9901": 0.2546597735608241, "esti_param.logit_sd_scale": 1.3839624641711632, "esti_param.rho": 2.643709928084483, "grid_param.std_eps": 1.5454289732770745, "index": 29.0, "model_option.choice_names_use": "['ib', 'is', 'fb2', 'fs', 'ibfb2', 'fbis2', 'none']", "model_option.choice_set_list": "[0, 1, 102, 3, 104, 105, 6]", "predict": 1.0, "support_arg.param_combo_list_ctr_str": "_c4783", "y_opti_grid_allJ_agg": 4.324212125589554}