{"esti_obj.main_allperiods_obj": 7.504824319067968, "ktp_opti_grid_allJ_agg": 4.2191938173276355, "ib_probJ_opti_grid_j_agg": 0.10368412346405353, "is_probJ_opti_grid_j_agg": 0.08855003692081098, "fb2_probJ_opti_grid_j_agg": 0.0990545669866405, "fs_probJ_opti_grid_j_agg": 0.1538266121845311, "ibfb2_probJ_opti_grid_j_agg": 0.08189078656657678, "fbis2_probJ_opti_grid_j_agg": 0.08039571194092243, "none_probJ_opti_grid_j_agg": 0.3925982988337875, "period_dictkey": "ce9901", "data_model": "model", "level_0": 34, "btp_fb_opti_grid_allJ_agg": -0.12494906202493894, "btp_fs_opti_grid_allJ_agg": 0.23602081422322385, "btp_ib_opti_grid_allJ_agg": -0.005161473056944033, "btp_il_opti_grid_allJ_agg": 0.27978776542317974, "consumption_opti_grid_allJ_agg": 2.2062802178406002, "dist_param.data__A_mu_ce0209.params.mu": 0.016906989981621434, "dist_param.data__A_mu_ce9901.params.mu": 0.3264061351946337, "dist_param.data__A_sd_ce0209.params.sd": 0.6818752522459558, "dist_param.data__A_sd_ce9901.params.sd": 0.7358358481601578, "esti_obj.main_obj": 5.254970160690399, "esti_obj.subsets_main.agg_prob_for": 3.4810002742106905, "esti_obj.subsets_main.agg_prob_inf": 0.3564625564551575, "esti_obj.subsets_main.agg_prob_jnt": 0.5036038560331368, "esti_obj.subsets_main.agg_prob_none": 0.9139034739914138, "esti_obj.subsets_other.agg_prob": 0.5232377785549797, "esti_obj.subsets_other.agg_prob_brr": 0.15952034304398982, "esti_obj.subsets_other.agg_prob_sav": 0.26811913667720233, "esti_obj.subsets_other.mean_KYC": 0.49476304829373513, "esti_obj.subsets_other.mean_fbfs": 0.0, "esti_obj.subsets_other.mean_ibil": 0.0, "esti_param.BNF_BORR_P_ce0209": 0.7421059638880872, "esti_param.BNF_BORR_P_ce9901": 3.160198281623309, "esti_param.BNF_SAVE_P_ce0209": 0.11638148903595691, "esti_param.BNF_SAVE_P_ce9901": 1.3302885036740242, "esti_param.BNI_BORR_P_ce0209": 2.788148763037146, "esti_param.BNI_BORR_P_ce9901": 2.4962672587510877, "esti_param.BNI_LEND_P_ce0209": 1.5812572766190633, "esti_param.BNI_LEND_P_ce9901": 3.1542436610800157, "esti_param.K_DEPRECIATION": 0.10613050738403418, "esti_param.alpha_k": 0.17434147708897185, "esti_param.beta": 0.9245262592687837, "esti_param.kappa_ce0209": 0.6434072006353203, "esti_param.kappa_ce9901": 0.5425114213620108, "esti_param.logit_sd_scale": 1.8660716001514388, "esti_param.rho": 0.9666288158951185, "grid_param.std_eps": 1.149085794655415, "index": 34.0, "model_option.choice_names_use": "['ib', 'is', 'fb2', 'fs', 'ibfb2', 'fbis2', 'none']", "model_option.choice_set_list": "[0, 1, 102, 3, 104, 105, 6]", "predict": 1.0, "support_arg.param_combo_list_ctr_str": "_c3374", "y_opti_grid_allJ_agg": 2.4223573057112446}