{"esti_obj.main_allperiods_obj": 7.528997937197092, "ktp_opti_grid_allJ_agg": 4.8769830462531445, "ib_probJ_opti_grid_j_agg": 0.1656876667103715, "is_probJ_opti_grid_j_agg": 0.12496709073357515, "fb2_probJ_opti_grid_j_agg": 0.128255676609339, "fs_probJ_opti_grid_j_agg": 0.1909891628242697, "ibfb2_probJ_opti_grid_j_agg": 0.0880194696961123, "fbis2_probJ_opti_grid_j_agg": 0.061521153631984404, "none_probJ_opti_grid_j_agg": 0.24056042605715966, "period_dictkey": "ce9901", "data_model": "model", "level_0": 35, "btp_fb_opti_grid_allJ_agg": -0.557469284488235, "btp_fs_opti_grid_allJ_agg": 0.3173633561638951, "btp_ib_opti_grid_allJ_agg": -0.5005762022206852, "btp_il_opti_grid_allJ_agg": 0.35649226564868286, "consumption_opti_grid_allJ_agg": 3.565464568772228, "dist_param.data__A_mu_ce0209.params.mu": 0.43616182412069915, "dist_param.data__A_mu_ce9901.params.mu": 0.3948269744348726, "dist_param.data__A_sd_ce0209.params.sd": 0.5633725246975811, "dist_param.data__A_sd_ce9901.params.sd": 0.35398467865070304, "esti_obj.main_obj": 4.046959951342074, "esti_obj.subsets_main.agg_prob_for": 1.9407940262257157, "esti_obj.subsets_main.agg_prob_inf": 1.4448620547617885, "esti_obj.subsets_main.agg_prob_jnt": 0.34276131966963586, "esti_obj.subsets_main.agg_prob_none": 0.3185425506849341, "esti_obj.subsets_other.agg_prob": 0.503390115281275, "esti_obj.subsets_other.agg_prob_brr": 0.1984514597971448, "esti_obj.subsets_other.agg_prob_sav": 0.24849908154128986, "esti_obj.subsets_other.mean_KYC": 0.6397169539634588, "esti_obj.subsets_other.mean_fbfs": 0.0, "esti_obj.subsets_other.mean_ibil": 0.0, "esti_param.BNF_BORR_P_ce0209": 1.0524866004606124, "esti_param.BNF_BORR_P_ce9901": 2.838541087600802, "esti_param.BNF_SAVE_P_ce0209": 0.1706777385994917, "esti_param.BNF_SAVE_P_ce9901": 0.9333909186214504, "esti_param.BNI_BORR_P_ce0209": 1.9146624550657625, "esti_param.BNI_BORR_P_ce9901": 1.6809745920914207, "esti_param.BNI_LEND_P_ce0209": 1.0232780498538072, "esti_param.BNI_LEND_P_ce9901": 2.722734607820982, "esti_param.K_DEPRECIATION": 0.15597731724322153, "esti_param.alpha_k": 0.1570676892271233, "esti_param.beta": 0.9706088404926165, "esti_param.kappa_ce0209": 0.21352879150755857, "esti_param.kappa_ce9901": 0.5636722679350172, "esti_param.logit_sd_scale": 1.4062429216482304, "esti_param.rho": 0.6218928185260146, "grid_param.std_eps": 1.4962025316455696, "index": 35.0, "model_option.choice_names_use": "['ib', 'is', 'fb2', 'fs', 'ibfb2', 'fbis2', 'none']", "model_option.choice_set_list": "[0, 1, 102, 3, 104, 105, 6]", "predict": 1.0, "support_arg.param_combo_list_ctr_str": "_c4608", "y_opti_grid_allJ_agg": 5.025586848079399}