{"esti_obj.main_allperiods_obj": 9.07352019911659, "ktp_opti_grid_allJ_agg": 36.57947507, "ib_probJ_opti_grid_j_agg": 0.176834784, "is_probJ_opti_grid_j_agg": 0.109549226, "fb2_probJ_opti_grid_j_agg": 0.158057437, "fs_probJ_opti_grid_j_agg": 0.123537597, "ibfb2_probJ_opti_grid_j_agg": 0.165863491, "fbis2_probJ_opti_grid_j_agg": 0.139670585, "none_probJ_opti_grid_j_agg": 0.12648688, "period_dictkey": "ne0209", "data_model": "model", "level_0": 10, "btp_fb_opti_grid_allJ_agg": -11.35698183, "btp_fs_opti_grid_allJ_agg": 0.0, "btp_ib_opti_grid_allJ_agg": -7.189244906, "btp_il_opti_grid_allJ_agg": 0.049602723, "consumption_opti_grid_allJ_agg": 15.66379257, "dist_param.data__A_mu_ne0209.params.mu": 0.529240846, "dist_param.data__A_mu_ne9901.params.mu": 0.374905603, "dist_param.data__A_sd_ne0209.params.sd": 0.16894429, "dist_param.data__A_sd_ne9901.params.sd": 0.617369869, "esti_obj.main_obj": 6.862917683215281, "esti_obj.subsets_main.agg_prob_for": 1.7679850643543373, "esti_obj.subsets_main.agg_prob_inf": 1.6853236385525732, "esti_obj.subsets_main.agg_prob_jnt": 2.912768955094931, "esti_obj.subsets_main.agg_prob_none": 0.4968400252134401, "esti_obj.subsets_main.equi_BI": 50.97449051, "esti_obj.subsets_main.mean_K": 1194.841199, "esti_obj.subsets_other.agg_prob": 0.61508295, "esti_obj.subsets_other.agg_prob_brr": 0.40591385599999996, "esti_obj.subsets_other.agg_prob_sav": 0.13868221400000003, "esti_obj.subsets_other.mean_KYC": 2.9396630363869938, "esti_obj.subsets_other.mean_fbfs": 0.0, "esti_obj.subsets_other.mean_ibil": 0.0, "esti_param.BNF_BORR_P_ne0209": 2.072196036, "esti_param.BNF_BORR_P_ne9901": 1.462975167, "esti_param.BNF_SAVE_P_ne0209": 0.188990044, "esti_param.BNF_SAVE_P_ne9901": 0.604668758, "esti_param.BNI_BORR_P_ne0209": 1.6143871730000001, "esti_param.BNI_BORR_P_ne9901": 0.22861241300000001, "esti_param.BNI_LEND_P_ne0209": 1.221874886, "esti_param.BNI_LEND_P_ne9901": 1.53540268, "esti_param.K_DEPRECIATION": 0.103673624, "esti_param.alpha_k": 0.748552902, "esti_param.beta": 0.919645898, "esti_param.kappa_ne0209": 0.5656403329999999, "esti_param.kappa_ne9901": 0.123639129, "esti_param.logit_sd_scale": 1.23848712, "esti_param.rho": 0.8477377779999999, "grid_param.std_eps": 0.8532666459999999, "index": 10.0, "model_option.choice_names_use": "['ib', 'is', 'fb2', 'fs', 'ibfb2', 'fbis2', 'none']", "model_option.choice_set_list": "[0, 1, 102, 3, 104, 105, 6]", "predict": 0.0, "support_arg.param_combo_list_ctr_str": "_c1161", "y_opti_grid_allJ_agg": 20.42642166}