{"esti_obj.main_allperiods_obj": 9.850868854542064, "ktp_opti_grid_allJ_agg": 20.873370406489585, "ib_probJ_opti_grid_j_agg": 0.1783435043554391, "is_probJ_opti_grid_j_agg": 0.11711495551367346, "fb2_probJ_opti_grid_j_agg": 0.19262948870618324, "fs_probJ_opti_grid_j_agg": 0.15075676728115495, "ibfb2_probJ_opti_grid_j_agg": 0.18583628975418698, "fbis2_probJ_opti_grid_j_agg": 0.11912469670308123, "none_probJ_opti_grid_j_agg": 0.0561942778290927, "period_dictkey": "ne0209", "data_model": "model", "level_0": 17, "btp_fb_opti_grid_allJ_agg": -3.1920521080112962, "btp_fs_opti_grid_allJ_agg": -0.2553447957539703, "btp_ib_opti_grid_allJ_agg": -3.755361117867693, "btp_il_opti_grid_allJ_agg": 0.026437430457690425, "consumption_opti_grid_allJ_agg": 7.809584426388341, "dist_param.data__A_mu_ne0209.params.mu": -0.17372443961922468, "dist_param.data__A_mu_ne9901.params.mu": -0.25061826499441825, "dist_param.data__A_sd_ne0209.params.sd": 0.14862945137632547, "dist_param.data__A_sd_ne9901.params.sd": 0.9556843059241911, "esti_obj.main_obj": 4.882999935446992, "esti_obj.subsets_main.agg_prob_for": 0.9596724511960218, "esti_obj.subsets_main.agg_prob_inf": 1.8175458170333791, "esti_obj.subsets_main.agg_prob_jnt": 2.1057778928301025, "esti_obj.subsets_main.agg_prob_none": 3.774387487697115e-06, "esti_obj.subsets_other.agg_prob": 0.4730684232220712, "esti_obj.subsets_other.agg_prob_brr": 0.3528777258950689, "esti_obj.subsets_other.agg_prob_sav": 0.11999641949790962, "esti_obj.subsets_other.mean_KYC": 2.1714263979288813, "esti_obj.subsets_other.mean_fbfs": 0.0, "esti_obj.subsets_other.mean_ibil": 0.0, "esti_param.BNF_BORR_P_ne0209": 0.15503900285574407, "esti_param.BNF_BORR_P_ne9901": 2.319728571058721, "esti_param.BNF_SAVE_P_ne0209": 0.534407616056541, "esti_param.BNF_SAVE_P_ne9901": 0.8222582197469279, "esti_param.BNI_BORR_P_ne0209": 0.7621813326338379, "esti_param.BNI_BORR_P_ne9901": 2.915375109966953, "esti_param.BNI_LEND_P_ne0209": 2.440727720815572, "esti_param.BNI_LEND_P_ne9901": 1.7908123441653558, "esti_param.K_DEPRECIATION": 0.06085086831159293, "esti_param.alpha_k": 0.7125759812376312, "esti_param.beta": 0.8607215002201904, "esti_param.kappa_ne0209": 0.2595738586668112, "esti_param.kappa_ne9901": 0.6533853941436454, "esti_param.logit_sd_scale": 1.2641632120928241, "esti_param.rho": 0.7544207281854007, "grid_param.std_eps": 1.7333333333333334, "index": 17.0, "model_option.choice_names_use": "['ib', 'is', 'fb2', 'fs', 'ibfb2', 'fbis2', 'none']", "model_option.choice_set_list": "[0, 1, 102, 3, 104, 105, 6]", "predict": 1.0, "support_arg.param_combo_list_ctr_str": "_c5451", "y_opti_grid_allJ_agg": 34.58528432245464}