{"esti_obj.main_allperiods_obj": 8.548850507714484, "ktp_opti_grid_allJ_agg": 22.14977306367541, "ib_probJ_opti_grid_j_agg": 0.20383563451653153, "is_probJ_opti_grid_j_agg": 0.07007359968736804, "fb2_probJ_opti_grid_j_agg": 0.19152737299538813, "fs_probJ_opti_grid_j_agg": 0.11974619326076086, "ibfb2_probJ_opti_grid_j_agg": 0.18953880566792858, "fbis2_probJ_opti_grid_j_agg": 0.10647873182412049, "none_probJ_opti_grid_j_agg": 0.11879898502589725, "period_dictkey": "ne0209", "data_model": "model", "level_0": 4, "btp_fb_opti_grid_allJ_agg": -6.229942211909247, "btp_fs_opti_grid_allJ_agg": -0.238517578262595, "btp_ib_opti_grid_allJ_agg": -5.423789841579591, "btp_il_opti_grid_allJ_agg": -2.6692891475066887, "consumption_opti_grid_allJ_agg": 11.01832008942958, "dist_param.data__A_mu_ne0209.params.mu": 0.31258822684121046, "dist_param.data__A_mu_ne9901.params.mu": -0.6411423362408573, "dist_param.data__A_sd_ne0209.params.sd": 0.8643304583716527, "dist_param.data__A_sd_ne9901.params.sd": 0.9390261379973017, "esti_obj.main_obj": 5.377300463557467, "esti_obj.subsets_main.agg_prob_for": 1.010707495661986, "esti_obj.subsets_main.agg_prob_inf": 2.0561443822490544, "esti_obj.subsets_main.agg_prob_jnt": 1.9160773336181394, "esti_obj.subsets_main.agg_prob_none": 0.3943712520282868, "esti_obj.subsets_other.agg_prob": 0.5083745791298397, "esti_obj.subsets_other.agg_prob_brr": 0.3757694558532148, "esti_obj.subsets_other.agg_prob_sav": 0.06980613825072768, "esti_obj.subsets_other.mean_KYC": 2.2437007968797564, "esti_obj.subsets_other.mean_fbfs": 0.0, "esti_obj.subsets_other.mean_ibil": 0.0, "esti_param.BNF_BORR_P_ne0209": 0.23867587968039067, "esti_param.BNF_BORR_P_ne9901": 0.4985590682310331, "esti_param.BNF_SAVE_P_ne0209": 0.7651254660198865, "esti_param.BNF_SAVE_P_ne9901": 0.4556064861055934, "esti_param.BNI_BORR_P_ne0209": 0.5161355684784195, "esti_param.BNI_BORR_P_ne9901": 0.41900520087320037, "esti_param.BNI_LEND_P_ne0209": 1.3790985085341358, "esti_param.BNI_LEND_P_ne9901": 0.7827481860227339, "esti_param.K_DEPRECIATION": 0.15385537745689554, "esti_param.alpha_k": 0.7014783936268432, "esti_param.beta": 0.8059351520590787, "esti_param.kappa_ne0209": 0.4694227891857886, "esti_param.kappa_ne9901": 0.29767640526697225, "esti_param.logit_sd_scale": 1.1565752331695756, "esti_param.rho": 0.3346699153541136, "grid_param.std_eps": 1.6064697609001406, "index": 4.0, "model_option.choice_names_use": "['ib', 'is', 'fb2', 'fs', 'ibfb2', 'fbis2', 'none']", "model_option.choice_set_list": "[0, 1, 102, 3, 104, 105, 6]", "predict": 1.0, "support_arg.param_combo_list_ctr_str": "_c5000", "y_opti_grid_allJ_agg": 28.31601760121248}