{"esti_obj.main_allperiods_obj": 9.07659468811038, "ktp_opti_grid_allJ_agg": 25.044513588473137, "ib_probJ_opti_grid_j_agg": 0.19516255194400323, "is_probJ_opti_grid_j_agg": 0.07938626883673816, "fb2_probJ_opti_grid_j_agg": 0.19201359220012648, "fs_probJ_opti_grid_j_agg": 0.10222720898941973, "ibfb2_probJ_opti_grid_j_agg": 0.1896535099137564, "fbis2_probJ_opti_grid_j_agg": 0.11566261235759967, "none_probJ_opti_grid_j_agg": 0.1258950366310998, "period_dictkey": "ne0209", "data_model": "model", "level_0": 11, "btp_fb_opti_grid_allJ_agg": -8.226000169207538, "btp_fs_opti_grid_allJ_agg": 0.5142385047069311, "btp_ib_opti_grid_allJ_agg": -7.915060052952057, "btp_il_opti_grid_allJ_agg": -3.233658310733688, "consumption_opti_grid_allJ_agg": 12.061069802302683, "dist_param.data__A_mu_ne0209.params.mu": 0.5145810302623387, "dist_param.data__A_mu_ne9901.params.mu": 0.10789524420353525, "dist_param.data__A_sd_ne0209.params.sd": 0.5945149070787104, "dist_param.data__A_sd_ne9901.params.sd": 0.9008148285314053, "esti_obj.main_obj": 5.4306171322237216, "esti_obj.subsets_main.agg_prob_for": 1.1028119854252085, "esti_obj.subsets_main.agg_prob_inf": 1.865559057405788, "esti_obj.subsets_main.agg_prob_jnt": 1.9737144748264457, "esti_obj.subsets_main.agg_prob_none": 0.48853161456627836, "esti_obj.subsets_other.agg_prob": 0.5422121586661383, "esti_obj.subsets_other.agg_prob_brr": 0.36649544983012033, "esti_obj.subsets_other.agg_prob_sav": 0.10582167220491812, "esti_obj.subsets_other.mean_KYC": 2.3995579586912013, "esti_obj.subsets_other.mean_fbfs": 0.0, "esti_obj.subsets_other.mean_ibil": 0.0, "esti_param.BNF_BORR_P_ne0209": 0.31323039800009084, "esti_param.BNF_BORR_P_ne9901": 3.096595937388802, "esti_param.BNF_SAVE_P_ne0209": 1.348172779108076, "esti_param.BNF_SAVE_P_ne9901": 1.3394248095003338, "esti_param.BNI_BORR_P_ne0209": 2.2758583770508594, "esti_param.BNI_BORR_P_ne9901": 0.381699528469896, "esti_param.BNI_LEND_P_ne0209": 2.3227297354609764, "esti_param.BNI_LEND_P_ne9901": 1.9187985304719684, "esti_param.K_DEPRECIATION": 0.0670655547198361, "esti_param.alpha_k": 0.6787869884765426, "esti_param.beta": 0.7919642575184456, "esti_param.kappa_ne0209": 0.4790671354924121, "esti_param.kappa_ne9901": 0.4964706688906295, "esti_param.logit_sd_scale": 1.316243594008983, "esti_param.rho": 0.434764319769006, "grid_param.std_eps": 1.2030942334739803, "index": 11.0, "model_option.choice_names_use": "['ib', 'is', 'fb2', 'fs', 'ibfb2', 'fbis2', 'none']", "model_option.choice_set_list": "[0, 1, 102, 3, 104, 105, 6]", "predict": 1.0, "support_arg.param_combo_list_ctr_str": "_c3566", "y_opti_grid_allJ_agg": 19.081365783615183}