{"esti_obj.main_allperiods_obj": 8.453549070280836, "ktp_opti_grid_allJ_agg": 18.23045258293132, "ib_probJ_opti_grid_j_agg": 0.15331572162267904, "is_probJ_opti_grid_j_agg": 0.08336781944880034, "fb2_probJ_opti_grid_j_agg": 0.2143983578391655, "fs_probJ_opti_grid_j_agg": 0.1528739941277144, "ibfb2_probJ_opti_grid_j_agg": 0.17635059241025708, "fbis2_probJ_opti_grid_j_agg": 0.11075230048902185, "none_probJ_opti_grid_j_agg": 0.10894374212741553, "period_dictkey": "ne0209", "data_model": "model", "level_0": 2, "btp_fb_opti_grid_allJ_agg": -4.670290006943503, "btp_fs_opti_grid_allJ_agg": -0.14235672099245278, "btp_ib_opti_grid_allJ_agg": -1.3946417639644864, "btp_il_opti_grid_allJ_agg": -0.23703832891249021, "consumption_opti_grid_allJ_agg": 4.917345599850421, "dist_param.data__A_mu_ne0209.params.mu": -0.5481783440823046, "dist_param.data__A_mu_ne9901.params.mu": 0.6129086858151923, "dist_param.data__A_sd_ne0209.params.sd": 0.64475260003258, "dist_param.data__A_sd_ne9901.params.sd": 0.804247192234162, "esti_obj.main_obj": 4.137345544591022, "esti_obj.subsets_main.agg_prob_for": 0.588134802221529, "esti_obj.subsets_main.agg_prob_inf": 0.951970802913595, "esti_obj.subsets_main.agg_prob_jnt": 2.3169359564104703, "esti_obj.subsets_main.agg_prob_none": 0.28030398304542736, "esti_obj.subsets_other.agg_prob": 0.44850462756620857, "esti_obj.subsets_other.agg_prob_brr": 0.31556677137325645, "esti_obj.subsets_other.agg_prob_sav": 0.07999411406553658, "esti_obj.subsets_other.mean_KYC": 2.0135449202172846, "esti_obj.subsets_other.mean_fbfs": 0.0, "esti_obj.subsets_other.mean_ibil": 0.0, "esti_param.BNF_BORR_P_ne0209": 0.5360341856331887, "esti_param.BNF_BORR_P_ne9901": 1.0284576834072303, "esti_param.BNF_SAVE_P_ne0209": 1.472276158232469, "esti_param.BNF_SAVE_P_ne9901": 0.663801204601079, "esti_param.BNI_BORR_P_ne0209": 0.6995074423774581, "esti_param.BNI_BORR_P_ne9901": 1.7189701791555108, "esti_param.BNI_LEND_P_ne0209": 3.4691719453126506, "esti_param.BNI_LEND_P_ne9901": 3.2143363784789907, "esti_param.K_DEPRECIATION": 0.06329970430275399, "esti_param.alpha_k": 0.6590574687042221, "esti_param.beta": 0.9165960560914428, "esti_param.kappa_ne0209": 0.657886211793422, "esti_param.kappa_ne9901": 0.3254061922768938, "esti_param.logit_sd_scale": 1.2172921007032174, "esti_param.rho": 0.774368806230457, "grid_param.std_eps": 1.2841068917018283, "index": 2.0, "model_option.choice_names_use": "['ib', 'is', 'fb2', 'fs', 'ibfb2', 'fbis2', 'none']", "model_option.choice_set_list": "[0, 1, 102, 3, 104, 105, 6]", "predict": 1.0, "support_arg.param_combo_list_ctr_str": "_c3854", "y_opti_grid_allJ_agg": 13.889298401033784}