{"esti_obj.main_allperiods_obj": 8.76003020304436, "ktp_opti_grid_allJ_agg": 25.16319574, "ib_probJ_opti_grid_j_agg": 0.09648024, "is_probJ_opti_grid_j_agg": 0.034989103, "fb2_probJ_opti_grid_j_agg": 0.391663204, "fs_probJ_opti_grid_j_agg": 0.07139648700000001, "ibfb2_probJ_opti_grid_j_agg": 0.17059609399999998, "fbis2_probJ_opti_grid_j_agg": 0.10324512, "none_probJ_opti_grid_j_agg": 0.131629752, "period_dictkey": "ne0209", "data_model": "model", "level_0": 5, "btp_fb_opti_grid_allJ_agg": -12.31067486, "btp_fs_opti_grid_allJ_agg": 0.0, "btp_ib_opti_grid_allJ_agg": -3.3554629460000003, "btp_il_opti_grid_allJ_agg": 0.000852711, "consumption_opti_grid_allJ_agg": 7.4432990629999995, "dist_param.data__A_mu_ne0209.params.mu": -0.106410856, "dist_param.data__A_mu_ne9901.params.mu": -0.500948634, "dist_param.data__A_sd_ne0209.params.sd": 0.47647072100000004, "dist_param.data__A_sd_ne9901.params.sd": 0.817524852, "esti_obj.main_obj": 4.6624782888141745, "esti_obj.subsets_main.agg_prob_for": 1.504184904348679, "esti_obj.subsets_main.agg_prob_inf": 0.13851921852022087, "esti_obj.subsets_main.agg_prob_jnt": 2.4477882271871243, "esti_obj.subsets_main.agg_prob_none": 0.5719859387581503, "esti_obj.subsets_main.equi_BI": 11.25340983, "esti_obj.subsets_main.mean_K": 535.9315628, "esti_obj.subsets_other.agg_prob": 0.474036632, "esti_obj.subsets_other.agg_prob_brr": 0.29054735000000004, "esti_obj.subsets_other.agg_prob_sav": 0.10785953, "esti_obj.subsets_other.mean_KYC": 2.405732515264322, "esti_obj.subsets_other.mean_fbfs": 0.0, "esti_obj.subsets_other.mean_ibil": 0.0, "esti_param.BNF_BORR_P_ne0209": 0.417844932, "esti_param.BNF_BORR_P_ne9901": 2.123070326, "esti_param.BNF_SAVE_P_ne0209": 0.634605082, "esti_param.BNF_SAVE_P_ne9901": 1.296228207, "esti_param.BNI_BORR_P_ne0209": 2.6896998119999997, "esti_param.BNI_BORR_P_ne9901": 2.98264362, "esti_param.BNI_LEND_P_ne0209": 2.448411948, "esti_param.BNI_LEND_P_ne9901": 3.101494812, "esti_param.K_DEPRECIATION": 0.135816636, "esti_param.alpha_k": 0.6823077679999999, "esti_param.beta": 0.787191573, "esti_param.kappa_ne0209": 0.601111585, "esti_param.kappa_ne9901": 0.41552158, "esti_param.logit_sd_scale": 1.200062569, "esti_param.rho": 0.286964827, "grid_param.std_eps": 1.7102219440000002, "index": 5.0, "model_option.choice_names_use": "['ib', 'is', 'fb2', 'fs', 'ibfb2', 'fbis2', 'none']", "model_option.choice_set_list": "[0, 1, 102, 3, 104, 105, 6]", "predict": 0.0, "support_arg.param_combo_list_ctr_str": "_c2684", "y_opti_grid_allJ_agg": 33.6615941}