{"esti_obj.main_allperiods_obj": 8.999663123174354, "ktp_opti_grid_allJ_agg": 23.423161258187577, "ib_probJ_opti_grid_j_agg": 0.15779657544722525, "is_probJ_opti_grid_j_agg": 0.11412617527815527, "fb2_probJ_opti_grid_j_agg": 0.15657059941567947, "fs_probJ_opti_grid_j_agg": 0.1457711631417773, "ibfb2_probJ_opti_grid_j_agg": 0.14345136823223337, "fbis2_probJ_opti_grid_j_agg": 0.11115368471241549, "none_probJ_opti_grid_j_agg": 0.1711101812367044, "period_dictkey": "ne9901", "data_model": "model", "level_0": 29, "btp_fb_opti_grid_allJ_agg": -1.5736381772130414, "btp_fs_opti_grid_allJ_agg": 0.6000792819728975, "btp_ib_opti_grid_allJ_agg": -0.14690158017145194, "btp_il_opti_grid_allJ_agg": 5.046979888695944, "consumption_opti_grid_allJ_agg": 8.294361732138526, "dist_param.data__A_mu_ne0209.params.mu": -0.054273787320789246, "dist_param.data__A_mu_ne9901.params.mu": 0.30198145057215675, "dist_param.data__A_sd_ne0209.params.sd": 0.11522747348834837, "dist_param.data__A_sd_ne9901.params.sd": 0.8969820596525159, "esti_obj.main_obj": 2.8679182380529027, "esti_obj.subsets_main.agg_prob_for": 0.7074921749638953, "esti_obj.subsets_main.agg_prob_inf": 1.0448590843937706, "esti_obj.subsets_main.agg_prob_jnt": 1.0896131847472903, "esti_obj.subsets_main.agg_prob_none": 0.025953793947946273, "esti_obj.subsets_other.agg_prob": 0.37848386010527335, "esti_obj.subsets_other.agg_prob_brr": 0.19732265573622085, "esti_obj.subsets_other.agg_prob_sav": 0.16505102313234804, "esti_obj.subsets_other.mean_KYC": 2.3383841246781705, "esti_obj.subsets_other.mean_fbfs": 0.0, "esti_obj.subsets_other.mean_ibil": 0.0, "esti_param.BNF_BORR_P_ne0209": 0.8292699218621171, "esti_param.BNF_BORR_P_ne9901": 0.6686270429331362, "esti_param.BNF_SAVE_P_ne0209": 1.0587198801661257, "esti_param.BNF_SAVE_P_ne9901": 0.6482112036835985, "esti_param.BNI_BORR_P_ne0209": 1.555581265859315, "esti_param.BNI_BORR_P_ne9901": 2.1562844673223784, "esti_param.BNI_LEND_P_ne0209": 1.7410907704650767, "esti_param.BNI_LEND_P_ne9901": 1.1176876538852991, "esti_param.K_DEPRECIATION": 0.08208595520959444, "esti_param.alpha_k": 0.6706090999150294, "esti_param.beta": 0.8150166996745103, "esti_param.kappa_ne0209": 0.6333251879139219, "esti_param.kappa_ne9901": 0.4917748187344637, "esti_param.logit_sd_scale": 0.8901924671157704, "esti_param.rho": 3.1968496722824935, "grid_param.std_eps": 1.809845288326301, "index": 29.0, "model_option.choice_names_use": "['ib', 'is', 'fb2', 'fs', 'ibfb2', 'fbis2', 'none']", "model_option.choice_set_list": "[0, 1, 102, 3, 104, 105, 6]", "predict": 1.0, "support_arg.param_combo_list_ctr_str": "_c5723", "y_opti_grid_allJ_agg": 39.66787583787928}