{"esti_obj.main_allperiods_obj": 9.922959461501542, "ktp_opti_grid_allJ_agg": 17.33888978627374, "ib_probJ_opti_grid_j_agg": 0.202046739792908, "is_probJ_opti_grid_j_agg": 0.045326800778087595, "fb2_probJ_opti_grid_j_agg": 0.1869021382332412, "fs_probJ_opti_grid_j_agg": 0.10975592953477253, "ibfb2_probJ_opti_grid_j_agg": 0.18223794822385475, "fbis2_probJ_opti_grid_j_agg": 0.0768728322982013, "none_probJ_opti_grid_j_agg": 0.19693098203841153, "period_dictkey": "ne9901", "data_model": "model", "level_0": 39, "btp_fb_opti_grid_allJ_agg": -3.36525415427478, "btp_fs_opti_grid_allJ_agg": -0.21725224310379687, "btp_ib_opti_grid_allJ_agg": -2.2622891565136314, "btp_il_opti_grid_allJ_agg": -3.7427069757794698, "consumption_opti_grid_allJ_agg": 7.302682650901502, "dist_param.data__A_mu_ne0209.params.mu": 0.2705677085369048, "dist_param.data__A_mu_ne9901.params.mu": 0.004752422370536191, "dist_param.data__A_sd_ne0209.params.sd": 0.2670754395657252, "dist_param.data__A_sd_ne9901.params.sd": 0.45543648674056725, "esti_obj.main_obj": 1.1844921961776689, "esti_obj.subsets_main.agg_prob_for": 0.3717200888381884, "esti_obj.subsets_main.agg_prob_inf": 0.2908281924333253, "esti_obj.subsets_main.agg_prob_jnt": 0.3461231894355963, "esti_obj.subsets_main.agg_prob_none": 0.17582072547055902, "esti_obj.subsets_other.agg_prob": 0.2618503933097762, "esti_obj.subsets_other.agg_prob_brr": 0.14461745021647845, "esti_obj.subsets_other.agg_prob_sav": 0.07530196105488625, "esti_obj.subsets_other.mean_KYC": 1.9866988817051352, "esti_obj.subsets_other.mean_fbfs": 0.0, "esti_obj.subsets_other.mean_ibil": 0.0, "esti_param.BNF_BORR_P_ne0209": 1.6906499429852917, "esti_param.BNF_BORR_P_ne9901": 0.16754689130828954, "esti_param.BNF_SAVE_P_ne0209": 1.0185956370700437, "esti_param.BNF_SAVE_P_ne9901": 1.127952999304549, "esti_param.BNI_BORR_P_ne0209": 2.684565969620926, "esti_param.BNI_BORR_P_ne9901": 0.06744799010846342, "esti_param.BNI_LEND_P_ne0209": 2.1445865880995556, "esti_param.BNI_LEND_P_ne9901": 2.2528150138221066, "esti_param.K_DEPRECIATION": 0.08761546565963449, "esti_param.alpha_k": 0.7452050934606619, "esti_param.beta": 0.785713725982806, "esti_param.kappa_ne0209": 0.4265419451846326, "esti_param.kappa_ne9901": 0.4892327864587098, "esti_param.logit_sd_scale": 1.2272146052341983, "esti_param.rho": 0.9415508079805597, "grid_param.std_eps": 1.1853727144866386, "index": 39.0, "model_option.choice_names_use": "['ib', 'is', 'fb2', 'fs', 'ibfb2', 'fbis2', 'none']", "model_option.choice_set_list": "[0, 1, 102, 3, 104, 105, 6]", "predict": 1.0, "support_arg.param_combo_list_ctr_str": "_c3503", "y_opti_grid_allJ_agg": 16.292710634970682}