{"esti_obj.main_allperiods_obj": 8.769052237666152, "ktp_opti_grid_allJ_agg": 18.62530772355342, "ib_probJ_opti_grid_j_agg": 0.1691567031657808, "is_probJ_opti_grid_j_agg": 0.12667532109426283, "fb2_probJ_opti_grid_j_agg": 0.14780424376945084, "fs_probJ_opti_grid_j_agg": 0.0968869168495079, "ibfb2_probJ_opti_grid_j_agg": 0.14993981404423473, "fbis2_probJ_opti_grid_j_agg": 0.12479946250606311, "none_probJ_opti_grid_j_agg": 0.18469722143749934, "period_dictkey": "ne9901", "data_model": "model", "level_0": 26, "btp_fb_opti_grid_allJ_agg": -2.0581611305387355, "btp_fs_opti_grid_allJ_agg": -0.5874403140121274, "btp_ib_opti_grid_allJ_agg": -3.4415261299166673, "btp_il_opti_grid_allJ_agg": -0.9840403527682611, "consumption_opti_grid_allJ_agg": 13.602937991660696, "dist_param.data__A_mu_ne0209.params.mu": 0.3483407390321682, "dist_param.data__A_mu_ne9901.params.mu": 0.5451004431737979, "dist_param.data__A_sd_ne0209.params.sd": 0.2707056374081799, "dist_param.data__A_sd_ne9901.params.sd": 0.8064355708591576, "esti_obj.main_obj": 2.272072528270217, "esti_obj.subsets_main.agg_prob_for": 0.12185268002273753, "esti_obj.subsets_main.agg_prob_inf": 0.9747730664163469, "esti_obj.subsets_main.agg_prob_jnt": 1.087254285720346, "esti_obj.subsets_main.agg_prob_none": 0.08819249611078703, "esti_obj.subsets_other.agg_prob": 0.3451581609078668, "esti_obj.subsets_other.agg_prob_brr": 0.17309923902053362, "esti_obj.subsets_other.agg_prob_sav": 0.14236170044983382, "esti_obj.subsets_other.mean_KYC": 2.066053467577341, "esti_obj.subsets_other.mean_fbfs": 0.0, "esti_obj.subsets_other.mean_ibil": 0.0, "esti_param.BNF_BORR_P_ne0209": 1.934672603915512, "esti_param.BNF_BORR_P_ne9901": 1.2565398614299927, "esti_param.BNF_SAVE_P_ne0209": 0.0852828834366749, "esti_param.BNF_SAVE_P_ne9901": 1.4550176239900114, "esti_param.BNI_BORR_P_ne0209": 0.212258373839388, "esti_param.BNI_BORR_P_ne9901": 0.8384093358926676, "esti_param.BNI_LEND_P_ne0209": 3.2235732547953924, "esti_param.BNI_LEND_P_ne9901": 1.4398160203870547, "esti_param.K_DEPRECIATION": 0.06238449420529566, "esti_param.alpha_k": 0.7073970783213152, "esti_param.beta": 0.9321800746101978, "esti_param.kappa_ne0209": 0.11324093724648324, "esti_param.kappa_ne9901": 0.18763341955015267, "esti_param.logit_sd_scale": 1.5758313325099156, "esti_param.rho": 1.7144166942778427, "grid_param.std_eps": 1.588748241912799, "index": 26.0, "model_option.choice_names_use": "['ib', 'is', 'fb2', 'fs', 'ibfb2', 'fbis2', 'none']", "model_option.choice_set_list": "[0, 1, 102, 3, 104, 105, 6]", "predict": 1.0, "support_arg.param_combo_list_ctr_str": "_c4937", "y_opti_grid_allJ_agg": 28.35906364575885}