{"esti_obj.main_allperiods_obj": 12.547950521748824, "ktp_opti_grid_allJ_agg": 3.9751207357561036, "ktp_opti_grid_allJ_agg_var": 4.458650660054352, "ib_probJ_opti_grid_j_agg": 0.2362886895613745, "is_probJ_opti_grid_j_agg": 0.04202361759604308, "fb2_probJ_opti_grid_j_agg": 0.14965944395832587, "fs_probJ_opti_grid_j_agg": 0.1763650701649174, "ibfb2_probJ_opti_grid_j_agg": 0.12907406946635253, "fbis2_probJ_opti_grid_j_agg": 0.029874654092908223, "none_probJ_opti_grid_j_agg": 0.23671445516007145, "period_dictkey": "ce9901", "data_model": "model", "level_0": 5, "P_jp_j.0.0": 0.28127544219482736, "P_jp_j.0.1": 0.03721601452749628, "P_jp_j.0.102": 0.13723618697798842, "P_jp_j.0.104": 0.13284218105929374, "P_jp_j.0.105": 0.02655760814977144, "P_jp_j.0.3": 0.16051612900658593, "P_jp_j.0.6": 0.2243564380840368, "P_jp_j.1.0": 0.1971092357970259, "P_jp_j.1.1": 0.052324994822829776, "P_jp_j.1.102": 0.15932754772835594, "P_jp_j.1.104": 0.12567485980238527, "P_jp_j.1.105": 0.037989087498852415, "P_jp_j.1.3": 0.18864986029439468, "P_jp_j.1.6": 0.238924414056156, "P_jp_j.102.0": 0.2147626902146632, "P_jp_j.102.1": 0.04332166399385922, "P_jp_j.102.102": 0.15567195198818964, "P_jp_j.102.104": 0.12895095315889893, "P_jp_j.102.105": 0.030679882147078907, "P_jp_j.102.3": 0.18353512079643708, "P_jp_j.102.6": 0.2430777377008731, "P_jp_j.104.0": 0.2729190861225397, "P_jp_j.104.1": 0.03762179402792143, "P_jp_j.104.102": 0.13922435463699556, "P_jp_j.104.104": 0.13654208725205627, "P_jp_j.104.105": 0.027326071266201787, "P_jp_j.104.3": 0.16032279620535167, "P_jp_j.104.6": 0.22604381048893354, "P_jp_j.105.0": 0.20357870549862786, "P_jp_j.105.1": 0.05311667051938724, "P_jp_j.105.102": 0.15684458642934665, "P_jp_j.105.104": 0.1285895327321251, "P_jp_j.105.105": 0.03894893933409945, "P_jp_j.105.3": 0.18451267736817115, "P_jp_j.105.6": 0.23440888811824265, "P_jp_j.3.0": 0.20438596835471373, "P_jp_j.3.1": 0.043990235264258416, "P_jp_j.3.102": 0.15897581622194748, "P_jp_j.3.104": 0.12419227219032727, "P_jp_j.3.105": 0.0307215513343109, "P_jp_j.3.3": 0.18999923463316967, "P_jp_j.3.6": 0.2477349220012725, "P_jp_j.6.0": 0.2099749356826336, "P_jp_j.6.1": 0.04448091052950687, "P_jp_j.6.102": 0.1573708768052874, "P_jp_j.6.104": 0.1250440844576582, "P_jp_j.6.105": 0.031275408310043835, "P_jp_j.6.3": 0.1868676088583599, "P_jp_j.6.6": 0.24498617535651024, "btp_fb_opti_grid_allJ_agg": -0.2028686383457096, "btp_fb_opti_grid_allJ_agg_var": 0.19828011485295452, "btp_fs_opti_grid_allJ_agg": 0.16041863827886926, "btp_fs_opti_grid_allJ_agg_var": 0.35140536693030555, "btp_ib_opti_grid_allJ_agg": -0.4157289947376523, "btp_ib_opti_grid_allJ_agg_var": 0.4845947477979924, "btp_il_opti_grid_allJ_agg": 0.18937311271728266, "btp_il_opti_grid_allJ_agg_var": 0.9624794574675452, "btp_opti_grid_allJ_agg": -0.26880588208721, "btp_opti_grid_allJ_agg_var": 2.3132382555418447, "cash_grid_centered_allJ_agg": 5.7424412397095015, "cash_grid_centered_allJ_agg_var": 11.849061642428525, "combo_desc": "Angeletos quickBNF_BORR_P-0.500;BNF_SAVE_P-0.300;BNI_BORR_P-0.100;BNI_LEND_P-2.000;R_FORMAL_BORR-1.061;R_FORMAL_SAVE-1.011;R_INFORM_BORR-1.139;R_INFORM_SAVE-1.139;kappa-0.250BNF_BORR_P-0.500;BNF_SAVE_P-0.300;BNI_BORR_P-0.100;BNI_LEND_P-2.000;R_FORMAL_BORR-1.061;R_FORMAL_SAVE-1.011;R_INFORM_BORR-1.139;R_INFORM_SAVE-1.139;kappa-0.250", "consumption_opti_grid_allJ_agg": 1.6110688453015038, "consumption_opti_grid_allJ_agg_var": 1.8069233679958707, "data_param.A": -0.03125, "data_param.Region": 0.0, "data_param.Region_set": "[0, 1]", "data_param.Year": 0.0, "data_param.Year_set": "[0, 1]", "data_param.len_A": 1.0, "data_param.mean_A": -0.03125, "data_param.std_A": 0.0, "dist_param.data__A.dist": "normal", "dist_param.data__A.integrate.method": "grid", "dist_param.data__A.integrate.params.points": 8.0, "dist_param.data__A.params.mu": 0.18663388338875053, "dist_param.data__A.params.sd": 0.21686021699964603, "dist_param.data__A_mu_ce0209.params.mu": 0.2550698504984665, "dist_param.data__A_mu_ce9901.params.mu": 0.18663388338875053, "dist_param.data__A_mu_ne0209.dist": "normal", "dist_param.data__A_mu_ne0209.integrate.method": "grid", "dist_param.data__A_mu_ne0209.integrate.params.points": 8.0, "dist_param.data__A_mu_ne0209.params.mu": 0.18663388338875053, "dist_param.data__A_mu_ne0209.params.sd": 0.21686021699964603, "dist_param.data__A_mu_ne9901.dist": "normal", "dist_param.data__A_mu_ne9901.integrate.method": "grid", "dist_param.data__A_mu_ne9901.integrate.params.points": 8.0, "dist_param.data__A_mu_ne9901.params.mu": 0.18663388338875053, "dist_param.data__A_mu_ne9901.params.sd": 0.21686021699964603, "dist_param.data__A_sd_ce0209.params.sd": 0.18430305519994186, "dist_param.data__A_sd_ce9901.params.sd": 0.21686021699964603, "dist_param.data__A_sd_ne0209.dist": "normal", "dist_param.data__A_sd_ne0209.integrate.method": "grid", "dist_param.data__A_sd_ne0209.integrate.params.points": 8.0, "dist_param.data__A_sd_ne0209.params.mu": 0.18663388338875053, "dist_param.data__A_sd_ne0209.params.sd": 0.21686021699964603, "dist_param.data__A_sd_ne9901.dist": "normal", "dist_param.data__A_sd_ne9901.integrate.method": "grid", "dist_param.data__A_sd_ne9901.integrate.params.points": 8.0, "dist_param.data__A_sd_ne9901.params.mu": 0.18663388338875053, "dist_param.data__A_sd_ne9901.params.sd": 0.21686021699964603, "dist_param.dist_param_integrate_points.combo_desc_integrate_loop": "Productivity", "dist_param.dist_param_integrate_points.file_save_suffix_integrate_loop": "_A", "dist_param.dist_param_integrate_points.param_descs": "['A=-0.1460558307631577', 'A=-0.005752911910572173', 'A=0.08063772481011512', 'A=0.15251945418782603', 'A=0.22074831258967503', 'A=0.29263004196738596', 'A=0.3790206786880732', 'A=0.5193235975406587']", "dist_param.dist_param_integrate_points.param_names": "['A']", "dist_param.dist_param_integrate_points.param_save_suffixs": "['0', '1403', '2266', '2985', '3668', '4386', '5250', '6653']", "dist_param.dist_param_integrate_points.param_types": "['data_type']", "dist_param.dist_param_integrate_points.param_values.data_type_A": "[-0.1460558307631577, -0.005752911910572173, 0.08063772481011512, 0.15251945418782603, 0.22074831258967503, 0.29263004196738596, 0.3790206786880732, 0.5193235975406587]", "dist_param.dist_param_integrate_points.param_values_keys": "['data_type_A']", "dist_param.dist_param_integrate_points.param_weights": "[0.125, 0.125, 0.125, 0.125, 0.125, 0.125, 0.125, 0.125]", "dist_param.dist_param_integrate_points.title_integrate_loop": "Productivity Loop", "esti_obj.main_obj": 5.648751505292081, "esti_obj.subsets_main.agg_prob_for": 1.9554984139160956, "esti_obj.subsets_main.agg_prob_inf": 2.0963793315434582, "esti_obj.subsets_main.agg_prob_jnt": 0.6418465179981584, "esti_obj.subsets_main.agg_prob_none": 0.3634346916647033, "esti_obj.subsets_main.equi_BI": 0.051236985325219496, "esti_obj.subsets_main.mean_K": 0.540355564844445, "esti_obj.subsets_other.agg_prob": 0.4975220614333637, "esti_obj.subsets_other.agg_prob_brr": 0.2887033150694012, "esti_obj.subsets_other.agg_prob_sav": 0.1485332015240339, "esti_obj.subsets_other.mean_KYC": 0.4286866029677461, "esti_param.BNF_BORR_P": 0.5, "esti_param.BNF_BORR_P_ce0209": 0.5, "esti_param.BNF_BORR_P_ce9901": 0.5, "esti_param.BNF_BORR_P_ne0209": 0.5, "esti_param.BNF_BORR_P_ne9901": 0.5, "esti_param.BNF_SAVE_P": 0.3, "esti_param.BNF_SAVE_P_ce0209": 0.3, "esti_param.BNF_SAVE_P_ce9901": 0.3, "esti_param.BNF_SAVE_P_ne0209": 0.3, "esti_param.BNF_SAVE_P_ne9901": 0.3, "esti_param.BNI_BORR_P": 0.1, "esti_param.BNI_BORR_P_ce0209": 0.1, "esti_param.BNI_BORR_P_ce9901": 0.1, "esti_param.BNI_BORR_P_ne0209": 0.1, "esti_param.BNI_BORR_P_ne9901": 0.1, "esti_param.BNI_LEND_P": 2.0, "esti_param.BNI_LEND_P_ce0209": 2.0, "esti_param.BNI_LEND_P_ce9901": 2.0, "esti_param.BNI_LEND_P_ne0209": 2.0, "esti_param.BNI_LEND_P_ne9901": 2.0, "esti_param.K_DEPRECIATION": 0.15, "esti_param.R_AVG_INT": 1.1, "esti_param.R_FORMAL_BORR": 1.061, "esti_param.R_FORMAL_BORR_ce0209": 1.054,