{"esti_obj.main_allperiods_obj": 22.617344676397487, "ktp_opti_grid_allJ_agg": 3.8875077597791456, "ktp_opti_grid_allJ_agg_var": 4.312582851867599, "ib_probJ_opti_grid_j_agg": 0.24218440762844534, "is_probJ_opti_grid_j_agg": 0.04000071541133855, "fb2_probJ_opti_grid_j_agg": 0.14811658763490565, "fs_probJ_opti_grid_j_agg": 0.17512672067626495, "ibfb2_probJ_opti_grid_j_agg": 0.12843295616743525, "fbis2_probJ_opti_grid_j_agg": 0.028213849634426327, "none_probJ_opti_grid_j_agg": 0.23792476284717765, "period_dictkey": "ne0209", "data_model": "model", "level_0": 5, "P_jp_j.0.0": 0.2908265161805061, "P_jp_j.0.1": 0.03505832273863435, "P_jp_j.0.102": 0.1345639711243159, "P_jp_j.0.104": 0.13231342275008026, "P_jp_j.0.105": 0.024834626618253947, "P_jp_j.0.3": 0.1579057581032285, "P_jp_j.0.6": 0.2244973824849809, "P_jp_j.1.0": 0.1985175380104482, "P_jp_j.1.1": 0.05082598452067884, "P_jp_j.1.102": 0.15914794718308026, "P_jp_j.1.104": 0.12461343957399125, "P_jp_j.1.105": 0.036627411585060665, "P_jp_j.1.3": 0.1893138933607388, "P_jp_j.1.6": 0.2409537857660021, "P_jp_j.102.0": 0.21784024352987372, "P_jp_j.102.1": 0.041420955109169724, "P_jp_j.102.102": 0.15497592081096367, "P_jp_j.102.104": 0.12846000479890873, "P_jp_j.102.105": 0.02908945572579592, "P_jp_j.102.3": 0.1833035126654648, "P_jp_j.102.6": 0.2449099073598234, "P_jp_j.104.0": 0.2810138153619309, "P_jp_j.104.1": 0.03550752936819308, "P_jp_j.104.102": 0.13693004065028747, "P_jp_j.104.104": 0.13639623311822754, "P_jp_j.104.105": 0.02561542004784332, "P_jp_j.104.3": 0.15808568504289108, "P_jp_j.104.6": 0.22645127641062665, "P_jp_j.105.0": 0.20528182763197889, "P_jp_j.105.1": 0.05161350619918635, "P_jp_j.105.102": 0.15659004461102288, "P_jp_j.105.104": 0.1276251894117473, "P_jp_j.105.105": 0.0375702335306993, "P_jp_j.105.3": 0.1850259033099865, "P_jp_j.105.6": 0.2362932953053788, "P_jp_j.3.0": 0.20649318232211908, "P_jp_j.3.1": 0.042219238688620916, "P_jp_j.3.102": 0.1585996176257467, "P_jp_j.3.104": 0.1232953380830778, "P_jp_j.3.105": 0.02923570619101803, "P_jp_j.3.3": 0.19019956202704966, "P_jp_j.3.6": 0.24995735506236785, "P_jp_j.6.0": 0.2136447489732092, "P_jp_j.6.1": 0.0425166941790579, "P_jp_j.6.102": 0.15654098211866346, "P_jp_j.6.104": 0.12414952890604004, "P_jp_j.6.105": 0.029646115912366256, "P_jp_j.6.3": 0.18650540244422364, "P_jp_j.6.6": 0.24699652746643955, "btp_fb_opti_grid_allJ_agg": -0.19605865309325005, "btp_fb_opti_grid_allJ_agg_var": 0.19238812766534408, "btp_fs_opti_grid_allJ_agg": 0.15881196193957628, "btp_fs_opti_grid_allJ_agg_var": 0.3397955415545465, "btp_ib_opti_grid_allJ_agg": -0.4159168976217137, "btp_ib_opti_grid_allJ_agg_var": 0.4668829528247505, "btp_il_opti_grid_allJ_agg": 0.17802143286617306, "btp_il_opti_grid_allJ_agg_var": 0.8978429950198267, "btp_opti_grid_allJ_agg": -0.2751421559092144, "btp_opti_grid_allJ_agg_var": 2.2120099994437883, "cash_grid_centered_allJ_agg": 5.5748319709989325, "cash_grid_centered_allJ_agg_var": 11.29609559417311, "combo_desc": "Angeletos quickBNF_BORR_P-0.500;BNF_SAVE_P-0.300;BNI_BORR_P-0.100;BNI_LEND_P-2.000;R_FORMAL_BORR-1.061;R_FORMAL_SAVE-1.011;R_INFORM_BORR-1.139;R_INFORM_SAVE-1.139;kappa-0.250BNF_BORR_P-0.500;BNF_SAVE_P-0.300;BNI_BORR_P-0.100;BNI_LEND_P-2.000;R_FORMAL_BORR-1.061;R_FORMAL_SAVE-1.011;R_INFORM_BORR-1.139;R_INFORM_SAVE-1.139;kappa-0.250", "consumption_opti_grid_allJ_agg": 1.5455064600095945, "consumption_opti_grid_allJ_agg_var": 1.6803902788015368, "data_param.A": -0.03125, "data_param.Region": 0.0, "data_param.Region_set": "[0, 1]", "data_param.Year": 0.0, "data_param.Year_set": "[0, 1]", "data_param.len_A": 1.0, "data_param.mean_A": -0.03125, "data_param.std_A": 0.0, "dist_param.data__A.dist": "normal", "dist_param.data__A.integrate.method": "grid", "dist_param.data__A.integrate.params.points": 8.0, "dist_param.data__A.params.mu": 0.16075698287479426, "dist_param.data__A.params.sd": 0.21872302101641355, "dist_param.data__A_mu_ce0209.dist": "normal", "dist_param.data__A_mu_ce0209.integrate.method": "grid", "dist_param.data__A_mu_ce0209.integrate.params.points": 8.0, "dist_param.data__A_mu_ce0209.params.mu": 0.16075698287479426, "dist_param.data__A_mu_ce0209.params.sd": 0.21872302101641355, "dist_param.data__A_mu_ce9901.dist": "normal", "dist_param.data__A_mu_ce9901.integrate.method": "grid", "dist_param.data__A_mu_ce9901.integrate.params.points": 8.0, "dist_param.data__A_mu_ce9901.params.mu": 0.16075698287479426, "dist_param.data__A_mu_ce9901.params.sd": 0.21872302101641355, "dist_param.data__A_mu_ne0209.dist": "normal", "dist_param.data__A_mu_ne0209.integrate.method": "grid", "dist_param.data__A_mu_ne0209.integrate.params.points": 8.0, "dist_param.data__A_mu_ne0209.params.mu": 0.16075698287479426, "dist_param.data__A_mu_ne0209.params.sd": 0.25, "dist_param.data__A_mu_ne9901.dist": "normal", "dist_param.data__A_mu_ne9901.integrate.method": "grid", "dist_param.data__A_mu_ne9901.integrate.params.points": 8.0, "dist_param.data__A_mu_ne9901.params.mu": -0.12247181136598725, "dist_param.data__A_mu_ne9901.params.sd": 0.25, "dist_param.data__A_sd_ce0209.dist": "normal", "dist_param.data__A_sd_ce0209.integrate.method": "grid", "dist_param.data__A_sd_ce0209.integrate.params.points": 8.0, "dist_param.data__A_sd_ce0209.params.mu": 0.16075698287479426, "dist_param.data__A_sd_ce0209.params.sd": 0.21872302101641355, "dist_param.data__A_sd_ce9901.dist": "normal", "dist_param.data__A_sd_ce9901.integrate.method": "grid", "dist_param.data__A_sd_ce9901.integrate.params.points": 8.0, "dist_param.data__A_sd_ce9901.params.mu": 0.16075698287479426, "dist_param.data__A_sd_ce9901.params.sd": 0.21872302101641355, "dist_param.data__A_sd_ne0209.dist": "normal", "dist_param.data__A_sd_ne0209.integrate.method": "grid", "dist_param.data__A_sd_ne0209.integrate.params.points": 8.0, "dist_param.data__A_sd_ne0209.params.mu": -0.03125, "dist_param.data__A_sd_ne0209.params.sd": 0.21872302101641355, "dist_param.data__A_sd_ne9901.dist": "normal", "dist_param.data__A_sd_ne9901.integrate.method": "grid", "dist_param.data__A_sd_ne9901.integrate.params.points": 8.0, "dist_param.data__A_sd_ne9901.params.mu": -0.03125, "dist_param.data__A_sd_ne9901.params.sd": 0.28615932648603376, "dist_param.dist_param_integrate_points.combo_desc_integrate_loop": "Productivity", "dist_param.dist_param_integrate_points.file_save_suffix_integrate_loop": "_A", "dist_param.dist_param_integrate_points.param_descs": "['A=-0.17479049718933953', 'A=-0.033282392598130345', 'A=0.05385032963423318', 'A=0.12634951469869746', 'A=0.195164451050891', 'A=0.26766363611535526', 'A=0.35479635834771883', 'A=0.496304462938928']", "dist_param.dist_param_integrate_points.param_names": "['A']", "dist_param.dist_param_integrate_points.param_save_suffixs": "['0', '1415', '2286', '3011', '3699', '4424', '5295', '6710']", "dist_param.dist_param_integrate_points.param_types": "['data_type']", "dist_param.dist_param_integrate_points.param_values.data_type_A": "[-0.17479049718933953, -0.033282392598130345, 0.05385032963423318, 0.12634951469869746, 0.195164451050891, 0.26766363611535526, 0.35479635834771883, 0.496304462938928]", "dist_param.dist_param_integrate_points.param_values_keys": "['data_type_A']", "dist_param.dist_param_integrate_points.param_weights": "[0.125, 0.125, 0.125, 0.125, 0.125, 0.125, 0.125, 0.125]", "dist_param.dist_param_integrate_points.title_integrate_loop": "Productivity Loop", "esti_obj.main_obj": 16.382981584788684, "esti_obj.subsets_main.agg_prob_for": 2.136478920983174, "esti_obj.subsets_main.agg_prob_inf": 3.254740787552148, "esti_obj.subsets_main.agg_prob_jnt": 4.111726348929695, "esti_obj.subsets_main.agg_prob_none": 3.3096619337001827, "esti_obj.subsets_main.equi_BI": 0.05659425215125467, "esti_obj.subsets_main.mean_K": 3.513779341472232, "esti_obj.subsets_other.agg_prob": 0.7944717823037821, "esti_obj.subsets_other.agg_prob_brr": 0.5186348638261045, "esti_obj.subsets_other.agg_prob_sav": 0.09391215563050008, "esti_obj.subsets_other.mean_KYC": 0.6845633206247516,