{"esti_obj.main_allperiods_obj": 22.622831129858614, "ktp_opti_grid_allJ_agg": 2.789246289730864, "ktp_opti_grid_allJ_agg_var": 2.6558435926677366, "ib_probJ_opti_grid_j_agg": 0.3122797020964749, "is_probJ_opti_grid_j_agg": 0.02526207757434284, "fb2_probJ_opti_grid_j_agg": 0.114971704486615, "fs_probJ_opti_grid_j_agg": 0.14935100990620542, "ibfb2_probJ_opti_grid_j_agg": 0.11369278975183708, "fbis2_probJ_opti_grid_j_agg": 0.01619366899716299, "none_probJ_opti_grid_j_agg": 0.26824904718735665, "period_dictkey": "ne9901", "data_model": "model", "level_0": 3, "P_jp_j.0.0": 0.3726493896964205, "P_jp_j.0.1": 0.021194452617378325, "P_jp_j.0.102": 0.0949104204887507, "P_jp_j.0.104": 0.1105414254554299, "P_jp_j.0.105": 0.013835174518236234, "P_jp_j.0.3": 0.12361450318979708, "P_jp_j.0.6": 0.2632546340339873, "P_jp_j.1.0": 0.21926769600772525, "P_jp_j.1.1": 0.04225736238211252, "P_jp_j.1.102": 0.14396217587305235, "P_jp_j.1.104": 0.11737025631619387, "P_jp_j.1.105": 0.028443929122901574, "P_jp_j.1.3": 0.1888390243822387, "P_jp_j.1.6": 0.2598595559157758, "P_jp_j.102.0": 0.25861087061337384, "P_jp_j.102.1": 0.027611506640018425, "P_jp_j.102.102": 0.13398118203330436, "P_jp_j.102.104": 0.12418558570620468, "P_jp_j.102.105": 0.01730473588033844, "P_jp_j.102.3": 0.17342025640465947, "P_jp_j.102.6": 0.26488586272210085, "P_jp_j.104.0": 0.3309903632814497, "P_jp_j.104.1": 0.022518958048053442, "P_jp_j.104.102": 0.10960642148201777, "P_jp_j.104.104": 0.11819549942197873, "P_jp_j.104.105": 0.01455108364113419, "P_jp_j.104.3": 0.1407717703071674, "P_jp_j.104.6": 0.2633659038181988, "P_jp_j.105.0": 0.23058140811566435, "P_jp_j.105.1": 0.047256561814792215, "P_jp_j.105.102": 0.13900718016527078, "P_jp_j.105.104": 0.11740622437919385, "P_jp_j.105.105": 0.03177167460639703, "P_jp_j.105.3": 0.1829788687977388, "P_jp_j.105.6": 0.250998082120943, "P_jp_j.3.0": 0.2383147881428819, "P_jp_j.3.1": 0.028368340283087164, "P_jp_j.3.102": 0.1399463702033358, "P_jp_j.3.104": 0.11826784870969112, "P_jp_j.3.105": 0.0173124448314312, "P_jp_j.3.3": 0.18458370878391647, "P_jp_j.3.6": 0.2732064990456564, "P_jp_j.6.0": 0.2907236641424767, "P_jp_j.6.1": 0.026200190924693733, "P_jp_j.6.102": 0.1220012378129932, "P_jp_j.6.104": 0.11186608508437468, "P_jp_j.6.105": 0.01654201552371306, "P_jp_j.6.3": 0.15847363975600293, "P_jp_j.6.6": 0.27419316675574584, "btp_fb_opti_grid_allJ_agg": -0.11586986585637528, "btp_fb_opti_grid_allJ_agg_var": 0.09656643279504706, "btp_fs_opti_grid_allJ_agg": 0.16265526164910446, "btp_fs_opti_grid_allJ_agg_var": 0.351213963541272, "btp_ib_opti_grid_allJ_agg": -0.2368653984745, "btp_ib_opti_grid_allJ_agg_var": 0.1967592059513418, "btp_il_opti_grid_allJ_agg": 0.13729834041098715, "btp_il_opti_grid_allJ_agg_var": 0.7361143643215013, "btp_opti_grid_allJ_agg": -0.052781662270783715, "btp_opti_grid_allJ_agg_var": 1.480191121282191, "cash_grid_centered_allJ_agg": 4.041543086467321, "cash_grid_centered_allJ_agg_var": 8.094423282283323, "combo_desc": "Angeletos quickBNF_BORR_P-0.500;BNF_SAVE_P-0.300;BNI_BORR_P-0.100;BNI_LEND_P-2.000;R_FORMAL_BORR-1.148;R_FORMAL_SAVE-1.033;R_INFORM_BORR-1.279;R_INFORM_SAVE-1.279;kappa-0.250BNF_BORR_P-0.500;BNF_SAVE_P-0.300;BNI_BORR_P-0.100;BNI_LEND_P-2.000;R_FORMAL_BORR-1.148;R_FORMAL_SAVE-1.033;R_INFORM_BORR-1.279;R_INFORM_SAVE-1.279;kappa-0.250", "consumption_opti_grid_allJ_agg": 0.981401924029486, "consumption_opti_grid_allJ_agg_var": 0.9029484038881148, "data_param.A": -0.03125, "data_param.Region": 0.0, "data_param.Region_set": "[0, 1]", "data_param.Year": 0.0, "data_param.Year_set": "[0, 1]", "data_param.len_A": 1.0, "data_param.mean_A": -0.03125, "data_param.std_A": 0.0, "dist_param.data__A.dist": "normal", "dist_param.data__A.integrate.method": "grid", "dist_param.data__A.integrate.params.points": 8.0, "dist_param.data__A.params.mu": -0.12598278376159724, "dist_param.data__A.params.sd": 0.28675303802645064, "dist_param.data__A_mu_ce0209.dist": "normal", "dist_param.data__A_mu_ce0209.integrate.method": "grid", "dist_param.data__A_mu_ce0209.integrate.params.points": 8.0, "dist_param.data__A_mu_ce0209.params.mu": -0.12598278376159724, "dist_param.data__A_mu_ce0209.params.sd": 0.28675303802645064, "dist_param.data__A_mu_ce9901.dist": "normal", "dist_param.data__A_mu_ce9901.integrate.method": "grid", "dist_param.data__A_mu_ce9901.integrate.params.points": 8.0, "dist_param.data__A_mu_ce9901.params.mu": -0.12598278376159724, "dist_param.data__A_mu_ce9901.params.sd": 0.28675303802645064, "dist_param.data__A_mu_ne0209.dist": "normal", "dist_param.data__A_mu_ne0209.integrate.method": "grid", "dist_param.data__A_mu_ne0209.integrate.params.points": 8.0, "dist_param.data__A_mu_ne0209.params.mu": 0.1639119072073047, "dist_param.data__A_mu_ne0209.params.sd": 0.25, "dist_param.data__A_mu_ne9901.dist": "normal", "dist_param.data__A_mu_ne9901.integrate.method": "grid", "dist_param.data__A_mu_ne9901.integrate.params.points": 8.0, "dist_param.data__A_mu_ne9901.params.mu": -0.12598278376159724, "dist_param.data__A_mu_ne9901.params.sd": 0.25, "dist_param.data__A_sd_ce0209.dist": "normal", "dist_param.data__A_sd_ce0209.integrate.method": "grid", "dist_param.data__A_sd_ce0209.integrate.params.points": 8.0, "dist_param.data__A_sd_ce0209.params.mu": -0.12598278376159724, "dist_param.data__A_sd_ce0209.params.sd": 0.28675303802645064, "dist_param.data__A_sd_ce9901.dist": "normal", "dist_param.data__A_sd_ce9901.integrate.method": "grid", "dist_param.data__A_sd_ce9901.integrate.params.points": 8.0, "dist_param.data__A_sd_ce9901.params.mu": -0.12598278376159724, "dist_param.data__A_sd_ce9901.params.sd": 0.28675303802645064, "dist_param.data__A_sd_ne0209.dist": "normal", "dist_param.data__A_sd_ne0209.integrate.method": "grid", "dist_param.data__A_sd_ne0209.integrate.params.points": 8.0, "dist_param.data__A_sd_ne0209.params.mu": -0.03125, "dist_param.data__A_sd_ne0209.params.sd": 0.21808390415839934, "dist_param.data__A_sd_ne9901.dist": "normal", "dist_param.data__A_sd_ne9901.integrate.method": "grid", "dist_param.data__A_sd_ne9901.integrate.params.points": 8.0, "dist_param.data__A_sd_ne9901.params.mu": -0.03125, "dist_param.data__A_sd_ne9901.params.sd": 0.28675303802645064, "dist_param.dist_param_integrate_points.combo_desc_integrate_loop": "Productivity", "dist_param.dist_param_integrate_points.file_save_suffix_integrate_loop": "_A", "dist_param.dist_param_integrate_points.param_descs": "['A=-0.5658965105534821', 'A=-0.38037475473497184', 'A=-0.26614090456439415', 'A=-0.1710921004875845', 'A=-0.08087346703560999', 'A=0.014175337041199665', 'A=0.12840918721177733', 'A=0.31393094303028757']", "dist_param.dist_param_integrate_points.param_names": "['A']", "dist_param.dist_param_integrate_points.param_save_suffixs": "['0', '1855', '2997', '3948', '4850', '5800', '6943', '8798']", "dist_param.dist_param_integrate_points.param_types": "['data_type']", "dist_param.dist_param_integrate_points.param_values.data_type_A": "[-0.5658965105534821, -0.38037475473497184, -0.26614090456439415, -0.1710921004875845, -0.08087346703560999, 0.014175337041199665, 0.12840918721177733, 0.31393094303028757]", "dist_param.dist_param_integrate_points.param_values_keys": "['data_type_A']", "dist_param.dist_param_integrate_points.param_weights": "[0.125, 0.125, 0.125, 0.125, 0.125, 0.125, 0.125, 0.125]", "dist_param.dist_param_integrate_points.title_integrate_loop": "Productivity Loop", "esti_obj.main_obj": 6.2474085928230405, "esti_obj.subsets_main.agg_prob_for": 0.8788123827180255, "esti_obj.subsets_main.agg_prob_inf": 0.5880242996189782, "esti_obj.subsets_main.agg_prob_jnt": 1.9548697685179512, "esti_obj.subsets_main.agg_prob_none": 1.2825346688844133, "esti_obj.subsets_main.equi_BI": 0.009913599051422941, "esti_obj.subsets_main.mean_K": 1.53325387403225, "esti_obj.subsets_other.agg_prob": 0.5267595183800791, "esti_obj.subsets_other.agg_prob_brr": 0.22361520785802286, "esti_obj.subsets_other.agg_prob_sav": 0.1898952633346996, "esti_obj.subsets_other.mean_KYC": 0.5563825773986061,