{"esti_obj.main_allperiods_obj": 17.567912036071633, "ktp_opti_grid_allJ_agg": 3.5285606914685963, "ktp_opti_grid_allJ_agg_var": 3.162268944086616, "ib_probJ_opti_grid_j_agg": 0.27755048608639904, "is_probJ_opti_grid_j_agg": 0.02216366704925213, "fb2_probJ_opti_grid_j_agg": 0.15087243150315552, "fs_probJ_opti_grid_j_agg": 0.16240812783830014, "ibfb2_probJ_opti_grid_j_agg": 0.13527827300674994, "fbis2_probJ_opti_grid_j_agg": 0.015761691874581547, "none_probJ_opti_grid_j_agg": 0.2359653226415465, "period_dictkey": "ce0209", "data_model": "model", "level_0": 6, "P_jp_j.0.0": 0.37342306043867374, "P_jp_j.0.1": 0.015011934129471103, "P_jp_j.0.102": 0.13483790843379756, "P_jp_j.0.104": 0.13760818385018292, "P_jp_j.0.105": 0.010882582291982926, "P_jp_j.0.3": 0.126548442635962, "P_jp_j.0.6": 0.20168788821992967, "P_jp_j.1.0": 0.19210021961742726, "P_jp_j.1.1": 0.03673683849895087, "P_jp_j.1.102": 0.16287119063258648, "P_jp_j.1.104": 0.12858070268417068, "P_jp_j.1.105": 0.02635039765965562, "P_jp_j.1.3": 0.1955978218731189, "P_jp_j.1.6": 0.2577628290340901, "P_jp_j.102.0": 0.2541678073870747, "P_jp_j.102.1": 0.023128208104949786, "P_jp_j.102.102": 0.15735961983449248, "P_jp_j.102.104": 0.1420299429737463, "P_jp_j.102.105": 0.016389786633085532, "P_jp_j.102.3": 0.1672576826983408, "P_jp_j.102.6": 0.2396669523683105, "P_jp_j.104.0": 0.3316616215014222, "P_jp_j.104.1": 0.01851804086371898, "P_jp_j.104.102": 0.14305634463148034, "P_jp_j.104.104": 0.14013144317604434, "P_jp_j.104.105": 0.013425909830503676, "P_jp_j.104.3": 0.13899734363142555, "P_jp_j.104.6": 0.21420929636540487, "P_jp_j.105.0": 0.22737736020183305, "P_jp_j.105.1": 0.035034164798698336, "P_jp_j.105.102": 0.15963745508928007, "P_jp_j.105.104": 0.1378038264561728, "P_jp_j.105.105": 0.025374330536523788, "P_jp_j.105.3": 0.17784160812804967, "P_jp_j.105.6": 0.2369312547894425, "P_jp_j.3.0": 0.2027956188792483, "P_jp_j.3.1": 0.02679003700522356, "P_jp_j.3.102": 0.16178355096465086, "P_jp_j.3.104": 0.12900872461192453, "P_jp_j.3.105": 0.018794560786389337, "P_jp_j.3.3": 0.19386659626563849, "P_jp_j.3.6": 0.2669609114869248, "P_jp_j.6.0": 0.2115397851807372, "P_jp_j.6.1": 0.02663636868854976, "P_jp_j.6.102": 0.16084362521281426, "P_jp_j.6.104": 0.13021407172111374, "P_jp_j.6.105": 0.01871407083431097, "P_jp_j.6.3": 0.1891078363429552, "P_jp_j.6.6": 0.2629442420195189, "btp_fb_opti_grid_allJ_agg": -0.3765070892265477, "btp_fb_opti_grid_allJ_agg_var": 0.6573717546308957, "btp_fs_opti_grid_allJ_agg": 0.15335380147946595, "btp_fs_opti_grid_allJ_agg_var": 0.326509601432119, "btp_ib_opti_grid_allJ_agg": -0.5953294125545747, "btp_ib_opti_grid_allJ_agg_var": 1.0389504881312848, "btp_il_opti_grid_allJ_agg": 0.08771545175965614, "btp_il_opti_grid_allJ_agg_var": 0.3712379518211574, "btp_opti_grid_allJ_agg": -0.7307672485420004, "btp_opti_grid_allJ_agg_var": 2.371039093516136, "cash_grid_centered_allJ_agg": 4.237867856447629, "cash_grid_centered_allJ_agg_var": 6.179231226555912, "combo_desc": "Angeletos quickBNF_BORR_P-0.500;BNF_SAVE_P-0.300;BNI_BORR_P-0.100;BNI_LEND_P-2.000;R_FORMAL_BORR-1.054;R_FORMAL_SAVE-1.010;R_INFORM_BORR-1.094;R_INFORM_SAVE-1.094;kappa-0.596;kappa_ce0209-0.596;kappa_ce9901-0.590", "consumption_opti_grid_allJ_agg": 1.0621257210211008, "consumption_opti_grid_allJ_agg_var": 0.6397653847079106, "data_param.A": -0.03125, "data_param.Region": 0.0, "data_param.Region_set": "[0, 1]", "data_param.Year": 0.0, "data_param.Year_set": "[0, 1]", "data_param.len_A": 1.0, "data_param.mean_A": -0.03125, "data_param.std_A": 0.0, "esti_obj.main_obj": 10.580993148812855, "esti_obj.subsets_main.agg_prob_for": 4.019929054236803, "esti_obj.subsets_main.agg_prob_inf": 4.714490246558264, "esti_obj.subsets_main.agg_prob_jnt": 0.055416741603933874, "esti_obj.subsets_main.agg_prob_none": 0.9597204440262294, "esti_obj.subsets_main.equi_BI": 0.2576719331939052, "esti_obj.subsets_main.mean_K": 0.5737647291937196, "esti_obj.subsets_other.agg_prob": 0.6300316174559063, "esti_obj.subsets_other.agg_prob_brr": 0.3153997815764935, "esti_obj.subsets_other.agg_prob_sav": 0.21666651323786612, "esti_obj.subsets_other.mean_KYC": 0.4351645071209865, "esti_param.BNF_BORR_P": 0.5, "esti_param.BNF_BORR_P_ce0209": 0.5, "esti_param.BNF_BORR_P_ce9901": 0.5, "esti_param.BNF_BORR_P_ne0209": 0.5, "esti_param.BNF_BORR_P_ne9901": 0.5, "esti_param.BNF_SAVE_P": 0.3, "esti_param.BNF_SAVE_P_ce0209": 0.3, "esti_param.BNF_SAVE_P_ce9901": 0.3, "esti_param.BNF_SAVE_P_ne0209": 0.3, "esti_param.BNF_SAVE_P_ne9901": 0.3, "esti_param.BNI_BORR_P": 0.1, "esti_param.BNI_BORR_P_ce0209": 0.1, "esti_param.BNI_BORR_P_ce9901": 0.1, "esti_param.BNI_BORR_P_ne0209": 0.1, "esti_param.BNI_BORR_P_ne9901": 0.1, "esti_param.BNI_LEND_P": 2.0, "esti_param.BNI_LEND_P_ce0209": 2.0, "esti_param.BNI_LEND_P_ce9901": 2.0, "esti_param.BNI_LEND_P_ne0209": 2.0, "esti_param.BNI_LEND_P_ne9901": 2.0, "esti_param.K_DEPRECIATION": 0.15, "esti_param.R_AVG_INT": 1.1, "esti_param.R_FORMAL_BORR": 1.054, "esti_param.R_FORMAL_BORR_ce0209": 1.054, "esti_param.R_FORMAL_BORR_ce9901": 1.061, "esti_param.R_FORMAL_BORR_ne0209": 1.061, "esti_param.R_FORMAL_BORR_ne9901": 1.148, "esti_param.R_FORMAL_SAVE": 1.01, "esti_param.R_FORMAL_SAVE_ce0209": 1.01, "esti_param.R_FORMAL_SAVE_ce9901": 1.011, "esti_param.R_FORMAL_SAVE_ne0209": 1.011, "esti_param.R_FORMAL_SAVE_ne9901": 1.033, "esti_param.R_INFORM": 1.1, "esti_param.R_INFORM_BORR": 1.094, "esti_param.R_INFORM_BORR_ce0209": 1.094, "esti_param.R_INFORM_BORR_ce9901": 1.139, "esti_param.R_INFORM_BORR_ne0209": 1.139, "esti_param.R_INFORM_BORR_ne9901": 1.279, "esti_param.R_INFORM_SAVE": 1.094, "esti_param.R_INFORM_SAVE_ce0209": 1.094, "esti_param.R_INFORM_SAVE_ce9901": 1.139, "esti_param.R_INFORM_SAVE_ne0209": 1.139, "esti_param.R_INFORM_SAVE_ne9901": 1.279, "esti_param.alpha_k": 0.36, "esti_param.beta": 0.96, "esti_param.c_min_bound": 0.001, "esti_param.kappa": 0.5958582839421444, "esti_param.kappa_ce0209": 0.5958582839421444, "esti_param.kappa_ce9901": 0.5901206821570457, "esti_param.kappa_ne0209": 0.25, "esti_param.kappa_ne9901": 0.25, "esti_param.logit_sd_scale": 1.0, "esti_param.rho": 1.0, "fb2_btp_fb_opti_grid_j_agg": -0.07404985116249466, "fb2_btp_fb_opti_grid_j_agg_ifj": -0.4693708783140518, "fb2_btp_fs_opti_grid_j_agg": 0.0, "fb2_btp_fs_opti_grid_j_agg_ifj": 0.0, "fb2_btp_ib_opti_grid_j_agg": 0.0, "fb2_btp_ib_opti_grid_j_agg_ifj": 0.0, "fb2_btp_il_opti_grid_j_agg": 0.0, "fb2_btp_il_opti_grid_j_agg_ifj": 0.0, "fb2_btp_opti_grid_j_agg": -0.07404985116249466, "fb2_btp_opti_grid_j_agg_ifj": -0.4693708783140518, "fb2_consumption_opti_grid_j_agg": 0.16312075619180716, "fb2_consumption_opti_grid_j_agg_ifj": 1.0026659419958823, "fb2_ktp_opti_grid_j_agg": 0.5143842770933724, "fb2_ktp_opti_grid_j_agg_ifj": 3.1848511162836632, "fbis2_btp_fb_opti_grid_j_agg": -0.023987130548667968, "fbis2_btp_fb_opti_grid_j_agg_ifj": -0.970141661055412, "fbis2_btp_fs_opti_grid_j_agg": 0.0, "fbis2_btp_fs_opti_grid_j_agg_ifj": 0.0, "fbis2_btp_ib_opti_grid_j_agg": 0.0, "fbis2_btp_ib_opti_grid_j_agg_ifj": 0.0, "fbis2_btp_il_opti_grid_j_agg": 0.044410950870335295, "fbis2_btp_il_opti_grid_j_agg_ifj": 0.8103703570206394, "fbis2_btp_opti_grid_j_agg": 0.02042382032166732, "fbis2_btp_opti_grid_j_agg_ifj": -0.1597713040347727, "fbis2_consumption_opti_grid_j_agg": 0.022974817603464925, "fbis2_consumption_opti_grid_j_agg_ifj": 0.5075832503398057, "fbis2_ktp_opti_grid_j_agg": 0.040256435456382834, "fbis2_ktp_opti_grid_j_agg_ifj": 1.628141602122308, "file_save_suffix": "_20180918x_list_tKap_mlt_ce1a2_c0_kapp_ce99014328_kapp_ce02094346_20180918091430297696_exo_wgtJ", "fs_btp_fb_opti_grid_j_agg": 0.0, "fs_btp_fb_opti_grid_j_agg_ifj": 0.0, "fs_btp_fs_opti_grid_j_agg": 0.15335380147946595, "fs_btp_fs_opti_grid_j_agg_ifj": 0.7325826854780688, "fs_btp_ib_opti_grid_j_agg": 0.0, "fs_btp_ib_opti_grid_j_agg_ifj": 0.0, "fs_btp_il_opti_grid_j_agg": 0.0, "fs_btp_il_opti_grid_j_agg_ifj": 0.0, "fs_btp_opti_grid_j_agg": 0.15335380147946595, "fs_btp_opti_grid_j_agg_ifj": 0.7325826854780688,