{"esti_obj.main_allperiods_obj": 17.567562261797825, "ktp_opti_grid_allJ_agg": 3.3080306271577338, "ktp_opti_grid_allJ_agg_var": 2.9126001047486203, "ib_probJ_opti_grid_j_agg": 0.2808324968386577, "is_probJ_opti_grid_j_agg": 0.023252788728497224, "fb2_probJ_opti_grid_j_agg": 0.14915827855645675, "fs_probJ_opti_grid_j_agg": 0.16184945716222465, "ibfb2_probJ_opti_grid_j_agg": 0.13105739014792395, "fbis2_probJ_opti_grid_j_agg": 0.016660638951038555, "none_probJ_opti_grid_j_agg": 0.2371889496152066, "period_dictkey": "ce9901", "data_model": "model", "level_0": 1, "P_jp_j.0.0": 0.35928137048327274, "P_jp_j.0.1": 0.01686887143538953, "P_jp_j.0.102": 0.13546104453905922, "P_jp_j.0.104": 0.13340476107555516, "P_jp_j.0.105": 0.012170480636309542, "P_jp_j.0.3": 0.13148578186985269, "P_jp_j.0.6": 0.21132768996056125, "P_jp_j.1.0": 0.2032509804957009, "P_jp_j.1.1": 0.03937915870483101, "P_jp_j.1.102": 0.15993882035432266, "P_jp_j.1.104": 0.12378305564982953, "P_jp_j.1.105": 0.028576890478771936, "P_jp_j.1.3": 0.1927807008628007, "P_jp_j.1.6": 0.2522903934537434, "P_jp_j.102.0": 0.26063671029116403, "P_jp_j.102.1": 0.023929787915379967, "P_jp_j.102.102": 0.15575430189061035, "P_jp_j.102.104": 0.13831591748497696, "P_jp_j.102.105": 0.01713168550107944, "P_jp_j.102.3": 0.16564558520268247, "P_jp_j.102.6": 0.2385860117141068, "P_jp_j.104.0": 0.3304308546708156, "P_jp_j.104.1": 0.019330325272629383, "P_jp_j.104.102": 0.14203836782705542, "P_jp_j.104.104": 0.13670356464346028, "P_jp_j.104.105": 0.014161166777788009, "P_jp_j.104.3": 0.1385192640660396, "P_jp_j.104.6": 0.21881645674221195, "P_jp_j.105.0": 0.2310628545260321, "P_jp_j.105.1": 0.037792719628073804, "P_jp_j.105.102": 0.15802316409017858, "P_jp_j.105.104": 0.13314379289852832, "P_jp_j.105.105": 0.027714019777526005, "P_jp_j.105.3": 0.17731499108325116, "P_jp_j.105.6": 0.23494845799640984, "P_jp_j.3.0": 0.21592655570431127, "P_jp_j.3.1": 0.02744425243444468, "P_jp_j.3.102": 0.15868580601269353, "P_jp_j.3.104": 0.12432002849772385, "P_jp_j.3.105": 0.01942729888269956, "P_jp_j.3.3": 0.1908949013432845, "P_jp_j.3.6": 0.2633011571248428, "P_jp_j.6.0": 0.2286349401303023, "P_jp_j.6.1": 0.027090596038061927, "P_jp_j.6.102": 0.1569811404537968, "P_jp_j.6.104": 0.1257576732314054, "P_jp_j.6.105": 0.019229356020379264, "P_jp_j.6.3": 0.1843656170587676, "P_jp_j.6.6": 0.25794067706728685, "btp_fb_opti_grid_allJ_agg": -0.3611643497691596, "btp_fb_opti_grid_allJ_agg_var": 0.6323013642819887, "btp_fs_opti_grid_allJ_agg": 0.15295863327908216, "btp_fs_opti_grid_allJ_agg_var": 0.32303121850501704, "btp_ib_opti_grid_allJ_agg": -0.34521719389055466, "btp_ib_opti_grid_allJ_agg_var": 0.3360335394316721, "btp_il_opti_grid_allJ_agg": 0.1046719968866106, "btp_il_opti_grid_allJ_agg_var": 0.4639027004489006, "btp_opti_grid_allJ_agg": -0.4487509134940215, "btp_opti_grid_allJ_agg_var": 1.8067724932667657, "cash_grid_centered_allJ_agg": 4.282337515793223, "cash_grid_centered_allJ_agg_var": 6.176281180834303, "combo_desc": "Angeletos quickBNF_BORR_P-0.500;BNF_SAVE_P-0.300;BNI_BORR_P-0.100;BNI_LEND_P-2.000;R_FORMAL_BORR-1.061;R_FORMAL_SAVE-1.011;R_INFORM_BORR-1.139;R_INFORM_SAVE-1.139;kappa-0.595;kappa_ce0209-0.591;kappa_ce9901-0.595", "consumption_opti_grid_allJ_agg": 1.0568551162343471, "consumption_opti_grid_allJ_agg_var": 0.6266601929889979, "data_param.A": -0.03125, "data_param.Region": 0.0, "data_param.Region_set": "[0, 1]", "data_param.Year": 0.0, "data_param.Year_set": "[0, 1]", "data_param.len_A": 1.0, "data_param.mean_A": -0.03125, "data_param.std_A": 0.0, "esti_obj.main_obj": 6.989657706065969, "esti_obj.subsets_main.agg_prob_for": 2.3420704769021143, "esti_obj.subsets_main.agg_prob_inf": 3.5703236722263982, "esti_obj.subsets_main.agg_prob_jnt": 0.6570415663514311, "esti_obj.subsets_main.agg_prob_none": 0.35773617481322945, "esti_obj.subsets_main.equi_BI": 0.05786199180166625, "esti_obj.subsets_main.mean_K": 0.004623823971127121, "esti_obj.subsets_other.agg_prob": 0.5407797739731579, "esti_obj.subsets_other.agg_prob_brr": 0.3357316084301249, "esti_obj.subsets_other.agg_prob_sav": 0.14523711515823956, "esti_obj.subsets_other.mean_KYC": 0.1303828072041458, "esti_param.BNF_BORR_P": 0.5, "esti_param.BNF_BORR_P_ce0209": 0.5, "esti_param.BNF_BORR_P_ce9901": 0.5, "esti_param.BNF_BORR_P_ne0209": 0.5, "esti_param.BNF_BORR_P_ne9901": 0.5, "esti_param.BNF_SAVE_P": 0.3, "esti_param.BNF_SAVE_P_ce0209": 0.3, "esti_param.BNF_SAVE_P_ce9901": 0.3, "esti_param.BNF_SAVE_P_ne0209": 0.3, "esti_param.BNF_SAVE_P_ne9901": 0.3, "esti_param.BNI_BORR_P": 0.1, "esti_param.BNI_BORR_P_ce0209": 0.1, "esti_param.BNI_BORR_P_ce9901": 0.1, "esti_param.BNI_BORR_P_ne0209": 0.1, "esti_param.BNI_BORR_P_ne9901": 0.1, "esti_param.BNI_LEND_P": 2.0, "esti_param.BNI_LEND_P_ce0209": 2.0, "esti_param.BNI_LEND_P_ce9901": 2.0, "esti_param.BNI_LEND_P_ne0209": 2.0, "esti_param.BNI_LEND_P_ne9901": 2.0, "esti_param.K_DEPRECIATION": 0.15, "esti_param.R_AVG_INT": 1.1, "esti_param.R_FORMAL_BORR": 1.061, "esti_param.R_FORMAL_BORR_ce0209": 1.054, "esti_param.R_FORMAL_BORR_ce9901": 1.061, "esti_param.R_FORMAL_BORR_ne0209": 1.061, "esti_param.R_FORMAL_BORR_ne9901": 1.148, "esti_param.R_FORMAL_SAVE": 1.011, "esti_param.R_FORMAL_SAVE_ce0209": 1.01, "esti_param.R_FORMAL_SAVE_ce9901": 1.011, "esti_param.R_FORMAL_SAVE_ne0209": 1.011, "esti_param.R_FORMAL_SAVE_ne9901": 1.033, "esti_param.R_INFORM": 1.1, "esti_param.R_INFORM_BORR": 1.139, "esti_param.R_INFORM_BORR_ce0209": 1.094, "esti_param.R_INFORM_BORR_ce9901": 1.139, "esti_param.R_INFORM_BORR_ne0209": 1.139, "esti_param.R_INFORM_BORR_ne9901": 1.279, "esti_param.R_INFORM_SAVE": 1.139, "esti_param.R_INFORM_SAVE_ce0209": 1.094, "esti_param.R_INFORM_SAVE_ce9901": 1.139, "esti_param.R_INFORM_SAVE_ne0209": 1.139, "esti_param.R_INFORM_SAVE_ne9901": 1.279, "esti_param.alpha_k": 0.36, "esti_param.beta": 0.96, "esti_param.c_min_bound": 0.001, "esti_param.kappa": 0.5951206821570457, "esti_param.kappa_ce0209": 0.5908582839421443, "esti_param.kappa_ce9901": 0.5951206821570457, "esti_param.kappa_ne0209": 0.25, "esti_param.kappa_ne9901": 0.25, "esti_param.logit_sd_scale": 1.0, "esti_param.rho": 1.0, "fb2_btp_fb_opti_grid_j_agg": -0.068599513686846, "fb2_btp_fb_opti_grid_j_agg_ifj": -0.4327036514279137, "fb2_btp_fs_opti_grid_j_agg": 0.0, "fb2_btp_fs_opti_grid_j_agg_ifj": 0.0, "fb2_btp_ib_opti_grid_j_agg": 0.0, "fb2_btp_ib_opti_grid_j_agg_ifj": 0.0, "fb2_btp_il_opti_grid_j_agg": 0.0, "fb2_btp_il_opti_grid_j_agg_ifj": 0.0, "fb2_btp_opti_grid_j_agg": -0.068599513686846, "fb2_btp_opti_grid_j_agg_ifj": -0.4327036514279137, "fb2_consumption_opti_grid_j_agg": 0.16085130957686178, "fb2_consumption_opti_grid_j_agg_ifj": 1.0063525236527775, "fb2_ktp_opti_grid_j_agg": 0.5072951900123153, "fb2_ktp_opti_grid_j_agg_ifj": 3.1882100497424224, "fbis2_btp_fb_opti_grid_j_agg": -0.02222582379422996, "fbis2_btp_fb_opti_grid_j_agg_ifj": -0.8819087927886702, "fbis2_btp_fs_opti_grid_j_agg": 0.0, "fbis2_btp_fs_opti_grid_j_agg_ifj": 0.0, "fbis2_btp_ib_opti_grid_j_agg": 0.0, "fbis2_btp_ib_opti_grid_j_agg_ifj": 0.0, "fbis2_btp_il_opti_grid_j_agg": 0.051890123106320296, "fbis2_btp_il_opti_grid_j_agg_ifj": 0.9491116334312806, "fbis2_btp_opti_grid_j_agg": 0.029664299312090338, "fbis2_btp_opti_grid_j_agg_ifj": 0.06720284064261041, "fbis2_consumption_opti_grid_j_agg": 0.024366770741657016, "fbis2_consumption_opti_grid_j_agg_ifj": 0.5151176487633135, "fbis2_ktp_opti_grid_j_agg": 0.03734675076939237, "fbis2_ktp_opti_grid_j_agg_ifj": 1.4818990823712357, "file_save_suffix": "_20180918x_list_tKap_mlt_ce1a2_c0_kapp_ce99014328_kapp_ce02094346_20180918091427826112_exo_wgtJ", "fs_btp_fb_opti_grid_j_agg": 0.0, "fs_btp_fb_opti_grid_j_agg_ifj": 0.0, "fs_btp_fs_opti_grid_j_agg": 0.15295863327908218, "fs_btp_fs_opti_grid_j_agg_ifj": 0.7447864870020657, "fs_btp_ib_opti_grid_j_agg": 0.0, "fs_btp_ib_opti_grid_j_agg_ifj": 0.0, "fs_btp_il_opti_grid_j_agg": 0.0, "fs_btp_il_opti_grid_j_agg_ifj": 0.0, "fs_btp_opti_grid_j_agg": 0.15295863327908218, "fs_btp_opti_grid_j_agg_ifj": 0.7447864870020657,