{"esti_obj.main_allperiods_obj": 22.490883288082667, "ktp_opti_grid_allJ_agg": 3.319493364730164, "ktp_opti_grid_allJ_agg_var": 2.9395883632618482, "ib_probJ_opti_grid_j_agg": 0.28106520674600066, "is_probJ_opti_grid_j_agg": 0.02318575912663581, "fb2_probJ_opti_grid_j_agg": 0.14971153495305994, "fs_probJ_opti_grid_j_agg": 0.16133059933451707, "ibfb2_probJ_opti_grid_j_agg": 0.13117925176823866, "fbis2_probJ_opti_grid_j_agg": 0.01693436615400383, "none_probJ_opti_grid_j_agg": 0.2365932819175641, "period_dictkey": "ne0209", "data_model": "model", "level_0": 6, "P_jp_j.0.0": 0.3582773142515415, "P_jp_j.0.1": 0.01684402111998389, "P_jp_j.0.102": 0.1375134920055026, "P_jp_j.0.104": 0.13314381929935992, "P_jp_j.0.105": 0.012417909297649623, "P_jp_j.0.3": 0.1311110170454755, "P_jp_j.0.6": 0.21069242698048685, "P_jp_j.1.0": 0.20331272620369487, "P_jp_j.1.1": 0.0395210544153404, "P_jp_j.1.102": 0.15883780007525986, "P_jp_j.1.104": 0.12410374856807613, "P_jp_j.1.105": 0.029006870026826337, "P_jp_j.1.3": 0.1928940736543389, "P_jp_j.1.6": 0.2523237270564636, "P_jp_j.102.0": 0.26418061915271296, "P_jp_j.102.1": 0.023494262317901117, "P_jp_j.102.102": 0.15610857599598035, "P_jp_j.102.104": 0.13855052283426172, "P_jp_j.102.105": 0.01715670399493653, "P_jp_j.102.3": 0.16364921468601684, "P_jp_j.102.6": 0.2368601010181904, "P_jp_j.104.0": 0.3291382143822288, "P_jp_j.104.1": 0.01932884290827617, "P_jp_j.104.102": 0.1440182783992545, "P_jp_j.104.104": 0.13667782766967454, "P_jp_j.104.105": 0.014436902416278482, "P_jp_j.104.3": 0.1381969261687098, "P_jp_j.104.6": 0.2182030080555778, "P_jp_j.105.0": 0.2341783066363168, "P_jp_j.105.1": 0.037299676379817535, "P_jp_j.105.102": 0.15801053739980453, "P_jp_j.105.104": 0.13390663981532688, "P_jp_j.105.105": 0.0276302458777387, "P_jp_j.105.3": 0.17498816482510793, "P_jp_j.105.6": 0.2339864290658877, "P_jp_j.3.0": 0.21597777991072764, "P_jp_j.3.1": 0.027507131618537708, "P_jp_j.3.102": 0.15775553300246173, "P_jp_j.3.104": 0.12467374689580082, "P_jp_j.3.105": 0.019841350241881845, "P_jp_j.3.3": 0.190956017207088, "P_jp_j.3.6": 0.2632884411235024, "P_jp_j.6.0": 0.22872789308601515, "P_jp_j.6.1": 0.02710504506443836, "P_jp_j.6.102": 0.15633763605809362, "P_jp_j.6.104": 0.12606653841145216, "P_jp_j.6.105": 0.01961290446396065, "P_jp_j.6.3": 0.18431779417192887, "P_jp_j.6.6": 0.2578321887441112, "btp_fb_opti_grid_allJ_agg": -0.3900377850158566, "btp_fb_opti_grid_allJ_agg_var": 0.6574279271619232, "btp_fs_opti_grid_allJ_agg": 0.15248658896286846, "btp_fs_opti_grid_allJ_agg_var": 0.3233095402070082, "btp_ib_opti_grid_allJ_agg": -0.34221670016559524, "btp_ib_opti_grid_allJ_agg_var": 0.3344582402794067, "btp_il_opti_grid_allJ_agg": 0.10506684010397302, "btp_il_opti_grid_allJ_agg_var": 0.4685550496922674, "btp_opti_grid_allJ_agg": -0.4747010561146105, "btp_opti_grid_allJ_agg_var": 1.8137747938475823, "cash_grid_centered_allJ_agg": 4.268146764246668, "cash_grid_centered_allJ_agg_var": 6.191732272155143, "combo_desc": "Angeletos quickBNF_BORR_P-0.500;BNF_SAVE_P-0.300;BNI_BORR_P-0.100;BNI_LEND_P-2.000;R_FORMAL_BORR-1.061;R_FORMAL_SAVE-1.011;R_INFORM_BORR-1.139;R_INFORM_SAVE-1.139;kappa-0.620;kappa_ne0209-0.620;kappa_ne9901-0.438", "consumption_opti_grid_allJ_agg": 1.0551428894604935, "consumption_opti_grid_allJ_agg_var": 0.6264345620680376, "data_param.A": -0.03125, "data_param.Region": 0.0, "data_param.Region_set": "[0, 1]", "data_param.Year": 0.0, "data_param.Year_set": "[0, 1]", "data_param.len_A": 1.0, "data_param.mean_A": -0.03125, "data_param.std_A": 0.0, "esti_obj.main_obj": 16.03328649697341, "esti_obj.subsets_main.agg_prob_for": 2.0135847893196206, "esti_obj.subsets_main.agg_prob_inf": 4.865593983853608, "esti_obj.subsets_main.agg_prob_jnt": 4.1295494082133075, "esti_obj.subsets_main.agg_prob_none": 3.26139334737568, "esti_obj.subsets_main.equi_BI": 0.056240056127247, "esti_obj.subsets_main.mean_K": 1.7069249120839454, "esti_obj.subsets_other.agg_prob": 0.8419781759961436, "esti_obj.subsets_other.agg_prob_brr": 0.5531744200247021, "esti_obj.subsets_other.agg_prob_sav": 0.10821047405387743, "esti_obj.subsets_other.mean_KYC": 0.5715097034893992, "esti_param.BNF_BORR_P": 0.5, "esti_param.BNF_BORR_P_ce0209": 0.5, "esti_param.BNF_BORR_P_ce9901": 0.5, "esti_param.BNF_BORR_P_ne0209": 0.5, "esti_param.BNF_BORR_P_ne9901": 0.5, "esti_param.BNF_SAVE_P": 0.3, "esti_param.BNF_SAVE_P_ce0209": 0.3, "esti_param.BNF_SAVE_P_ce9901": 0.3, "esti_param.BNF_SAVE_P_ne0209": 0.3, "esti_param.BNF_SAVE_P_ne9901": 0.3, "esti_param.BNI_BORR_P": 0.1, "esti_param.BNI_BORR_P_ce0209": 0.1, "esti_param.BNI_BORR_P_ce9901": 0.1, "esti_param.BNI_BORR_P_ne0209": 0.1, "esti_param.BNI_BORR_P_ne9901": 0.1, "esti_param.BNI_LEND_P": 2.0, "esti_param.BNI_LEND_P_ce0209": 2.0, "esti_param.BNI_LEND_P_ce9901": 2.0, "esti_param.BNI_LEND_P_ne0209": 2.0, "esti_param.BNI_LEND_P_ne9901": 2.0, "esti_param.K_DEPRECIATION": 0.15, "esti_param.R_AVG_INT": 1.1, "esti_param.R_FORMAL_BORR": 1.061, "esti_param.R_FORMAL_BORR_ce0209": 1.054, "esti_param.R_FORMAL_BORR_ce9901": 1.061, "esti_param.R_FORMAL_BORR_ne0209": 1.061, "esti_param.R_FORMAL_BORR_ne9901": 1.148, "esti_param.R_FORMAL_SAVE": 1.011, "esti_param.R_FORMAL_SAVE_ce0209": 1.01, "esti_param.R_FORMAL_SAVE_ce9901": 1.011, "esti_param.R_FORMAL_SAVE_ne0209": 1.011, "esti_param.R_FORMAL_SAVE_ne9901": 1.033, "esti_param.R_INFORM": 1.1, "esti_param.R_INFORM_BORR": 1.139, "esti_param.R_INFORM_BORR_ce0209": 1.094, "esti_param.R_INFORM_BORR_ce9901": 1.139, "esti_param.R_INFORM_BORR_ne0209": 1.139, "esti_param.R_INFORM_BORR_ne9901": 1.279, "esti_param.R_INFORM_SAVE": 1.139, "esti_param.R_INFORM_SAVE_ce0209": 1.094, "esti_param.R_INFORM_SAVE_ce9901": 1.139, "esti_param.R_INFORM_SAVE_ne0209": 1.139, "esti_param.R_INFORM_SAVE_ne9901": 1.279, "esti_param.alpha_k": 0.36, "esti_param.beta": 0.96, "esti_param.c_min_bound": 0.001, "esti_param.kappa": 0.6199763109464086, "esti_param.kappa_ce0209": 0.25, "esti_param.kappa_ce9901": 0.25, "esti_param.kappa_ne0209": 0.6199763109464086, "esti_param.kappa_ne9901": 0.4377495777671677, "esti_param.logit_sd_scale": 1.0, "esti_param.rho": 1.0, "fb2_btp_fb_opti_grid_j_agg": -0.09230311448726786, "fb2_btp_fb_opti_grid_j_agg_ifj": -0.5712257717040818, "fb2_btp_fs_opti_grid_j_agg": 0.0, "fb2_btp_fs_opti_grid_j_agg_ifj": 0.0, "fb2_btp_ib_opti_grid_j_agg": 0.0, "fb2_btp_ib_opti_grid_j_agg_ifj": 0.0, "fb2_btp_il_opti_grid_j_agg": 0.0, "fb2_btp_il_opti_grid_j_agg_ifj": 0.0, "fb2_btp_opti_grid_j_agg": -0.09230311448726786, "fb2_btp_opti_grid_j_agg_ifj": -0.5712257717040818, "fb2_consumption_opti_grid_j_agg": 0.16088335408431215, "fb2_consumption_opti_grid_j_agg_ifj": 1.0116859814265111, "fb2_ktp_opti_grid_j_agg": 0.5242067368790133, "fb2_ktp_opti_grid_j_agg_ifj": 3.2993358840177125, "fbis2_btp_fb_opti_grid_j_agg": -0.02380085820809937, "fbis2_btp_fb_opti_grid_j_agg_ifj": -0.9314993734284408, "fbis2_btp_fs_opti_grid_j_agg": 0.0, "fbis2_btp_fs_opti_grid_j_agg_ifj": 0.0, "fbis2_btp_ib_opti_grid_j_agg": 0.0, "fbis2_btp_ib_opti_grid_j_agg_ifj": 0.0, "fbis2_btp_il_opti_grid_j_agg": 0.0523909468898003, "fbis2_btp_il_opti_grid_j_agg_ifj": 0.9419622121001144, "fbis2_btp_opti_grid_j_agg": 0.02859008868170093, "fbis2_btp_opti_grid_j_agg_ifj": 0.010462838671673743, "fbis2_consumption_opti_grid_j_agg": 0.02476199063565276, "fbis2_consumption_opti_grid_j_agg_ifj": 0.5371078416459453, "fbis2_ktp_opti_grid_j_agg": 0.0383899477897257, "fbis2_ktp_opti_grid_j_agg_ifj": 1.5024757510597215, "file_save_suffix": "_20180918x_list_tKap_mlt_ne1a2_c0_kapp_ne99016441_kapp_ne02095301_20180918091607179462_exo_wgtJ", "fs_btp_fb_opti_grid_j_agg": 0.0, "fs_btp_fb_opti_grid_j_agg_ifj": 0.0, "fs_btp_fs_opti_grid_j_agg": 0.1524865889628684, "fs_btp_fs_opti_grid_j_agg_ifj": 0.7410669947026883, "fs_btp_ib_opti_grid_j_agg": 0.0, "fs_btp_ib_opti_grid_j_agg_ifj": 0.0, "fs_btp_il_opti_grid_j_agg": 0.0, "fs_btp_il_opti_grid_j_agg_ifj": 0.0, "fs_btp_opti_grid_j_agg": 0.1524865889628684, "fs_btp_opti_grid_j_agg_ifj": 0.7410669947026883,