{"esti_obj.main_allperiods_obj": 22.562841545694, "ktp_opti_grid_allJ_agg": 3.1267900203647714, "ktp_opti_grid_allJ_agg_var": 2.180786936488178, "ib_probJ_opti_grid_j_agg": 0.27345149933521146, "is_probJ_opti_grid_j_agg": 0.027793289523893303, "fb2_probJ_opti_grid_j_agg": 0.1409406253246464, "fs_probJ_opti_grid_j_agg": 0.16745003348024845, "ibfb2_probJ_opti_grid_j_agg": 0.12342670260645125, "fbis2_probJ_opti_grid_j_agg": 0.020249823379448733, "none_probJ_opti_grid_j_agg": 0.2466880263501519, "period_dictkey": "ne9901", "data_model": "model", "level_0": 3, "P_jp_j.0.0": 0.3136912947481272, "P_jp_j.0.1": 0.023596091352450485, "P_jp_j.0.102": 0.1360413876187725, "P_jp_j.0.104": 0.1226088331929624, "P_jp_j.0.105": 0.017113425215508668, "P_jp_j.0.3": 0.14864693095497067, "P_jp_j.0.6": 0.23830203691720805, "P_jp_j.1.0": 0.21882481785063296, "P_jp_j.1.1": 0.04861762684492056, "P_jp_j.1.102": 0.14402824892649896, "P_jp_j.1.104": 0.12290086628105976, "P_jp_j.1.105": 0.036548389291760894, "P_jp_j.1.3": 0.18933362137473192, "P_jp_j.1.6": 0.23974642943039506, "P_jp_j.102.0": 0.2749968174963007, "P_jp_j.102.1": 0.026425147426982067, "P_jp_j.102.102": 0.14519073994653314, "P_jp_j.102.104": 0.1283583694512317, "P_jp_j.102.105": 0.019424351261925533, "P_jp_j.102.3": 0.16375632436633825, "P_jp_j.102.6": 0.2418482500506885, "P_jp_j.104.0": 0.2912359757963787, "P_jp_j.104.1": 0.02392658265848806, "P_jp_j.104.102": 0.1411803682030314, "P_jp_j.104.104": 0.12562783962353186, "P_jp_j.104.105": 0.017639997380414676, "P_jp_j.104.3": 0.15634136984229485, "P_jp_j.104.6": 0.2440478664958604, "P_jp_j.105.0": 0.2366788450445776, "P_jp_j.105.1": 0.048460703394579537, "P_jp_j.105.102": 0.14516653980349342, "P_jp_j.105.104": 0.12657309494910465, "P_jp_j.105.105": 0.03650478276170621, "P_jp_j.105.3": 0.17730006630065806, "P_jp_j.105.6": 0.2293159677458805, "P_jp_j.3.0": 0.23628158817745426, "P_jp_j.3.1": 0.030655767608313605, "P_jp_j.3.102": 0.1432530007461881, "P_jp_j.3.104": 0.12138655704330975, "P_jp_j.3.105": 0.022033669662348203, "P_jp_j.3.3": 0.1884643276217028, "P_jp_j.3.6": 0.25792508914068324, "P_jp_j.6.0": 0.2534687216542141, "P_jp_j.6.1": 0.02917641885967158, "P_jp_j.6.102": 0.14155882651091015, "P_jp_j.6.104": 0.1216001834704161, "P_jp_j.6.105": 0.02112243004764905, "P_jp_j.6.3": 0.17842305651907334, "P_jp_j.6.6": 0.25465036293806576, "btp_fb_opti_grid_allJ_agg": -0.26067502620620203, "btp_fb_opti_grid_allJ_agg_var": 0.2554021249288131, "btp_fs_opti_grid_allJ_agg": 0.18927223737375448, "btp_fs_opti_grid_allJ_agg_var": 0.4356456105529344, "btp_ib_opti_grid_allJ_agg": -0.10953827616739427, "btp_ib_opti_grid_allJ_agg_var": 0.10681376661106763, "btp_il_opti_grid_allJ_agg": 0.15553710777213875, "btp_il_opti_grid_allJ_agg_var": 0.7698700057388494, "btp_opti_grid_allJ_agg": -0.025403957227703108, "btp_opti_grid_allJ_agg_var": 1.5006840635685987, "cash_grid_centered_allJ_agg": 4.517825141427219, "cash_grid_centered_allJ_agg_var": 6.139139067503635, "combo_desc": "Angeletos quickBNF_BORR_P-0.500;BNF_SAVE_P-0.300;BNI_BORR_P-0.100;BNI_LEND_P-2.000;R_FORMAL_BORR-1.148;R_FORMAL_SAVE-1.033;R_INFORM_BORR-1.279;R_INFORM_SAVE-1.279;kappa-0.700;kappa_ne0209-0.700;kappa_ne9901-0.700", "consumption_opti_grid_allJ_agg": 1.070785286794769, "consumption_opti_grid_allJ_agg_var": 0.6694797114480879, "data_param.A": -0.03125, "data_param.Region": 0.0, "data_param.Region_set": "[0, 1]", "data_param.Year": 0.0, "data_param.Year_set": "[0, 1]", "data_param.len_A": 1.0, "data_param.mean_A": -0.03125, "data_param.std_A": 0.0, "esti_obj.main_obj": 6.3487599042047105, "esti_obj.subsets_main.agg_prob_for": 1.118466308114325, "esti_obj.subsets_main.agg_prob_inf": 0.23313792302833186, "esti_obj.subsets_main.agg_prob_jnt": 1.6712561746732308, "esti_obj.subsets_main.agg_prob_none": 0.8406694175986152, "esti_obj.subsets_main.equi_BI": 0.002115892509001639, "esti_obj.subsets_main.mean_K": 2.4831141882812053, "esti_obj.subsets_other.agg_prob": 0.4421791183311722, "esti_obj.subsets_other.agg_prob_brr": 0.1490841714041138, "esti_obj.subsets_other.agg_prob_sav": 0.2014069205769064, "esti_obj.subsets_other.mean_KYC": 0.6276523759942224, "esti_param.BNF_BORR_P": 0.5, "esti_param.BNF_BORR_P_ce0209": 0.5, "esti_param.BNF_BORR_P_ce9901": 0.5, "esti_param.BNF_BORR_P_ne0209": 0.5, "esti_param.BNF_BORR_P_ne9901": 0.5, "esti_param.BNF_SAVE_P": 0.3, "esti_param.BNF_SAVE_P_ce0209": 0.3, "esti_param.BNF_SAVE_P_ce9901": 0.3, "esti_param.BNF_SAVE_P_ne0209": 0.3, "esti_param.BNF_SAVE_P_ne9901": 0.3, "esti_param.BNI_BORR_P": 0.1, "esti_param.BNI_BORR_P_ce0209": 0.1, "esti_param.BNI_BORR_P_ce9901": 0.1, "esti_param.BNI_BORR_P_ne0209": 0.1, "esti_param.BNI_BORR_P_ne9901": 0.1, "esti_param.BNI_LEND_P": 2.0, "esti_param.BNI_LEND_P_ce0209": 2.0, "esti_param.BNI_LEND_P_ce9901": 2.0, "esti_param.BNI_LEND_P_ne0209": 2.0, "esti_param.BNI_LEND_P_ne9901": 2.0, "esti_param.K_DEPRECIATION": 0.15, "esti_param.R_AVG_INT": 1.1, "esti_param.R_FORMAL_BORR": 1.148, "esti_param.R_FORMAL_BORR_ce0209": 1.054, "esti_param.R_FORMAL_BORR_ce9901": 1.061, "esti_param.R_FORMAL_BORR_ne0209": 1.061, "esti_param.R_FORMAL_BORR_ne9901": 1.148, "esti_param.R_FORMAL_SAVE": 1.033, "esti_param.R_FORMAL_SAVE_ce0209": 1.01, "esti_param.R_FORMAL_SAVE_ce9901": 1.011, "esti_param.R_FORMAL_SAVE_ne0209": 1.011, "esti_param.R_FORMAL_SAVE_ne9901": 1.033, "esti_param.R_INFORM": 1.1, "esti_param.R_INFORM_BORR": 1.279, "esti_param.R_INFORM_BORR_ce0209": 1.094, "esti_param.R_INFORM_BORR_ce9901": 1.139, "esti_param.R_INFORM_BORR_ne0209": 1.139, "esti_param.R_INFORM_BORR_ne9901": 1.279, "esti_param.R_INFORM_SAVE": 1.279, "esti_param.R_INFORM_SAVE_ce0209": 1.094, "esti_param.R_INFORM_SAVE_ce9901": 1.139, "esti_param.R_INFORM_SAVE_ne0209": 1.139, "esti_param.R_INFORM_SAVE_ne9901": 1.279, "esti_param.alpha_k": 0.36, "esti_param.beta": 0.96, "esti_param.c_min_bound": 0.001, "esti_param.kappa": 0.7, "esti_param.kappa_ce0209": 0.25, "esti_param.kappa_ce9901": 0.25, "esti_param.kappa_ne0209": 0.7, "esti_param.kappa_ne9901": 0.7, "esti_param.logit_sd_scale": 1.0, "esti_param.rho": 1.0, "fb2_btp_fb_opti_grid_j_agg": -0.09575732607567346, "fb2_btp_fb_opti_grid_j_agg_ifj": -0.6268634948915742, "fb2_btp_fs_opti_grid_j_agg": 0.0, "fb2_btp_fs_opti_grid_j_agg_ifj": 0.0, "fb2_btp_ib_opti_grid_j_agg": 0.0, "fb2_btp_ib_opti_grid_j_agg_ifj": 0.0, "fb2_btp_il_opti_grid_j_agg": 0.0, "fb2_btp_il_opti_grid_j_agg_ifj": 0.0, "fb2_btp_opti_grid_j_agg": -0.09575732607567346, "fb2_btp_opti_grid_j_agg_ifj": -0.6268634948915742, "fb2_consumption_opti_grid_j_agg": 0.1513999855857985, "fb2_consumption_opti_grid_j_agg_ifj": 1.043561108544275, "fb2_ktp_opti_grid_j_agg": 0.5130872795865669, "fb2_ktp_opti_grid_j_agg_ifj": 3.5239317862633666, "fbis2_btp_fb_opti_grid_j_agg": -0.02797945384537475, "fbis2_btp_fb_opti_grid_j_agg_ifj": -1.0364354884080855, "fbis2_btp_fs_opti_grid_j_agg": 0.0, "fbis2_btp_fs_opti_grid_j_agg_ifj": 0.0, "fbis2_btp_ib_opti_grid_j_agg": 0.0, "fbis2_btp_ib_opti_grid_j_agg_ifj": 0.0, "fbis2_btp_il_opti_grid_j_agg": 0.07922726849911829, "fbis2_btp_il_opti_grid_j_agg_ifj": 1.356297211520457, "fbis2_btp_opti_grid_j_agg": 0.051247814653743534, "fbis2_btp_opti_grid_j_agg_ifj": 0.3198617231123713, "fbis2_consumption_opti_grid_j_agg": 0.030022572209406188, "fbis2_consumption_opti_grid_j_agg_ifj": 0.5585002196672154, "fbis2_ktp_opti_grid_j_agg": 0.03997064835053536, "fbis2_ktp_opti_grid_j_agg_ifj": 1.4806221262972652, "file_save_suffix": "_20180918x_list_tKap_mlt_ne1a2_c2_kapp_ne99011601_kapp_ne02092088_20180918091640658392_exo_wgtJ", "fs_btp_fb_opti_grid_j_agg": 0.0, "fs_btp_fb_opti_grid_j_agg_ifj": 0.0, "fs_btp_fs_opti_grid_j_agg": 0.18927223737375448, "fs_btp_fs_opti_grid_j_agg_ifj": 0.9638616431977338, "fs_btp_ib_opti_grid_j_agg": 0.0, "fs_btp_ib_opti_grid_j_agg_ifj": 0.0, "fs_btp_il_opti_grid_j_agg": 0.0, "fs_btp_il_opti_grid_j_agg_ifj": 0.0, "fs_btp_opti_grid_j_agg": 0.18927223737375448, "fs_btp_opti_grid_j_agg_ifj": 0.9638616431977338, "fs_consumption_opti_grid_j_agg": 0.19143586157498385,