{"esti_obj.main_allperiods_obj": 7.34267778888027, "ktp_opti_grid_allJ_agg": 17.267598703210382, "ib_probJ_opti_grid_j_agg": 0.14174863808584703, "is_probJ_opti_grid_j_agg": 0.10721597338439892, "fb2_probJ_opti_grid_j_agg": 0.13561986261201664, "fs_probJ_opti_grid_j_agg": 0.20831106047086667, "ibfb2_probJ_opti_grid_j_agg": 0.11394229402802092, "fbis2_probJ_opti_grid_j_agg": 0.09706215742400837, "none_probJ_opti_grid_j_agg": 0.19610006808288105, "period_dictkey": "ce0209", "data_model": "model", "level_0": 11, "btp_fb_opti_grid_allJ_agg": -1.2124606828781026, "btp_fs_opti_grid_allJ_agg": -0.2146247760227311, "btp_ib_opti_grid_allJ_agg": -1.9933455266871363, "btp_il_opti_grid_allJ_agg": -0.4727034959123557, "consumption_opti_grid_allJ_agg": 8.296218583551672, "dist_param.data__A_mu_ce0209.params.mu": 0.3389982536491135, "dist_param.data__A_mu_ce9901.params.mu": 0.4956884183939546, "dist_param.data__A_sd_ce0209.params.sd": 0.6980526467894921, "dist_param.data__A_sd_ce9901.params.sd": 0.8945687028704215, "esti_obj.main_obj": 4.794258845548889, "esti_obj.subsets_main.agg_prob_for": 2.892308830405222, "esti_obj.subsets_main.agg_prob_inf": 1.1311193524268925, "esti_obj.subsets_main.agg_prob_jnt": 0.43326887159323346, "esti_obj.subsets_main.agg_prob_none": 0.33756179112354123, "esti_obj.subsets_other.agg_prob": 0.5352536198662312, "esti_obj.subsets_other.agg_prob_brr": 0.21618648144580946, "esti_obj.subsets_other.agg_prob_sav": 0.26096707033754063, "esti_obj.subsets_other.mean_KYC": 1.8014969760389816, "esti_obj.subsets_other.mean_fbfs": 0.0, "esti_obj.subsets_other.mean_ibil": 0.0, "esti_param.BNF_BORR_P_ce0209": 1.43623288282491, "esti_param.BNF_BORR_P_ce9901": 1.8411212346501928, "esti_param.BNF_SAVE_P_ce0209": 0.07742858164803146, "esti_param.BNF_SAVE_P_ce9901": 0.033387067377835644, "esti_param.BNI_BORR_P_ce0209": 1.8114200081530334, "esti_param.BNI_BORR_P_ce9901": 1.8476457805918243, "esti_param.BNI_LEND_P_ce0209": 1.1036392607774193, "esti_param.BNI_LEND_P_ce9901": 3.2649210461178733, "esti_param.K_DEPRECIATION": 0.11458267015127417, "esti_param.alpha_k": 0.5833808431505889, "esti_param.beta": 0.9723062901681117, "esti_param.kappa_ce0209": 0.2563136698625435, "esti_param.kappa_ce9901": 0.38094910869132415, "esti_param.logit_sd_scale": 1.406467001517873, "esti_param.rho": 1.5246828435222497, "grid_param.std_eps": 1.660759493670886, "index": 11.0, "model_option.choice_names_use": "['ib', 'is', 'fb2', 'fs', 'ibfb2', 'fbis2', 'none']", "model_option.choice_set_list": "[0, 1, 102, 3, 104, 105, 6]", "predict": 1.0, "support_arg.param_combo_list_ctr_str": "_c5193", "y_opti_grid_allJ_agg": 19.885905747658455}