{"esti_obj.main_allperiods_obj": 7.3249135604225675, "ktp_opti_grid_allJ_agg": 2.6197051170579186, "ib_probJ_opti_grid_j_agg": 0.079822817873767, "is_probJ_opti_grid_j_agg": 0.10407314669875412, "fb2_probJ_opti_grid_j_agg": 0.1181939846553357, "fs_probJ_opti_grid_j_agg": 0.2943050583357669, "ibfb2_probJ_opti_grid_j_agg": 0.06381041835115686, "fbis2_probJ_opti_grid_j_agg": 0.07662471275593952, "none_probJ_opti_grid_j_agg": 0.2631698538858025, "period_dictkey": "ce0209", "data_model": "model", "level_0": 10, "btp_fb_opti_grid_allJ_agg": -0.025171856320390873, "btp_fs_opti_grid_allJ_agg": 0.2548239447577316, "btp_ib_opti_grid_allJ_agg": 0.33691624715598323, "btp_il_opti_grid_allJ_agg": 0.719200522210599, "consumption_opti_grid_allJ_agg": 2.2710809112668144, "dist_param.data__A_mu_ce0209.params.mu": -0.41677201379019957, "dist_param.data__A_mu_ce9901.params.mu": -0.11726003403347296, "dist_param.data__A_sd_ce0209.params.sd": 0.23641776481734747, "dist_param.data__A_sd_ce9901.params.sd": 0.6447162779117067, "esti_obj.main_obj": 4.565865679892424, "esti_obj.subsets_main.agg_prob_for": 1.7508347012549381, "esti_obj.subsets_main.agg_prob_inf": 0.47199591873840824, "esti_obj.subsets_main.agg_prob_jnt": 0.776285827719763, "esti_obj.subsets_main.agg_prob_none": 1.5667492321793144, "esti_obj.subsets_other.agg_prob": 0.49838106987200365, "esti_obj.subsets_other.agg_prob_brr": 0.2218184148672744, "esti_obj.subsets_other.agg_prob_sav": 0.15139280111892672, "esti_obj.subsets_other.mean_KYC": 0.6454316709462903, "esti_obj.subsets_other.mean_fbfs": 0.0, "esti_obj.subsets_other.mean_ibil": 0.0, "esti_param.BNF_BORR_P_ce0209": 1.1336937522963928, "esti_param.BNF_BORR_P_ce9901": 1.4651152533723653, "esti_param.BNF_SAVE_P_ce0209": 0.02749396827785472, "esti_param.BNF_SAVE_P_ce9901": 0.023652223944090944, "esti_param.BNI_BORR_P_ce0209": 2.5174147885624087, "esti_param.BNI_BORR_P_ce9901": 2.4497960587798433, "esti_param.BNI_LEND_P_ce0209": 1.8533092412967982, "esti_param.BNI_LEND_P_ce9901": 0.9111565997708946, "esti_param.K_DEPRECIATION": 0.12640411131488904, "esti_param.alpha_k": 0.4605686709278195, "esti_param.beta": 0.853836564738622, "esti_param.kappa_ce0209": 0.46842990358192316, "esti_param.kappa_ce9901": 0.3027320718934678, "esti_param.logit_sd_scale": 1.5784490106109799, "esti_param.rho": 1.0717177307781982, "grid_param.std_eps": 1.7825597749648383, "index": 10.0, "model_option.choice_names_use": "['ib', 'is', 'fb2', 'fs', 'ibfb2', 'fbis2', 'none']", "model_option.choice_set_list": "[0, 1, 102, 3, 104, 105, 6]", "predict": 1.0, "support_arg.param_combo_list_ctr_str": "_c5626", "y_opti_grid_allJ_agg": 5.383697979496446}