{"esti_obj.main_allperiods_obj": 6.302952570538256, "ktp_opti_grid_allJ_agg": 11.659322965679365, "ib_probJ_opti_grid_j_agg": 0.11803963628317504, "is_probJ_opti_grid_j_agg": 0.11741946005101944, "fb2_probJ_opti_grid_j_agg": 0.14413669494516723, "fs_probJ_opti_grid_j_agg": 0.23365502261031157, "ibfb2_probJ_opti_grid_j_agg": 0.09591140228835249, "fbis2_probJ_opti_grid_j_agg": 0.09832379479154307, "none_probJ_opti_grid_j_agg": 0.1925140320870078, "period_dictkey": "ce0209", "data_model": "model", "level_0": 0, "btp_fb_opti_grid_allJ_agg": -0.27988909024813324, "btp_fs_opti_grid_allJ_agg": 0.49950631804304635, "btp_ib_opti_grid_allJ_agg": -0.24219138880411606, "btp_il_opti_grid_allJ_agg": 3.008601203318335, "consumption_opti_grid_allJ_agg": 6.298214965301508, "dist_param.data__A_mu_ce0209.params.mu": 0.44085794919651644, "dist_param.data__A_mu_ce9901.params.mu": 0.28057784268918184, "dist_param.data__A_sd_ce0209.params.sd": 0.5460468708767019, "dist_param.data__A_sd_ce9901.params.sd": 0.837611759841246, "esti_obj.main_obj": 3.9489217336045237, "esti_obj.subsets_main.agg_prob_for": 2.110017064704798, "esti_obj.subsets_main.agg_prob_inf": 0.9560970742112371, "esti_obj.subsets_main.agg_prob_jnt": 0.5856296252501574, "esti_obj.subsets_main.agg_prob_none": 0.29717796943833136, "esti_obj.subsets_other.agg_prob": 0.503593803368914, "esti_obj.subsets_other.agg_prob_brr": 0.2019915390496553, "esti_obj.subsets_other.agg_prob_sav": 0.24708823223225096, "esti_obj.subsets_other.mean_KYC": 1.3576901046611636, "esti_obj.subsets_other.mean_fbfs": 0.0, "esti_obj.subsets_other.mean_ibil": 0.0, "esti_param.BNF_BORR_P_ce0209": 1.9897362833780947, "esti_param.BNF_BORR_P_ce9901": 0.21184056371276244, "esti_param.BNF_SAVE_P_ce0209": 0.10871780682024118, "esti_param.BNF_SAVE_P_ce9901": 0.17133786932395745, "esti_param.BNI_BORR_P_ce0209": 2.825876620679352, "esti_param.BNI_BORR_P_ce9901": 3.203041283695996, "esti_param.BNI_LEND_P_ce0209": 3.076918718761417, "esti_param.BNI_LEND_P_ce9901": 2.85708036885058, "esti_param.K_DEPRECIATION": 0.15526169425135752, "esti_param.alpha_k": 0.5269090295623942, "esti_param.beta": 0.7916989851379119, "esti_param.kappa_ce0209": 0.17705955246854693, "esti_param.kappa_ce9901": 0.1961109833077661, "esti_param.logit_sd_scale": 1.5599343220350705, "esti_param.rho": 2.389124901416224, "grid_param.std_eps": 1.3966244725738397, "index": 0.0, "model_option.choice_names_use": "['ib', 'is', 'fb2', 'fs', 'ibfb2', 'fbis2', 'none']", "model_option.choice_set_list": "[0, 1, 102, 3, 104, 105, 6]", "predict": 1.0, "support_arg.param_combo_list_ctr_str": "_c4254", "y_opti_grid_allJ_agg": 9.099734599592239}