{"esti_obj.main_allperiods_obj": 7.623413788311277, "ktp_opti_grid_allJ_agg": 15.670315789714948, "ib_probJ_opti_grid_j_agg": 0.08425929565130552, "is_probJ_opti_grid_j_agg": 0.07169043334943659, "fb2_probJ_opti_grid_j_agg": 0.17539233407193588, "fs_probJ_opti_grid_j_agg": 0.2212715483831902, "ibfb2_probJ_opti_grid_j_agg": 0.10919284596221135, "fbis2_probJ_opti_grid_j_agg": 0.10217618152368058, "none_probJ_opti_grid_j_agg": 0.23601738762094016, "period_dictkey": "ce0209", "data_model": "model", "level_0": 17, "btp_fb_opti_grid_allJ_agg": -1.5629438763020431, "btp_fs_opti_grid_allJ_agg": -0.6069889541213911, "btp_ib_opti_grid_allJ_agg": -2.44291273793354, "btp_il_opti_grid_allJ_agg": -3.0386958897070144, "consumption_opti_grid_allJ_agg": 5.855632509156443, "dist_param.data__A_mu_ce0209.params.mu": -0.31744151060925935, "dist_param.data__A_mu_ce9901.params.mu": 0.30340138148470375, "dist_param.data__A_sd_ce0209.params.sd": 0.6620904836590104, "dist_param.data__A_sd_ce9901.params.sd": 0.5089046246212336, "esti_obj.main_obj": 3.531643763553983, "esti_obj.subsets_main.agg_prob_for": 1.8771483286943365, "esti_obj.subsets_main.agg_prob_inf": 0.16760401334676692, "esti_obj.subsets_main.agg_prob_jnt": 0.5261505939095167, "esti_obj.subsets_main.agg_prob_none": 0.960740827603363, "esti_obj.subsets_other.agg_prob": 0.4392865697280254, "esti_obj.subsets_other.agg_prob_brr": 0.12367411561715827, "esti_obj.subsets_other.agg_prob_sav": 0.217595066489927, "esti_obj.subsets_other.mean_KYC": 1.6870301201530864, "esti_obj.subsets_other.mean_fbfs": 0.0, "esti_obj.subsets_other.mean_ibil": 0.0, "esti_param.BNF_BORR_P_ce0209": 0.9292813827243687, "esti_param.BNF_BORR_P_ce9901": 3.231384968065632, "esti_param.BNF_SAVE_P_ce0209": 0.15335386729187034, "esti_param.BNF_SAVE_P_ce9901": 0.42534618116517925, "esti_param.BNI_BORR_P_ce0209": 3.126258804323579, "esti_param.BNI_BORR_P_ce9901": 2.4532900375696105, "esti_param.BNI_LEND_P_ce0209": 1.4034731056750849, "esti_param.BNI_LEND_P_ce9901": 2.240856766829441, "esti_param.K_DEPRECIATION": 0.05747902307468643, "esti_param.alpha_k": 0.6276067319457145, "esti_param.beta": 0.9574035698312855, "esti_param.kappa_ce0209": 0.2595799857220113, "esti_param.kappa_ce9901": 0.6175593362376198, "esti_param.logit_sd_scale": 1.4274256992005188, "esti_param.rho": 0.93014562006369, "grid_param.std_eps": 1.9932489451476794, "index": 17.0, "model_option.choice_names_use": "['ib', 'is', 'fb2', 'fs', 'ibfb2', 'fbis2', 'none']", "model_option.choice_set_list": "[0, 1, 102, 3, 104, 105, 6]", "predict": 1.0, "support_arg.param_combo_list_ctr_str": "_c6375", "y_opti_grid_allJ_agg": 33.0745304571422}