{"esti_obj.main_allperiods_obj": 7.3659734628390705, "ktp_opti_grid_allJ_agg": 4.507752259901395, "ib_probJ_opti_grid_j_agg": 0.07393152379089685, "is_probJ_opti_grid_j_agg": 0.05959160149074805, "fb2_probJ_opti_grid_j_agg": 0.15425376371814803, "fs_probJ_opti_grid_j_agg": 0.27650677295163995, "ibfb2_probJ_opti_grid_j_agg": 0.04701390125844107, "fbis2_probJ_opti_grid_j_agg": 0.06936157567711326, "none_probJ_opti_grid_j_agg": 0.31934086489132696, "period_dictkey": "ce0209", "data_model": "model", "level_0": 12, "btp_fb_opti_grid_allJ_agg": -0.1058313902130692, "btp_fs_opti_grid_allJ_agg": 0.8560586842412476, "btp_ib_opti_grid_allJ_agg": 1.1351372246701033, "btp_il_opti_grid_allJ_agg": -0.3753010141829236, "consumption_opti_grid_allJ_agg": 1.2480564210462504, "dist_param.data__A_mu_ce0209.params.mu": -0.5501449486342833, "dist_param.data__A_mu_ce9901.params.mu": -0.34823469684430336, "dist_param.data__A_sd_ce0209.params.sd": 0.27879255035547035, "dist_param.data__A_sd_ce9901.params.sd": 0.4771936387237252, "esti_obj.main_obj": 5.557358873934182, "esti_obj.subsets_main.agg_prob_for": 1.1858778316741918, "esti_obj.subsets_main.agg_prob_inf": 0.06334215624898046, "esti_obj.subsets_main.agg_prob_jnt": 1.0196879580575602, "esti_obj.subsets_main.agg_prob_none": 3.2884509279534493, "esti_obj.subsets_other.agg_prob": 0.4954511279218561, "esti_obj.subsets_other.agg_prob_brr": 0.19666385881430773, "esti_obj.subsets_other.agg_prob_sav": 0.11744640421622138, "esti_obj.subsets_other.mean_KYC": 0.2354352221957212, "esti_obj.subsets_other.mean_fbfs": 0.0, "esti_obj.subsets_other.mean_ibil": 0.0, "esti_param.BNF_BORR_P_ce0209": 0.43089886307525677, "esti_param.BNF_BORR_P_ce9901": 0.5342180757910995, "esti_param.BNF_SAVE_P_ce0209": 0.06275739157752613, "esti_param.BNF_SAVE_P_ce9901": 0.06322973622017525, "esti_param.BNI_BORR_P_ce0209": 2.603657067117249, "esti_param.BNI_BORR_P_ce9901": 2.5438343421903173, "esti_param.BNI_LEND_P_ce0209": 1.266449366951936, "esti_param.BNI_LEND_P_ce9901": 1.8600567381012707, "esti_param.K_DEPRECIATION": 0.11368890056299019, "esti_param.alpha_k": 0.2720661776973728, "esti_param.beta": 0.803495467630856, "esti_param.kappa_ce0209": 0.6717523531411003, "esti_param.kappa_ce9901": 0.4985707926729718, "esti_param.logit_sd_scale": 1.5120829188258378, "esti_param.rho": 2.393951188306765, "grid_param.std_eps": 1.7946554149085794, "index": 12.0, "model_option.choice_names_use": "['ib', 'is', 'fb2', 'fs', 'ibfb2', 'fbis2', 'none']", "model_option.choice_set_list": "[0, 1, 102, 3, 104, 105, 6]", "predict": 1.0, "support_arg.param_combo_list_ctr_str": "_c5669", "y_opti_grid_allJ_agg": 5.718720819002499}