{"esti_obj.main_allperiods_obj": 7.09961764767602, "ktp_opti_grid_allJ_agg": 10.289930206555368, "ib_probJ_opti_grid_j_agg": 0.11701903212574472, "is_probJ_opti_grid_j_agg": 0.0774079541915551, "fb2_probJ_opti_grid_j_agg": 0.221160609544226, "fs_probJ_opti_grid_j_agg": 0.16750238790622962, "ibfb2_probJ_opti_grid_j_agg": 0.11520853120929275, "fbis2_probJ_opti_grid_j_agg": 0.07417736918209306, "none_probJ_opti_grid_j_agg": 0.22752418723889534, "period_dictkey": "ce0209", "data_model": "model", "level_0": 6, "btp_fb_opti_grid_allJ_agg": -0.2750166437141246, "btp_fs_opti_grid_allJ_agg": 0.23240871019123688, "btp_ib_opti_grid_allJ_agg": -0.06822940791246879, "btp_il_opti_grid_allJ_agg": 1.2285782022586318, "consumption_opti_grid_allJ_agg": 3.893899406278445, "dist_param.data__A_mu_ce0209.params.mu": -0.023872522874402224, "dist_param.data__A_mu_ce9901.params.mu": 0.2534498077913918, "dist_param.data__A_sd_ce0209.params.sd": 0.3344673976017295, "dist_param.data__A_sd_ce9901.params.sd": 0.39420792759969947, "esti_obj.main_obj": 4.532256828994465, "esti_obj.subsets_main.agg_prob_for": 3.0535701596808624, "esti_obj.subsets_main.agg_prob_inf": 0.4691118813868924, "esti_obj.subsets_main.agg_prob_jnt": 0.20811677784823107, "esti_obj.subsets_main.agg_prob_none": 0.8014580100784788, "esti_obj.subsets_other.agg_prob": 0.44325701407853985, "esti_obj.subsets_other.agg_prob_brr": 0.10464989137222594, "esti_obj.subsets_other.agg_prob_sav": 0.24908293546741855, "esti_obj.subsets_other.mean_KYC": 1.2251425347745633, "esti_obj.subsets_other.mean_fbfs": 0.0, "esti_obj.subsets_other.mean_ibil": 0.0, "esti_param.BNF_BORR_P_ce0209": 0.13179195315489117, "esti_param.BNF_BORR_P_ce9901": 2.632498482617995, "esti_param.BNF_SAVE_P_ce0209": 0.568684760170193, "esti_param.BNF_SAVE_P_ce9901": 0.009204731311122538, "esti_param.BNI_BORR_P_ce0209": 1.1688720984705214, "esti_param.BNI_BORR_P_ce9901": 2.27230441731938, "esti_param.BNI_LEND_P_ce0209": 3.2723630293711055, "esti_param.BNI_LEND_P_ce9901": 1.1441155457867311, "esti_param.K_DEPRECIATION": 0.16212593789195184, "esti_param.alpha_k": 0.5015754300499522, "esti_param.beta": 0.9634239422528963, "esti_param.kappa_ce0209": 0.2594583186660916, "esti_param.kappa_ce9901": 0.22423777618099403, "esti_param.logit_sd_scale": 1.3747344875541194, "esti_param.rho": 1.6692291291361427, "grid_param.std_eps": 1.3583684950773558, "index": 6.0, "model_option.choice_names_use": "['ib', 'is', 'fb2', 'fs', 'ibfb2', 'fbis2', 'none']", "model_option.choice_set_list": "[0, 1, 102, 3, 104, 105, 6]", "predict": 1.0, "support_arg.param_combo_list_ctr_str": "_c4118", "y_opti_grid_allJ_agg": 6.437390078020655}