{"esti_obj.main_allperiods_obj": 7.19963677591398, "ktp_opti_grid_allJ_agg": 13.15089656, "ib_probJ_opti_grid_j_agg": 0.067245221, "is_probJ_opti_grid_j_agg": 0.081512118, "fb2_probJ_opti_grid_j_agg": 0.19569507600000002, "fs_probJ_opti_grid_j_agg": 0.228553953, "ibfb2_probJ_opti_grid_j_agg": 0.062420740999999995, "fbis2_probJ_opti_grid_j_agg": 0.074409148, "none_probJ_opti_grid_j_agg": 0.29016374300000003, "period_dictkey": "ce9901", "data_model": "model", "level_0": 27, "btp_fb_opti_grid_allJ_agg": -2.518142226, "btp_fs_opti_grid_allJ_agg": 6.35e-05, "btp_ib_opti_grid_allJ_agg": -0.8550973040000001, "btp_il_opti_grid_allJ_agg": 0.145427152, "consumption_opti_grid_allJ_agg": 4.375266221, "dist_param.data__A_mu_ce0209.params.mu": 0.41530217700000005, "dist_param.data__A_mu_ce9901.params.mu": 0.506468923, "dist_param.data__A_sd_ce0209.params.sd": 0.551885064, "dist_param.data__A_sd_ce9901.params.sd": 0.689187181, "esti_obj.main_obj": 1.2240334597601779, "esti_obj.subsets_main.agg_prob_for": 0.5477217722571983, "esti_obj.subsets_main.agg_prob_inf": 0.3266297384184765, "esti_obj.subsets_main.agg_prob_jnt": 0.34500850810749834, "esti_obj.subsets_main.agg_prob_none": 0.004673440977004841, "esti_obj.subsets_main.equi_BI": 0.503631725, "esti_obj.subsets_main.mean_K": 98.22523788, "esti_obj.subsets_other.agg_prob": 0.2436840139999999, "esti_obj.subsets_other.agg_prob_brr": 0.05648044399999997, "esti_obj.subsets_other.agg_prob_sav": 0.18036731299999997, "esti_obj.subsets_other.mean_KYC": 1.5740762877398922, "esti_obj.subsets_other.mean_fbfs": 0.0, "esti_obj.subsets_other.mean_ibil": 0.0, "esti_param.BNF_BORR_P_ce0209": 1.505916724, "esti_param.BNF_BORR_P_ce9901": 0.6232436960000001, "esti_param.BNF_SAVE_P_ce0209": 0.10556930099999999, "esti_param.BNF_SAVE_P_ce9901": 0.29080021100000003, "esti_param.BNI_BORR_P_ce0209": 0.778228858, "esti_param.BNI_BORR_P_ce9901": 3.135280112, "esti_param.BNI_LEND_P_ce0209": 1.625921596, "esti_param.BNI_LEND_P_ce9901": 2.3714039540000003, "esti_param.K_DEPRECIATION": 0.055717765999999995, "esti_param.alpha_k": 0.398903963, "esti_param.beta": 0.9246463420000001, "esti_param.kappa_ce0209": 0.411557247, "esti_param.kappa_ce9901": 0.402016297, "esti_param.logit_sd_scale": 1.072800891, "esti_param.rho": 1.052428587, "grid_param.std_eps": 0.338980932, "index": 27.0, "model_option.choice_names_use": "['ib', 'is', 'fb2', 'fs', 'ibfb2', 'fbis2', 'none']", "model_option.choice_set_list": "[0, 1, 102, 3, 104, 105, 6]", "predict": 0.0, "support_arg.param_combo_list_ctr_str": "_c247", "y_opti_grid_allJ_agg": 2.595612128}