{"esti_obj.main_allperiods_obj": 7.036179009544706, "ktp_opti_grid_allJ_agg": 3.4928141959737644, "ib_probJ_opti_grid_j_agg": 0.12173201031708558, "is_probJ_opti_grid_j_agg": 0.09161275557436, "fb2_probJ_opti_grid_j_agg": 0.16579696176347936, "fs_probJ_opti_grid_j_agg": 0.14294097744082102, "ibfb2_probJ_opti_grid_j_agg": 0.09997748915257354, "fbis2_probJ_opti_grid_j_agg": 0.0940201699097667, "none_probJ_opti_grid_j_agg": 0.283920018960103, "period_dictkey": "ce9901", "data_model": "model", "level_0": 25, "btp_fb_opti_grid_allJ_agg": -0.3049948799382207, "btp_fs_opti_grid_allJ_agg": 0.05121637748365515, "btp_ib_opti_grid_allJ_agg": -0.1333783171006644, "btp_il_opti_grid_allJ_agg": -0.5658826011689371, "consumption_opti_grid_allJ_agg": 2.7800805998170404, "dist_param.data__A_mu_ce0209.params.mu": -0.6245022278759338, "dist_param.data__A_mu_ce9901.params.mu": -0.1665956114881526, "dist_param.data__A_sd_ce0209.params.sd": 0.14053614791160285, "dist_param.data__A_sd_ce9901.params.sd": 0.875065474333176, "esti_obj.main_obj": 4.036954152483931, "esti_obj.subsets_main.agg_prob_for": 2.7088475538949206, "esti_obj.subsets_main.agg_prob_inf": 0.46801240869611116, "esti_obj.subsets_main.agg_prob_jnt": 0.8429855994924935, "esti_obj.subsets_main.agg_prob_none": 0.017108590400406482, "esti_obj.subsets_other.agg_prob": 0.43768446678938244, "esti_obj.subsets_other.agg_prob_brr": 0.12891253770617978, "esti_obj.subsets_other.agg_prob_sav": 0.2956919480433057, "esti_obj.subsets_other.mean_KYC": 0.25138728810033556, "esti_obj.subsets_other.mean_fbfs": 0.0, "esti_obj.subsets_other.mean_ibil": 0.0, "esti_param.BNF_BORR_P_ce0209": 0.5670701506136231, "esti_param.BNF_BORR_P_ce9901": 1.0173033105015545, "esti_param.BNF_SAVE_P_ce0209": 0.09309401262516798, "esti_param.BNF_SAVE_P_ce9901": 1.293364605238088, "esti_param.BNI_BORR_P_ce0209": 1.3797941340892654, "esti_param.BNI_BORR_P_ce9901": 1.650192832635515, "esti_param.BNI_LEND_P_ce0209": 2.4082368011236013, "esti_param.BNI_LEND_P_ce9901": 1.8977848979937917, "esti_param.K_DEPRECIATION": 0.1308788678030546, "esti_param.alpha_k": 0.20595778416995364, "esti_param.beta": 0.8470439278021793, "esti_param.kappa_ce0209": 0.49993425126658264, "esti_param.kappa_ce9901": 0.20751840162527824, "esti_param.logit_sd_scale": 1.8046437744256894, "esti_param.rho": 0.6381603416829349, "grid_param.std_eps": 1.5735583684950774, "index": 25.0, "model_option.choice_names_use": "['ib', 'is', 'fb2', 'fs', 'ibfb2', 'fbis2', 'none']", "model_option.choice_set_list": "[0, 1, 102, 3, 104, 105, 6]", "predict": 1.0, "support_arg.param_combo_list_ctr_str": "_c4883", "y_opti_grid_allJ_agg": 4.140878425714561}