{"esti_obj.main_allperiods_obj": 7.303646024140521, "ktp_opti_grid_allJ_agg": 16.469881462069623, "ib_probJ_opti_grid_j_agg": 0.10420980480678832, "is_probJ_opti_grid_j_agg": 0.05833193739113263, "fb2_probJ_opti_grid_j_agg": 0.14672206156200152, "fs_probJ_opti_grid_j_agg": 0.21995274065659842, "ibfb2_probJ_opti_grid_j_agg": 0.10209144032227524, "fbis2_probJ_opti_grid_j_agg": 0.08573569687994631, "none_probJ_opti_grid_j_agg": 0.2829566300036568, "period_dictkey": "ce9901", "data_model": "model", "level_0": 28, "btp_fb_opti_grid_allJ_agg": -1.7241372975724403, "btp_fs_opti_grid_allJ_agg": -0.3402748465978789, "btp_ib_opti_grid_allJ_agg": -1.4850341410374313, "btp_il_opti_grid_allJ_agg": -1.8293915635002236, "consumption_opti_grid_allJ_agg": 6.573734591747282, "dist_param.data__A_mu_ce0209.params.mu": 0.21912296155193145, "dist_param.data__A_mu_ce9901.params.mu": 0.24482302829422475, "dist_param.data__A_sd_ce0209.params.sd": 0.795634424508219, "dist_param.data__A_sd_ce9901.params.sd": 0.7112744973362499, "esti_obj.main_obj": 1.9656549036763045, "esti_obj.subsets_main.agg_prob_for": 1.1069440605732899, "esti_obj.subsets_main.agg_prob_inf": 0.09517780097549303, "esti_obj.subsets_main.agg_prob_jnt": 0.7438114180421023, "esti_obj.subsets_main.agg_prob_none": 0.019721624085419248, "esti_obj.subsets_other.agg_prob": 0.3237374471778857, "esti_obj.subsets_other.agg_prob_brr": 0.13257918356706205, "esti_obj.subsets_other.agg_prob_sav": 0.17711489361448052, "esti_obj.subsets_other.mean_KYC": 1.8186430065140342, "esti_obj.subsets_other.mean_fbfs": 0.0, "esti_obj.subsets_other.mean_ibil": 0.0, "esti_param.BNF_BORR_P_ce0209": 2.9152687305711638, "esti_param.BNF_BORR_P_ce9901": 1.9516277664061668, "esti_param.BNF_SAVE_P_ce0209": 0.03745647488085785, "esti_param.BNF_SAVE_P_ce9901": 0.2975156148025815, "esti_param.BNI_BORR_P_ce0209": 1.6956061748025077, "esti_param.BNI_BORR_P_ce9901": 3.4778829199322066, "esti_param.BNI_LEND_P_ce0209": 2.6092519724045418, "esti_param.BNI_LEND_P_ce9901": 2.654219314616017, "esti_param.K_DEPRECIATION": 0.05462405376900052, "esti_param.alpha_k": 0.5025511017040957, "esti_param.beta": 0.8259133509200363, "esti_param.kappa_ce0209": 0.39421341794712694, "esti_param.kappa_ce9901": 0.32942990720596443, "esti_param.logit_sd_scale": 1.1626397275931806, "esti_param.rho": 1.186634055983384, "grid_param.std_eps": 1.5133614627285512, "index": 28.0, "model_option.choice_names_use": "['ib', 'is', 'fb2', 'fs', 'ibfb2', 'fbis2', 'none']", "model_option.choice_set_list": "[0, 1, 102, 3, 104, 105, 6]", "predict": 1.0, "support_arg.param_combo_list_ctr_str": "_c4669", "y_opti_grid_allJ_agg": 11.828354747629518}