{"esti_obj.main_allperiods_obj": 6.874246176057127, "ktp_opti_grid_allJ_agg": 11.13626737, "ib_probJ_opti_grid_j_agg": 0.09667812099999999, "is_probJ_opti_grid_j_agg": 0.077864129, "fb2_probJ_opti_grid_j_agg": 0.176846645, "fs_probJ_opti_grid_j_agg": 0.225558057, "ibfb2_probJ_opti_grid_j_agg": 0.079515902, "fbis2_probJ_opti_grid_j_agg": 0.06717292, "none_probJ_opti_grid_j_agg": 0.276364225, "period_dictkey": "ce9901", "data_model": "model", "level_0": 23, "btp_fb_opti_grid_allJ_agg": -0.325858886, "btp_fs_opti_grid_allJ_agg": 0.040978068, "btp_ib_opti_grid_allJ_agg": -0.024961137999999997, "btp_il_opti_grid_allJ_agg": 1.9057759369999998, "consumption_opti_grid_allJ_agg": 3.2205460269999997, "dist_param.data__A_mu_ce0209.params.mu": 0.312626003, "dist_param.data__A_mu_ce9901.params.mu": -0.341039463, "dist_param.data__A_sd_ce0209.params.sd": 0.31598675800000003, "dist_param.data__A_sd_ce9901.params.sd": 0.156631722, "esti_obj.main_obj": 1.312448661844118, "esti_obj.subsets_main.agg_prob_for": 0.6997281375371271, "esti_obj.subsets_main.agg_prob_inf": 0.23128596610192825, "esti_obj.subsets_main.agg_prob_jnt": 0.3388510372200003, "esti_obj.subsets_main.agg_prob_none": 0.042583520985062365, "esti_obj.subsets_main.equi_BI": 3.5374643060000004, "esti_obj.subsets_main.mean_K": 62.35053431, "esti_obj.subsets_other.agg_prob": 0.2654621449999999, "esti_obj.subsets_other.agg_prob_brr": 0.07234737799999999, "esti_obj.subsets_other.agg_prob_sav": 0.172478992, "esti_obj.subsets_other.mean_KYC": 1.405012050526614, "esti_obj.subsets_other.mean_fbfs": 0.0, "esti_obj.subsets_other.mean_ibil": 0.0, "esti_param.BNF_BORR_P_ce0209": 1.766073075, "esti_param.BNF_BORR_P_ce9901": 0.7071072629999999, "esti_param.BNF_SAVE_P_ce0209": 0.71360648, "esti_param.BNF_SAVE_P_ce9901": 0.260722864, "esti_param.BNI_BORR_P_ce0209": 3.409012085, "esti_param.BNI_BORR_P_ce9901": 2.210318709, "esti_param.BNI_LEND_P_ce0209": 3.298791938, "esti_param.BNI_LEND_P_ce9901": 3.2241887960000004, "esti_param.K_DEPRECIATION": 0.064790025, "esti_param.alpha_k": 0.48043486, "esti_param.beta": 0.9305738809999999, "esti_param.kappa_ce0209": 0.472843519, "esti_param.kappa_ce9901": 0.233290432, "esti_param.logit_sd_scale": 1.158591834, "esti_param.rho": 1.301941419, "grid_param.std_eps": 1.4693966859999998, "index": 23.0, "model_option.choice_names_use": "['ib', 'is', 'fb2', 'fs', 'ibfb2', 'fbis2', 'none']", "model_option.choice_set_list": "[0, 1, 102, 3, 104, 105, 6]", "predict": 0.0, "support_arg.param_combo_list_ctr_str": "_c2256", "y_opti_grid_allJ_agg": 8.334601327}