{"esti_obj.main_allperiods_obj": 3.1073941802493037, "ktp_opti_grid_allJ_agg": 29.67809863, "ib_probJ_opti_grid_j_agg": 0.157301306, "is_probJ_opti_grid_j_agg": 0.042866073, "fb2_probJ_opti_grid_j_agg": 0.273148222, "fs_probJ_opti_grid_j_agg": 0.073129695, "ibfb2_probJ_opti_grid_j_agg": 0.23307144, "fbis2_probJ_opti_grid_j_agg": 0.12547177, "none_probJ_opti_grid_j_agg": 0.095011494, "period_dictkey": "ne0209", "data_model": "model", "level_0": 0, "btp_fb_opti_grid_allJ_agg": -12.95028476, "btp_fs_opti_grid_allJ_agg": 0.0, "btp_ib_opti_grid_allJ_agg": -8.388165993, "btp_il_opti_grid_allJ_agg": 4.71e-20, "consumption_opti_grid_allJ_agg": 13.51169644, "dist_param.data__A_mu_ne0209.params.mu": 0.41123310799999996, "dist_param.data__A_mu_ne9901.params.mu": 0.569763397, "dist_param.data__A_sd_ne0209.params.sd": 0.28149267699999997, "dist_param.data__A_sd_ne9901.params.sd": 0.7940633859999999, "esti_obj.main_obj": 2.6101909853019816, "esti_obj.subsets_main.agg_prob_for": 0.4755620112554311, "esti_obj.subsets_main.agg_prob_inf": 0.9119963985746964, "esti_obj.subsets_main.agg_prob_jnt": 1.0704429090606506, "esti_obj.subsets_main.agg_prob_none": 0.15218966641120363, "esti_obj.subsets_main.equi_BI": 70.36132872, "esti_obj.subsets_main.mean_K": 765.3576820000001, "esti_obj.subsets_other.agg_prob": 0.36356914, "esti_obj.subsets_other.agg_prob_brr": 0.204081644, "esti_obj.subsets_other.agg_prob_sav": 0.12047600200000004, "esti_obj.subsets_other.mean_KYC": 2.6298811109059663, "esti_obj.subsets_other.mean_fbfs": 0.0, "esti_obj.subsets_other.mean_ibil": 0.0, "esti_param.BNF_BORR_P_ne0209": 0.011721655, "esti_param.BNF_BORR_P_ne9901": 0.346144805, "esti_param.BNF_SAVE_P_ne0209": 0.645199089, "esti_param.BNF_SAVE_P_ne9901": 0.5688914589999999, "esti_param.BNI_BORR_P_ne0209": 3.45057366, "esti_param.BNI_BORR_P_ne9901": 1.8255765069999998, "esti_param.BNI_LEND_P_ne0209": 2.4524859880000003, "esti_param.BNI_LEND_P_ne9901": 1.3638850009999999, "esti_param.K_DEPRECIATION": 0.09982823099999999, "esti_param.alpha_k": 0.7415153170000001, "esti_param.beta": 0.975583436, "esti_param.kappa_ne0209": 0.604538481, "esti_param.kappa_ne9901": 0.321505681, "esti_param.logit_sd_scale": 1.8951198280000001, "esti_param.rho": 0.347130513, "grid_param.std_eps": 1.405251641, "index": 0.0, "model_option.choice_names_use": "['ib', 'is', 'fb2', 'fs', 'ibfb2', 'fbis2', 'none']", "model_option.choice_set_list": "[0, 1, 102, 3, 104, 105, 6]", "predict": 0.0, "support_arg.param_combo_list_ctr_str": "_c2142", "y_opti_grid_allJ_agg": 30.18861166}