{"esti_obj.main_allperiods_obj": 9.666201373622485, "ktp_opti_grid_allJ_agg": 19.863442467729556, "ib_probJ_opti_grid_j_agg": 0.11654780409610588, "is_probJ_opti_grid_j_agg": 0.12398174344249036, "fb2_probJ_opti_grid_j_agg": 0.17578869604626135, "fs_probJ_opti_grid_j_agg": 0.1708599521869857, "ibfb2_probJ_opti_grid_j_agg": 0.14524322938576617, "fbis2_probJ_opti_grid_j_agg": 0.15805929358576165, "none_probJ_opti_grid_j_agg": 0.10951977749039798, "period_dictkey": "ne0209", "data_model": "model", "level_0": 15, "btp_fb_opti_grid_allJ_agg": -0.4743969022998158, "btp_fs_opti_grid_allJ_agg": 1.9046471202161257, "btp_ib_opti_grid_allJ_agg": 0.08718269406226398, "btp_il_opti_grid_allJ_agg": 5.487770956332099, "consumption_opti_grid_allJ_agg": 6.002882462686216, "dist_param.data__A_mu_ne0209.params.mu": 0.2597971232713888, "dist_param.data__A_mu_ne9901.params.mu": 0.3730401316518336, "dist_param.data__A_sd_ne0209.params.sd": 0.3890791288442794, "dist_param.data__A_sd_ne9901.params.sd": 0.5063030953308629, "esti_obj.main_obj": 6.418063703491007, "esti_obj.subsets_main.agg_prob_for": 1.3996558599796316, "esti_obj.subsets_main.agg_prob_inf": 0.859772478138259, "esti_obj.subsets_main.agg_prob_jnt": 3.872198707110946, "esti_obj.subsets_main.agg_prob_none": 0.286436658262171, "esti_obj.subsets_other.agg_prob": 0.587936645369714, "esti_obj.subsets_other.agg_prob_brr": 0.34851587866407835, "esti_obj.subsets_other.agg_prob_sav": 0.18590098921523768, "esti_obj.subsets_other.mean_KYC": 2.1124891992463275, "esti_obj.subsets_other.mean_fbfs": 0.0, "esti_obj.subsets_other.mean_ibil": 0.0, "esti_param.BNF_BORR_P_ne0209": 0.5255391107036892, "esti_param.BNF_BORR_P_ne9901": 1.8330806134343258, "esti_param.BNF_SAVE_P_ne0209": 0.6746017092114545, "esti_param.BNF_SAVE_P_ne9901": 0.3367989783516581, "esti_param.BNI_BORR_P_ne0209": 3.3848445374163894, "esti_param.BNI_BORR_P_ne9901": 1.9375974397485343, "esti_param.BNI_LEND_P_ne0209": 1.5081673534817488, "esti_param.BNI_LEND_P_ne9901": 0.04723585176471978, "esti_param.K_DEPRECIATION": 0.12214391944807657, "esti_param.alpha_k": 0.44382194983825474, "esti_param.beta": 0.9670743028728392, "esti_param.kappa_ne0209": 0.2985027145845115, "esti_param.kappa_ne9901": 0.3473162599894679, "esti_param.logit_sd_scale": 1.2467137353515034, "esti_param.rho": 2.90291524386484, "grid_param.std_eps": 1.9592123769338958, "index": 15.0, "model_option.choice_names_use": "['ib', 'is', 'fb2', 'fs', 'ibfb2', 'fbis2', 'none']", "model_option.choice_set_list": "[0, 1, 102, 3, 104, 105, 6]", "predict": 1.0, "support_arg.param_combo_list_ctr_str": "_c6254", "y_opti_grid_allJ_agg": 23.475683856247315}