{"esti_obj.main_allperiods_obj": 9.426249198369252, "ktp_opti_grid_allJ_agg": 33.127521418853576, "ib_probJ_opti_grid_j_agg": 0.17930739923142802, "is_probJ_opti_grid_j_agg": 0.08606966359094592, "fb2_probJ_opti_grid_j_agg": 0.1473529612118334, "fs_probJ_opti_grid_j_agg": 0.13593956527771256, "ibfb2_probJ_opti_grid_j_agg": 0.18755110859630886, "fbis2_probJ_opti_grid_j_agg": 0.11356437389838625, "none_probJ_opti_grid_j_agg": 0.1502142140599858, "period_dictkey": "ne0209", "data_model": "model", "level_0": 14, "btp_fb_opti_grid_allJ_agg": -6.423603712414831, "btp_fs_opti_grid_allJ_agg": -0.3652211929832774, "btp_ib_opti_grid_allJ_agg": -7.509707569425025, "btp_il_opti_grid_allJ_agg": -2.0343977866897376, "consumption_opti_grid_allJ_agg": 15.73663710508913, "dist_param.data__A_mu_ne0209.params.mu": 0.5397249516701591, "dist_param.data__A_mu_ne9901.params.mu": 0.4566414654996115, "dist_param.data__A_sd_ne0209.params.sd": 0.6572402366835236, "dist_param.data__A_sd_ne9901.params.sd": 0.3979176768853644, "esti_obj.main_obj": 6.453319124818292, "esti_obj.subsets_main.agg_prob_for": 2.0364664805166663, "esti_obj.subsets_main.agg_prob_inf": 1.513518587318754, "esti_obj.subsets_main.agg_prob_jnt": 2.0157022438887897, "esti_obj.subsets_main.agg_prob_none": 0.8876318130940828, "esti_obj.subsets_other.agg_prob": 0.5683120156948912, "esti_obj.subsets_other.agg_prob_brr": 0.39740332942328577, "esti_obj.subsets_other.agg_prob_sav": 0.07669447221161962, "esti_obj.subsets_other.mean_KYC": 2.78901960457674, "esti_obj.subsets_other.mean_fbfs": 0.0, "esti_obj.subsets_other.mean_ibil": 0.0, "esti_param.BNF_BORR_P_ne0209": 0.0264239202848755, "esti_param.BNF_BORR_P_ne9901": 0.6091879469107448, "esti_param.BNF_SAVE_P_ne0209": 1.0851240525260857, "esti_param.BNF_SAVE_P_ne9901": 0.8455519505894169, "esti_param.BNI_BORR_P_ne0209": 0.6851657008433759, "esti_param.BNI_BORR_P_ne9901": 2.022998225727584, "esti_param.BNI_LEND_P_ne0209": 1.1659455979018372, "esti_param.BNI_LEND_P_ne9901": 2.6673819844318754, "esti_param.K_DEPRECIATION": 0.10333476017231367, "esti_param.alpha_k": 0.7461372778538541, "esti_param.beta": 0.8514239076734362, "esti_param.kappa_ne0209": 0.34723584470139335, "esti_param.kappa_ne9901": 0.42735390772816884, "esti_param.logit_sd_scale": 1.1289570367572965, "esti_param.rho": 0.9660295017863365, "grid_param.std_eps": 1.5839662447257383, "index": 14.0, "model_option.choice_names_use": "['ib', 'is', 'fb2', 'fs', 'ibfb2', 'fbis2', 'none']", "model_option.choice_set_list": "[0, 1, 102, 3, 104, 105, 6]", "predict": 1.0, "support_arg.param_combo_list_ctr_str": "_c4920", "y_opti_grid_allJ_agg": 43.883046291168625}