{"esti_obj.main_allperiods_obj": 9.426249198369252, "ktp_opti_grid_allJ_agg": 28.40213253897781, "ib_probJ_opti_grid_j_agg": 0.15815063822432052, "is_probJ_opti_grid_j_agg": 0.07067731961049795, "fb2_probJ_opti_grid_j_agg": 0.18660120746560427, "fs_probJ_opti_grid_j_agg": 0.16628844430968748, "ibfb2_probJ_opti_grid_j_agg": 0.1504561355306555, "fbis2_probJ_opti_grid_j_agg": 0.09839245700680443, "none_probJ_opti_grid_j_agg": 0.16947145271827146, "period_dictkey": "ne9901", "data_model": "model", "level_0": 34, "btp_fb_opti_grid_allJ_agg": -5.357483859263709, "btp_fs_opti_grid_allJ_agg": -0.46835684030931013, "btp_ib_opti_grid_allJ_agg": -2.6547749173661117, "btp_il_opti_grid_allJ_agg": -1.7891085773965187, "consumption_opti_grid_allJ_agg": 11.84429842229575, "dist_param.data__A_mu_ne0209.params.mu": 0.5397249516701591, "dist_param.data__A_mu_ne9901.params.mu": 0.4566414654996115, "dist_param.data__A_sd_ne0209.params.sd": 0.6572402366835236, "dist_param.data__A_sd_ne9901.params.sd": 0.3979176768853644, "esti_obj.main_obj": 2.9729300735509607, "esti_obj.subsets_main.agg_prob_for": 1.2289930419406199, "esti_obj.subsets_main.agg_prob_inf": 0.8436764020454416, "esti_obj.subsets_main.agg_prob_jnt": 0.8793183351871825, "esti_obj.subsets_main.agg_prob_none": 0.02094229437771666, "esti_obj.subsets_other.agg_prob": 0.36382410735588955, "esti_obj.subsets_other.agg_prob_brr": 0.21999443371062824, "esti_obj.subsets_other.agg_prob_sav": 0.12935822092698984, "esti_obj.subsets_other.mean_KYC": 2.5909039223298986, "esti_obj.subsets_other.mean_fbfs": 0.0, "esti_obj.subsets_other.mean_ibil": 0.0, "esti_param.BNF_BORR_P_ne0209": 0.0264239202848755, "esti_param.BNF_BORR_P_ne9901": 0.6091879469107448, "esti_param.BNF_SAVE_P_ne0209": 1.0851240525260857, "esti_param.BNF_SAVE_P_ne9901": 0.8455519505894169, "esti_param.BNI_BORR_P_ne0209": 0.6851657008433759, "esti_param.BNI_BORR_P_ne9901": 2.022998225727584, "esti_param.BNI_LEND_P_ne0209": 1.1659455979018372, "esti_param.BNI_LEND_P_ne9901": 2.6673819844318754, "esti_param.K_DEPRECIATION": 0.10333476017231367, "esti_param.alpha_k": 0.7461372778538541, "esti_param.beta": 0.8514239076734362, "esti_param.kappa_ne0209": 0.34723584470139335, "esti_param.kappa_ne9901": 0.42735390772816884, "esti_param.logit_sd_scale": 1.1289570367572965, "esti_param.rho": 0.9660295017863365, "grid_param.std_eps": 1.5839662447257383, "index": 34.0, "model_option.choice_names_use": "['ib', 'is', 'fb2', 'fs', 'ibfb2', 'fbis2', 'none']", "model_option.choice_set_list": "[0, 1, 102, 3, 104, 105, 6]", "predict": 1.0, "support_arg.param_combo_list_ctr_str": "_c4920", "y_opti_grid_allJ_agg": 37.24341535819572}