{"esti_obj.main_allperiods_obj": 9.387270334222496, "ktp_opti_grid_allJ_agg": 19.546840306278114, "ib_probJ_opti_grid_j_agg": 0.1630475848085453, "is_probJ_opti_grid_j_agg": 0.11728921248857915, "fb2_probJ_opti_grid_j_agg": 0.1569127281706868, "fs_probJ_opti_grid_j_agg": 0.13976561481647742, "ibfb2_probJ_opti_grid_j_agg": 0.173039870693537, "fbis2_probJ_opti_grid_j_agg": 0.1565156015770257, "none_probJ_opti_grid_j_agg": 0.09354400512202332, "period_dictkey": "ne9901", "data_model": "model", "level_0": 33, "btp_fb_opti_grid_allJ_agg": -0.9870523675732841, "btp_fs_opti_grid_allJ_agg": 2.349974601524041, "btp_ib_opti_grid_allJ_agg": -0.015629087883496595, "btp_il_opti_grid_allJ_agg": 9.644891615785127, "consumption_opti_grid_allJ_agg": 6.383036708835334, "dist_param.data__A_mu_ne0209.params.mu": 0.5244146707056062, "dist_param.data__A_mu_ne9901.params.mu": 0.4891417706061326, "dist_param.data__A_sd_ne0209.params.sd": 0.5311003728940811, "dist_param.data__A_sd_ne9901.params.sd": 0.17688449467151274, "esti_obj.main_obj": 3.1111337225716538, "esti_obj.subsets_main.agg_prob_for": 0.6110102114887914, "esti_obj.subsets_main.agg_prob_inf": 0.979699212541711, "esti_obj.subsets_main.agg_prob_jnt": 1.1427403678969619, "esti_obj.subsets_main.agg_prob_none": 0.37768393064418965, "esti_obj.subsets_other.agg_prob": 0.4318516964286634, "esti_obj.subsets_other.agg_prob_brr": 0.1628252726686045, "esti_obj.subsets_other.agg_prob_sav": 0.20757042888208227, "esti_obj.subsets_other.mean_KYC": 2.121075217093804, "esti_obj.subsets_other.mean_fbfs": 0.0, "esti_obj.subsets_other.mean_ibil": 0.0, "esti_param.BNF_BORR_P_ne0209": 0.6524672064275074, "esti_param.BNF_BORR_P_ne9901": 0.8244135268678859, "esti_param.BNF_SAVE_P_ne0209": 0.6668521732326684, "esti_param.BNF_SAVE_P_ne9901": 1.396468642451905, "esti_param.BNI_BORR_P_ne0209": 2.830173554397352, "esti_param.BNI_BORR_P_ne9901": 1.3361003994029652, "esti_param.BNI_LEND_P_ne0209": 2.6370121094484698, "esti_param.BNI_LEND_P_ne9901": 3.2427283012315047, "esti_param.K_DEPRECIATION": 0.1692337959620038, "esti_param.alpha_k": 0.4948010787262991, "esti_param.beta": 0.9489480291471593, "esti_param.kappa_ne0209": 0.24288236885900022, "esti_param.kappa_ne9901": 0.6079668643674125, "esti_param.logit_sd_scale": 1.22357536986313, "esti_param.rho": 3.018663245218564, "grid_param.std_eps": 1.5445850914205344, "index": 33.0, "model_option.choice_names_use": "['ib', 'is', 'fb2', 'fs', 'ibfb2', 'fbis2', 'none']", "model_option.choice_set_list": "[0, 1, 102, 3, 104, 105, 6]", "predict": 1.0, "support_arg.param_combo_list_ctr_str": "_c4780", "y_opti_grid_allJ_agg": 13.049163004766626}