{"esti_obj.main_allperiods_obj": 8.78909173384448, "ktp_opti_grid_allJ_agg": 11.930556876596029, "ib_probJ_opti_grid_j_agg": 0.1887160449864096, "is_probJ_opti_grid_j_agg": 0.13293529541378746, "fb2_probJ_opti_grid_j_agg": 0.1319531989958418, "fs_probJ_opti_grid_j_agg": 0.14801262285971362, "ibfb2_probJ_opti_grid_j_agg": 0.14223670887873374, "fbis2_probJ_opti_grid_j_agg": 0.08866769452068812, "none_probJ_opti_grid_j_agg": 0.16747273556836717, "period_dictkey": "ne9901", "data_model": "model", "level_0": 27, "btp_fb_opti_grid_allJ_agg": -1.6039556193878468, "btp_fs_opti_grid_allJ_agg": -0.4001166861892038, "btp_ib_opti_grid_allJ_agg": -0.9726885291926521, "btp_il_opti_grid_allJ_agg": 0.6698561803232224, "consumption_opti_grid_allJ_agg": 3.45548703332679, "dist_param.data__A_mu_ne0209.params.mu": 0.008502640702366504, "dist_param.data__A_mu_ne9901.params.mu": -0.004277857301662746, "dist_param.data__A_sd_ne0209.params.sd": 0.767270032417806, "dist_param.data__A_sd_ne9901.params.sd": 0.1909470559572794, "esti_obj.main_obj": 2.553023733482579, "esti_obj.subsets_main.agg_prob_for": 0.7688764715682699, "esti_obj.subsets_main.agg_prob_inf": 0.7716574550928469, "esti_obj.subsets_main.agg_prob_jnt": 0.9969328935656213, "esti_obj.subsets_main.agg_prob_none": 0.015556913255841154, "esti_obj.subsets_other.agg_prob": 0.35318239550157127, "esti_obj.subsets_other.agg_prob_brr": 0.17709404713901486, "esti_obj.subsets_other.agg_prob_sav": 0.16361561279418918, "esti_obj.subsets_other.mean_KYC": 1.6108659842299133, "esti_obj.subsets_other.mean_fbfs": 0.0, "esti_obj.subsets_other.mean_ibil": 0.0, "esti_param.BNF_BORR_P_ne0209": 0.7039918607555148, "esti_param.BNF_BORR_P_ne9901": 2.074021185632117, "esti_param.BNF_SAVE_P_ne0209": 0.8409910713378833, "esti_param.BNF_SAVE_P_ne9901": 1.1074151269729744, "esti_param.BNI_BORR_P_ne0209": 1.9952429074870741, "esti_param.BNI_BORR_P_ne9901": 0.3365297475120055, "esti_param.BNI_LEND_P_ne0209": 1.4906816563652912, "esti_param.BNI_LEND_P_ne9901": 3.3565005042584897, "esti_param.K_DEPRECIATION": 0.058919038452744446, "esti_param.alpha_k": 0.6486893785682434, "esti_param.beta": 0.8800259780560058, "esti_param.kappa_ne0209": 0.6695770978116055, "esti_param.kappa_ne9901": 0.3481445634742696, "esti_param.logit_sd_scale": 1.2726491769985018, "esti_param.rho": 0.3777865788706707, "grid_param.std_eps": 1.149367088607595, "index": 27.0, "model_option.choice_names_use": "['ib', 'is', 'fb2', 'fs', 'ibfb2', 'fbis2', 'none']", "model_option.choice_set_list": "[0, 1, 102, 3, 104, 105, 6]", "predict": 1.0, "support_arg.param_combo_list_ctr_str": "_c3375", "y_opti_grid_allJ_agg": 6.714332314230006}