{"esti_obj.main_allperiods_obj": 9.91256336962991, "ktp_opti_grid_allJ_agg": 21.409650994972935, "ib_probJ_opti_grid_j_agg": 0.1535052706918698, "is_probJ_opti_grid_j_agg": 0.1524065593584769, "fb2_probJ_opti_grid_j_agg": 0.1461024558975944, "fs_probJ_opti_grid_j_agg": 0.12671492748401647, "ibfb2_probJ_opti_grid_j_agg": 0.15307681987672495, "fbis2_probJ_opti_grid_j_agg": 0.14070440907790394, "none_probJ_opti_grid_j_agg": 0.12746147752200976, "period_dictkey": "ne9901", "data_model": "model", "level_0": 38, "btp_fb_opti_grid_allJ_agg": -0.3628393267317449, "btp_fs_opti_grid_allJ_agg": 1.3247687737595548, "btp_ib_opti_grid_allJ_agg": 0.21234455855233136, "btp_il_opti_grid_allJ_agg": 8.192241566858684, "consumption_opti_grid_allJ_agg": 8.568512739314798, "dist_param.data__A_mu_ne0209.params.mu": 0.3029376782048572, "dist_param.data__A_mu_ne9901.params.mu": 0.6032527756169278, "dist_param.data__A_sd_ne0209.params.sd": 0.19895692923233887, "dist_param.data__A_sd_ne9901.params.sd": 0.24023030724939665, "esti_obj.main_obj": 3.323682542433139, "esti_obj.subsets_main.agg_prob_for": 0.4196417601086896, "esti_obj.subsets_main.agg_prob_inf": 1.6102073809551496, "esti_obj.subsets_main.agg_prob_jnt": 1.2179963793422222, "esti_obj.subsets_main.agg_prob_none": 0.07583702202707737, "esti_obj.subsets_other.agg_prob": 0.42867987193219836, "esti_obj.subsets_other.agg_prob_brr": 0.18731545353381082, "esti_obj.subsets_other.agg_prob_sav": 0.2138258959203973, "esti_obj.subsets_other.mean_KYC": 2.228152317222329, "esti_obj.subsets_other.mean_fbfs": 0.0, "esti_obj.subsets_other.mean_ibil": 0.0, "esti_param.BNF_BORR_P_ne0209": 2.707556822147397, "esti_param.BNF_BORR_P_ne9901": 1.038266118666804, "esti_param.BNF_SAVE_P_ne0209": 0.6179650519645941, "esti_param.BNF_SAVE_P_ne9901": 1.1474038623212381, "esti_param.BNI_BORR_P_ne0209": 0.5706366385781195, "esti_param.BNI_BORR_P_ne9901": 2.5984921580277023, "esti_param.BNI_LEND_P_ne0209": 3.369924990007754, "esti_param.BNI_LEND_P_ne9901": 1.361119636676199, "esti_param.K_DEPRECIATION": 0.11186095489053183, "esti_param.alpha_k": 0.6013707179174687, "esti_param.beta": 0.9655448421909839, "esti_param.kappa_ne0209": 0.16718560885449346, "esti_param.kappa_ne9901": 0.25839003014306194, "esti_param.logit_sd_scale": 1.3102136731781897, "esti_param.rho": 3.827158504347308, "grid_param.std_eps": 1.5617440225035162, "index": 38.0, "model_option.choice_names_use": "['ib', 'is', 'fb2', 'fs', 'ibfb2', 'fbis2', 'none']", "model_option.choice_set_list": "[0, 1, 102, 3, 104, 105, 6]", "predict": 1.0, "support_arg.param_combo_list_ctr_str": "_c4841", "y_opti_grid_allJ_agg": 21.328662968623973}