{"esti_obj.main_allperiods_obj": 9.07659468811038, "ktp_opti_grid_allJ_agg": 12.574829883852772, "ib_probJ_opti_grid_j_agg": 0.18370269892596358, "is_probJ_opti_grid_j_agg": 0.06333495249194865, "fb2_probJ_opti_grid_j_agg": 0.12778725814368264, "fs_probJ_opti_grid_j_agg": 0.12843737530823418, "ibfb2_probJ_opti_grid_j_agg": 0.1373871188807858, "fbis2_probJ_opti_grid_j_agg": 0.07635513514034598, "none_probJ_opti_grid_j_agg": 0.28312080049943855, "period_dictkey": "ne9901", "data_model": "model", "level_0": 31, "btp_fb_opti_grid_allJ_agg": -3.454194185304061, "btp_fs_opti_grid_allJ_agg": 0.16877521217284652, "btp_ib_opti_grid_allJ_agg": -2.887498758099426, "btp_il_opti_grid_allJ_agg": -4.8372917054529125, "consumption_opti_grid_allJ_agg": 6.16741149203807, "dist_param.data__A_mu_ne0209.params.mu": 0.5145810302623387, "dist_param.data__A_mu_ne9901.params.mu": 0.10789524420353525, "dist_param.data__A_sd_ne0209.params.sd": 0.5945149070787104, "dist_param.data__A_sd_ne9901.params.sd": 0.9008148285314053, "esti_obj.main_obj": 3.645977555886657, "esti_obj.subsets_main.agg_prob_for": 0.4863905254909923, "esti_obj.subsets_main.agg_prob_inf": 0.4439754987986012, "esti_obj.subsets_main.agg_prob_jnt": 1.0741175795353703, "esti_obj.subsets_main.agg_prob_none": 1.6414939520616934, "esti_obj.subsets_other.agg_prob": 0.3947012825056381, "esti_obj.subsets_other.agg_prob_brr": 0.19112292404956796, "esti_obj.subsets_other.agg_prob_sav": 0.07545755795663152, "esti_obj.subsets_other.mean_KYC": 1.6601076684851477, "esti_obj.subsets_other.mean_fbfs": 0.0, "esti_obj.subsets_other.mean_ibil": 0.0, "esti_param.BNF_BORR_P_ne0209": 0.31323039800009084, "esti_param.BNF_BORR_P_ne9901": 3.096595937388802, "esti_param.BNF_SAVE_P_ne0209": 1.348172779108076, "esti_param.BNF_SAVE_P_ne9901": 1.3394248095003338, "esti_param.BNI_BORR_P_ne0209": 2.2758583770508594, "esti_param.BNI_BORR_P_ne9901": 0.381699528469896, "esti_param.BNI_LEND_P_ne0209": 2.3227297354609764, "esti_param.BNI_LEND_P_ne9901": 1.9187985304719684, "esti_param.K_DEPRECIATION": 0.0670655547198361, "esti_param.alpha_k": 0.6787869884765426, "esti_param.beta": 0.7919642575184456, "esti_param.kappa_ne0209": 0.4790671354924121, "esti_param.kappa_ne9901": 0.4964706688906295, "esti_param.logit_sd_scale": 1.316243594008983, "esti_param.rho": 0.434764319769006, "grid_param.std_eps": 1.2030942334739803, "index": 31.0, "model_option.choice_names_use": "['ib', 'is', 'fb2', 'fs', 'ibfb2', 'fbis2', 'none']", "model_option.choice_set_list": "[0, 1, 102, 3, 104, 105, 6]", "predict": 1.0, "support_arg.param_combo_list_ctr_str": "_c3566", "y_opti_grid_allJ_agg": 10.177732042170454}