{"esti_obj.main_allperiods_obj": 9.1872958688181, "ktp_opti_grid_allJ_agg": 14.2002052, "ib_probJ_opti_grid_j_agg": 0.172055524, "is_probJ_opti_grid_j_agg": 0.119642537, "fb2_probJ_opti_grid_j_agg": 0.122926693, "fs_probJ_opti_grid_j_agg": 0.172011885, "ibfb2_probJ_opti_grid_j_agg": 0.112771485, "fbis2_probJ_opti_grid_j_agg": 0.0898327, "none_probJ_opti_grid_j_agg": 0.210759177, "period_dictkey": "ne9901", "data_model": "model", "level_0": 32, "btp_fb_opti_grid_allJ_agg": -2.356354543, "btp_fs_opti_grid_allJ_agg": 0.0, "btp_ib_opti_grid_allJ_agg": -0.9533067829999999, "btp_il_opti_grid_allJ_agg": 0.332105473, "consumption_opti_grid_allJ_agg": 5.015440016, "dist_param.data__A_mu_ne0209.params.mu": -0.063338749, "dist_param.data__A_mu_ne9901.params.mu": 0.12669102699999998, "dist_param.data__A_sd_ne0209.params.sd": 0.957036338, "dist_param.data__A_sd_ne9901.params.sd": 0.616969483, "esti_obj.main_obj": 4.112446726599297, "esti_obj.subsets_main.agg_prob_for": 1.2782432179169476, "esti_obj.subsets_main.agg_prob_inf": 0.8539722818710944, "esti_obj.subsets_main.agg_prob_jnt": 1.6693226448395222, "esti_obj.subsets_main.agg_prob_none": 0.3109085819717328, "esti_obj.subsets_main.equi_BI": 0.38589106799999995, "esti_obj.subsets_main.mean_K": 160.00239209999998, "esti_obj.subsets_other.agg_prob": 0.463492597, "esti_obj.subsets_other.agg_prob_brr": 0.232246298, "esti_obj.subsets_other.agg_prob_sav": 0.175487122, "esti_obj.subsets_other.mean_KYC": 1.778286056853621, "esti_obj.subsets_other.mean_fbfs": 0.0, "esti_obj.subsets_other.mean_ibil": 0.0, "esti_param.BNF_BORR_P_ne0209": 0.46849052700000005, "esti_param.BNF_BORR_P_ne9901": 2.35111267, "esti_param.BNF_SAVE_P_ne0209": 0.7731057090000001, "esti_param.BNF_SAVE_P_ne9901": 0.303278257, "esti_param.BNI_BORR_P_ne0209": 0.174086297, "esti_param.BNI_BORR_P_ne9901": 0.505986784, "esti_param.BNI_LEND_P_ne0209": 2.609185352, "esti_param.BNI_LEND_P_ne9901": 1.589710462, "esti_param.K_DEPRECIATION": 0.133798379, "esti_param.alpha_k": 0.6425053829999999, "esti_param.beta": 0.9750131120000001, "esti_param.kappa_ne0209": 0.54047581, "esti_param.kappa_ne9901": 0.41158891799999997, "esti_param.logit_sd_scale": 1.222139589, "esti_param.rho": 0.37196568799999996, "grid_param.std_eps": 0.46727102200000004, "index": 32.0, "model_option.choice_names_use": "['ib', 'is', 'fb2', 'fs', 'ibfb2', 'fbis2', 'none']", "model_option.choice_set_list": "[0, 1, 102, 3, 104, 105, 6]", "predict": 0.0, "support_arg.param_combo_list_ctr_str": "_c475", "y_opti_grid_allJ_agg": 4.772030245}