{"esti_obj.main_allperiods_obj": 17.21857055795958, "ktp_opti_grid_allJ_agg": 3.5619580723204236, "ktp_opti_grid_allJ_agg_var": 3.2365243652829685, "ib_probJ_opti_grid_j_agg": 0.27817142936934913, "is_probJ_opti_grid_j_agg": 0.02213409776375799, "fb2_probJ_opti_grid_j_agg": 0.15138239044922908, "fs_probJ_opti_grid_j_agg": 0.16183445640699118, "ibfb2_probJ_opti_grid_j_agg": 0.1350946674972522, "fbis2_probJ_opti_grid_j_agg": 0.016181442187900047, "none_probJ_opti_grid_j_agg": 0.23520151632552486, "period_dictkey": "ce0209", "data_model": "model", "level_0": 2, "P_jp_j.0.0": 0.3724678240459428, "P_jp_j.0.1": 0.014997144103566909, "P_jp_j.0.102": 0.1377622528357512, "P_jp_j.0.104": 0.13681740354797245, "P_jp_j.0.105": 0.011225837953435156, "P_jp_j.0.3": 0.1260138737500041, "P_jp_j.0.6": 0.20071566376332745, "P_jp_j.1.0": 0.1922320439390386, "P_jp_j.1.1": 0.03693268654904471, "P_jp_j.1.102": 0.16088801498854438, "P_jp_j.1.104": 0.1288924520686859, "P_jp_j.1.105": 0.02692864468833264, "P_jp_j.1.3": 0.1960124775529455, "P_jp_j.1.6": 0.2581136802134082, "P_jp_j.102.0": 0.2603528267838916, "P_jp_j.102.1": 0.022661150243294792, "P_jp_j.102.102": 0.15743036514601544, "P_jp_j.102.104": 0.1419940441453637, "P_jp_j.102.105": 0.01653167873589256, "P_jp_j.102.3": 0.16431406613216554, "P_jp_j.102.6": 0.2367158688133765, "P_jp_j.104.0": 0.3294755528003478, "P_jp_j.104.1": 0.018591283781590168, "P_jp_j.104.102": 0.14561772299792164, "P_jp_j.104.104": 0.1396209963297291, "P_jp_j.104.105": 0.013862350925741316, "P_jp_j.104.3": 0.13898481707332094, "P_jp_j.104.6": 0.21384727609134901, "P_jp_j.105.0": 0.23359071104227785, "P_jp_j.105.1": 0.03428728102887098, "P_jp_j.105.102": 0.15892586356797128, "P_jp_j.105.104": 0.13831472432071934, "P_jp_j.105.105": 0.02521035429103282, "P_jp_j.105.3": 0.17468702879760922, "P_jp_j.105.6": 0.2349840369515188, "P_jp_j.3.0": 0.20287128825225087, "P_jp_j.3.1": 0.02691557032492244, "P_jp_j.3.102": 0.1601477172816253, "P_jp_j.3.104": 0.1292548222472451, "P_jp_j.3.105": 0.01938987125788566, "P_jp_j.3.3": 0.1941911386280696, "P_jp_j.3.6": 0.2672295920080012, "P_jp_j.6.0": 0.211614353130244, "P_jp_j.6.1": 0.026751878186876483, "P_jp_j.6.102": 0.1594646406968468, "P_jp_j.6.104": 0.13039708083084273, "P_jp_j.6.105": 0.019308845094868736, "P_jp_j.6.3": 0.18936344118321347, "P_jp_j.6.6": 0.2630997608771077, "btp_fb_opti_grid_allJ_agg": -0.4349191700078449, "btp_fb_opti_grid_allJ_agg_var": 0.7069280061165267, "btp_fs_opti_grid_allJ_agg": 0.15284365930769858, "btp_fs_opti_grid_allJ_agg_var": 0.32627885108257004, "btp_ib_opti_grid_allJ_agg": -0.5882444778262763, "btp_ib_opti_grid_allJ_agg_var": 1.0316567237785492, "btp_il_opti_grid_allJ_agg": 0.08864069770815848, "btp_il_opti_grid_allJ_agg_var": 0.37816007279630615, "btp_opti_grid_allJ_agg": -0.7816792908182644, "btp_opti_grid_allJ_agg_var": 2.3537232740252905, "cash_grid_centered_allJ_agg": 4.221345590240204, "cash_grid_centered_allJ_agg_var": 6.22041070428481, "combo_desc": "Angeletos quickBNF_BORR_P-0.500;BNF_SAVE_P-0.300;BNI_BORR_P-0.100;BNI_LEND_P-2.000;R_FORMAL_BORR-1.054;R_FORMAL_SAVE-1.010;R_INFORM_BORR-1.094;R_INFORM_SAVE-1.094;kappa-0.632;kappa_ce0209-0.632;kappa_ce9901-0.131", "consumption_opti_grid_allJ_agg": 1.0597961557257634, "consumption_opti_grid_allJ_agg_var": 0.6407723545829032, "data_param.A": -0.03125, "data_param.Region": 0.0, "data_param.Region_set": "[0, 1]", "data_param.Year": 0.0, "data_param.Year_set": "[0, 1]", "data_param.len_A": 1.0, "data_param.mean_A": -0.03125, "data_param.std_A": 0.0, "esti_obj.main_obj": 10.545256678274283, "esti_obj.subsets_main.agg_prob_for": 4.0311843171674315, "esti_obj.subsets_main.agg_prob_inf": 4.74151565880962, "esti_obj.subsets_main.agg_prob_jnt": 0.053854374697894884, "esti_obj.subsets_main.agg_prob_none": 0.9448134775981268, "esti_obj.subsets_main.equi_BI": 0.24960393710831266, "esti_obj.subsets_main.mean_K": 0.5242849128928982, "esti_obj.subsets_other.agg_prob": 0.6297458913897436, "esti_obj.subsets_other.agg_prob_brr": 0.3156943714228678, "esti_obj.subsets_other.agg_prob_sav": 0.2168500036413508, "esti_obj.subsets_other.mean_KYC": 0.425463045451534, "esti_param.BNF_BORR_P": 0.5, "esti_param.BNF_BORR_P_ce0209": 0.5, "esti_param.BNF_BORR_P_ce9901": 0.5, "esti_param.BNF_BORR_P_ne0209": 0.5, "esti_param.BNF_BORR_P_ne9901": 0.5, "esti_param.BNF_SAVE_P": 0.3, "esti_param.BNF_SAVE_P_ce0209": 0.3, "esti_param.BNF_SAVE_P_ce9901": 0.3, "esti_param.BNF_SAVE_P_ne0209": 0.3, "esti_param.BNF_SAVE_P_ne9901": 0.3, "esti_param.BNI_BORR_P": 0.1, "esti_param.BNI_BORR_P_ce0209": 0.1, "esti_param.BNI_BORR_P_ce9901": 0.1, "esti_param.BNI_BORR_P_ne0209": 0.1, "esti_param.BNI_BORR_P_ne9901": 0.1, "esti_param.BNI_LEND_P": 2.0, "esti_param.BNI_LEND_P_ce0209": 2.0, "esti_param.BNI_LEND_P_ce9901": 2.0, "esti_param.BNI_LEND_P_ne0209": 2.0, "esti_param.BNI_LEND_P_ne9901": 2.0, "esti_param.K_DEPRECIATION": 0.15, "esti_param.R_AVG_INT": 1.1, "esti_param.R_FORMAL_BORR": 1.054, "esti_param.R_FORMAL_BORR_ce0209": 1.054, "esti_param.R_FORMAL_BORR_ce9901": 1.061, "esti_param.R_FORMAL_BORR_ne0209": 1.061, "esti_param.R_FORMAL_BORR_ne9901": 1.148, "esti_param.R_FORMAL_SAVE": 1.01, "esti_param.R_FORMAL_SAVE_ce0209": 1.01, "esti_param.R_FORMAL_SAVE_ce9901": 1.011, "esti_param.R_FORMAL_SAVE_ne0209": 1.011, "esti_param.R_FORMAL_SAVE_ne9901": 1.033, "esti_param.R_INFORM": 1.1, "esti_param.R_INFORM_BORR": 1.094, "esti_param.R_INFORM_BORR_ce0209": 1.094, "esti_param.R_INFORM_BORR_ce9901": 1.139, "esti_param.R_INFORM_BORR_ne0209": 1.139, "esti_param.R_INFORM_BORR_ne9901": 1.2790000000000001, "esti_param.R_INFORM_SAVE": 1.094, "esti_param.R_INFORM_SAVE_ce0209": 1.094, "esti_param.R_INFORM_SAVE_ce9901": 1.139, "esti_param.R_INFORM_SAVE_ne0209": 1.139, "esti_param.R_INFORM_SAVE_ne9901": 1.2790000000000001, "esti_param.alpha_k": 0.36, "esti_param.beta": 0.96, "esti_param.c_min_bound": 0.001, "esti_param.kappa": 0.6322638987595787, "esti_param.kappa_ce0209": 0.6322638987595787, "esti_param.kappa_ce9901": 0.1314891923955294, "esti_param.kappa_ne0209": 0.25, "esti_param.kappa_ne9901": 0.25, "esti_param.logit_sd_scale": 1.0, "esti_param.rho": 1.0, "fb2_btp_fb_opti_grid_j_agg": -0.1248340276114398, "fb2_btp_fb_opti_grid_j_agg_ifj": -0.7677993844902049, "fb2_btp_fs_opti_grid_j_agg": 0.0, "fb2_btp_fs_opti_grid_j_agg_ifj": 0.0, "fb2_btp_ib_opti_grid_j_agg": 0.0, "fb2_btp_ib_opti_grid_j_agg_ifj": 0.0, "fb2_btp_il_opti_grid_j_agg": 0.0, "fb2_btp_il_opti_grid_j_agg_ifj": 0.0, "fb2_btp_opti_grid_j_agg": -0.1248340276114398, "fb2_btp_opti_grid_j_agg_ifj": -0.7677993844902049, "fb2_consumption_opti_grid_j_agg": 0.16173446864083366, "fb2_consumption_opti_grid_j_agg_ifj": 1.0060847393207035, "fb2_ktp_opti_grid_j_agg": 0.5549134292803861, "fb2_ktp_opti_grid_j_agg_ifj": 3.4481908236150374, "fbis2_btp_fb_opti_grid_j_agg": -0.02628088548612732, "fbis2_btp_fb_opti_grid_j_agg_ifj": -1.0482236511643996, "fbis2_btp_fs_opti_grid_j_agg": 0.0, "fbis2_btp_fs_opti_grid_j_agg_ifj": 0.0, "fbis2_btp_ib_opti_grid_j_agg": 0.0, "fbis2_btp_ib_opti_grid_j_agg_ifj": 0.0, "fbis2_btp_il_opti_grid_j_agg": 0.045480536400704284, "fbis2_btp_il_opti_grid_j_agg_ifj": 0.8125873618003621, "fbis2_btp_opti_grid_j_agg": 0.019199650914576958, "fbis2_btp_opti_grid_j_agg_ifj": -0.2356362893640377, "fbis2_consumption_opti_grid_j_agg": 0.023648477782716684, "fbis2_consumption_opti_grid_j_agg_ifj": 0.539011222282412, "fbis2_ktp_opti_grid_j_agg": 0.04156632307757422, "fbis2_ktp_opti_grid_j_agg_ifj": 1.6578894560022819, "file_save_suffix": "_20180901x_list_tKap_mlt_ce1a2_c0_kapp_ce99014122_kapp_ce02094679_20180912133841150724_exo_wgtJ", "fs_btp_fb_opti_grid_j_agg": 0.0, "fs_btp_fb_opti_grid_j_agg_ifj": 0.0, "fs_btp_fs_opti_grid_j_agg": 0.15284365930769855, "fs_btp_fs_opti_grid_j_agg_ifj": 0.7279096478197196, "fs_btp_ib_opti_grid_j_agg": 0.0, "fs_btp_ib_opti_grid_j_agg_ifj": 0.0, "fs_btp_il_opti_grid_j_agg": 0.0, "fs_btp_il_opti_grid_j_agg_ifj": 0.0, "fs_btp_opti_grid_j_agg": 0.15284365930769855, "fs_btp_opti_grid_j_agg_ifj": 0.7279096478197196,