{"esti_obj.main_allperiods_obj": 17.211571959536812, "ktp_opti_grid_allJ_agg": 3.561882897280563, "ktp_opti_grid_allJ_agg_var": 3.236914998874471, "ib_probJ_opti_grid_j_agg": 0.2781741780854897, "is_probJ_opti_grid_j_agg": 0.022133721224591982, "fb2_probJ_opti_grid_j_agg": 0.15138269693224196, "fs_probJ_opti_grid_j_agg": 0.16183253457153238, "ibfb2_probJ_opti_grid_j_agg": 0.13509515308562187, "fbis2_probJ_opti_grid_j_agg": 0.016181310685246558, "none_probJ_opti_grid_j_agg": 0.23520040541528195, "period_dictkey": "ce0209", "data_model": "model", "level_0": 0, "P_jp_j.0.0": 0.3724729172088262, "P_jp_j.0.1": 0.014996749408220263, "P_jp_j.0.102": 0.1377603027789625, "P_jp_j.0.104": 0.1368176421823064, "P_jp_j.0.105": 0.011225553451103959, "P_jp_j.0.3": 0.12601228076890222, "P_jp_j.0.6": 0.2007145542016784, "P_jp_j.1.0": 0.19222850674091596, "P_jp_j.1.1": 0.03694170777544045, "P_jp_j.1.102": 0.1608928904049859, "P_jp_j.1.104": 0.1288950938582945, "P_jp_j.1.105": 0.026935862816596618, "P_jp_j.1.3": 0.19600463773528864, "P_jp_j.1.6": 0.2581013006684779, "P_jp_j.102.0": 0.2603533096467112, "P_jp_j.102.1": 0.02265897391079256, "P_jp_j.102.102": 0.15743139934495015, "P_jp_j.102.104": 0.14199529891701804, "P_jp_j.102.105": 0.01653020284366066, "P_jp_j.102.3": 0.16431291244832785, "P_jp_j.102.6": 0.2367179028885396, "P_jp_j.104.0": 0.3294808975678043, "P_jp_j.104.1": 0.0185922841940909, "P_jp_j.104.102": 0.14561610624373336, "P_jp_j.104.104": 0.13962170287188708, "P_jp_j.104.105": 0.013863424112965277, "P_jp_j.104.3": 0.1389817672895141, "P_jp_j.104.6": 0.213843817720005, "P_jp_j.105.0": 0.23357711013627025, "P_jp_j.105.1": 0.0342845495225141, "P_jp_j.105.102": 0.158929822706591, "P_jp_j.105.104": 0.1383172815377282, "P_jp_j.105.105": 0.02520904037478316, "P_jp_j.105.3": 0.1746904832502128, "P_jp_j.105.6": 0.2349917124719008, "P_jp_j.3.0": 0.2028717794154535, "P_jp_j.3.1": 0.026915230702642123, "P_jp_j.3.102": 0.16014994584026654, "P_jp_j.3.104": 0.12925482668913696, "P_jp_j.3.105": 0.01938974074349959, "P_jp_j.3.3": 0.1941897401548944, "P_jp_j.3.6": 0.267228736454107, "P_jp_j.6.0": 0.21161528911964336, "P_jp_j.6.1": 0.026751324263138587, "P_jp_j.6.102": 0.1594665409689892, "P_jp_j.6.104": 0.1303971056317616, "P_jp_j.6.105": 0.019308582398731004, "P_jp_j.6.3": 0.18936202969284305, "P_jp_j.6.6": 0.2630991279248932, "btp_fb_opti_grid_allJ_agg": -0.4348523485919703, "btp_fb_opti_grid_allJ_agg_var": 0.706969893361176, "btp_fs_opti_grid_allJ_agg": 0.15283736804023554, "btp_fs_opti_grid_allJ_agg_var": 0.3262675021843047, "btp_ib_opti_grid_allJ_agg": -0.5882617064970965, "btp_ib_opti_grid_allJ_agg_var": 1.0316635445663, "btp_il_opti_grid_allJ_agg": 0.08864851234424646, "btp_il_opti_grid_allJ_agg_var": 0.3782274734011296, "btp_opti_grid_allJ_agg": -0.7816281747045848, "btp_opti_grid_allJ_agg_var": 2.3539778995115284, "cash_grid_centered_allJ_agg": 4.221315021777769, "cash_grid_centered_allJ_agg_var": 6.220436955994193, "combo_desc": "Angeletos quickBNF_BORR_P-0.500;BNF_SAVE_P-0.300;BNI_BORR_P-0.100;BNI_LEND_P-2.000;R_FORMAL_BORR-1.054;R_FORMAL_SAVE-1.010;R_INFORM_BORR-1.094;R_INFORM_SAVE-1.094;kappa-0.632;kappa_ce0209-0.632;kappa_ce9901-0.137", "consumption_opti_grid_allJ_agg": 1.0597931270208611, "consumption_opti_grid_allJ_agg_var": 0.6406945643143779, "data_param.A": -0.03125, "data_param.Region": 0.0, "data_param.Region_set": "[0, 1]", "data_param.Year": 0.0, "data_param.Year_set": "[0, 1]", "data_param.len_A": 1.0, "data_param.mean_A": -0.03125, "data_param.std_A": 0.0, "esti_obj.main_obj": 10.545537060448742, "esti_obj.subsets_main.agg_prob_for": 4.031247628333507, "esti_obj.subsets_main.agg_prob_inf": 4.7416362429286965, "esti_obj.subsets_main.agg_prob_jnt": 0.05385418081534892, "esti_obj.subsets_main.agg_prob_none": 0.9447918812895172, "esti_obj.subsets_main.equi_BI": 0.24961334377161346, "esti_obj.subsets_main.mean_K": 0.5243937833100609, "esti_obj.subsets_other.agg_prob": 0.6297491670015368, "esti_obj.subsets_other.agg_prob_brr": 0.3156963280676258, "esti_obj.subsets_other.agg_prob_sav": 0.21685243351862912, "esti_obj.subsets_other.mean_KYC": 0.4254851311207706, "esti_param.BNF_BORR_P": 0.5, "esti_param.BNF_BORR_P_ce0209": 0.5, "esti_param.BNF_BORR_P_ce9901": 0.5, "esti_param.BNF_BORR_P_ne0209": 0.5, "esti_param.BNF_BORR_P_ne9901": 0.5, "esti_param.BNF_SAVE_P": 0.3, "esti_param.BNF_SAVE_P_ce0209": 0.3, "esti_param.BNF_SAVE_P_ce9901": 0.3, "esti_param.BNF_SAVE_P_ne0209": 0.3, "esti_param.BNF_SAVE_P_ne9901": 0.3, "esti_param.BNI_BORR_P": 0.1, "esti_param.BNI_BORR_P_ce0209": 0.1, "esti_param.BNI_BORR_P_ce9901": 0.1, "esti_param.BNI_BORR_P_ne0209": 0.1, "esti_param.BNI_BORR_P_ne9901": 0.1, "esti_param.BNI_LEND_P": 2.0, "esti_param.BNI_LEND_P_ce0209": 2.0, "esti_param.BNI_LEND_P_ce9901": 2.0, "esti_param.BNI_LEND_P_ne0209": 2.0, "esti_param.BNI_LEND_P_ne9901": 2.0, "esti_param.K_DEPRECIATION": 0.15, "esti_param.R_AVG_INT": 1.1, "esti_param.R_FORMAL_BORR": 1.054, "esti_param.R_FORMAL_BORR_ce0209": 1.054, "esti_param.R_FORMAL_BORR_ce9901": 1.061, "esti_param.R_FORMAL_BORR_ne0209": 1.061, "esti_param.R_FORMAL_BORR_ne9901": 1.148, "esti_param.R_FORMAL_SAVE": 1.01, "esti_param.R_FORMAL_SAVE_ce0209": 1.01, "esti_param.R_FORMAL_SAVE_ce9901": 1.011, "esti_param.R_FORMAL_SAVE_ne0209": 1.011, "esti_param.R_FORMAL_SAVE_ne9901": 1.033, "esti_param.R_INFORM": 1.1, "esti_param.R_INFORM_BORR": 1.094, "esti_param.R_INFORM_BORR_ce0209": 1.094, "esti_param.R_INFORM_BORR_ce9901": 1.139, "esti_param.R_INFORM_BORR_ne0209": 1.139, "esti_param.R_INFORM_BORR_ne9901": 1.2790000000000001, "esti_param.R_INFORM_SAVE": 1.094, "esti_param.R_INFORM_SAVE_ce0209": 1.094, "esti_param.R_INFORM_SAVE_ce9901": 1.139, "esti_param.R_INFORM_SAVE_ne0209": 1.139, "esti_param.R_INFORM_SAVE_ne9901": 1.2790000000000001, "esti_param.alpha_k": 0.36, "esti_param.beta": 0.96, "esti_param.c_min_bound": 0.001, "esti_param.kappa": 0.6321963918008138, "esti_param.kappa_ce0209": 0.6321963918008138, "esti_param.kappa_ce9901": 0.13698035194163194, "esti_param.kappa_ne0209": 0.25, "esti_param.kappa_ne9901": 0.25, "esti_param.logit_sd_scale": 1.0, "esti_param.rho": 1.0, "fb2_btp_fb_opti_grid_j_agg": -0.1247645309769078, "fb2_btp_fb_opti_grid_j_agg_ifj": -0.7673788613970212, "fb2_btp_fs_opti_grid_j_agg": 0.0, "fb2_btp_fs_opti_grid_j_agg_ifj": 0.0, "fb2_btp_ib_opti_grid_j_agg": 0.0, "fb2_btp_ib_opti_grid_j_agg_ifj": 0.0, "fb2_btp_il_opti_grid_j_agg": 0.0, "fb2_btp_il_opti_grid_j_agg_ifj": 0.0, "fb2_btp_opti_grid_j_agg": -0.1247645309769078, "fb2_btp_opti_grid_j_agg_ifj": -0.7673788613970212, "fb2_consumption_opti_grid_j_agg": 0.16175784382806796, "fb2_consumption_opti_grid_j_agg_ifj": 1.0062185699112371, "fb2_ktp_opti_grid_j_agg": 0.5548281832552014, "fb2_ktp_opti_grid_j_agg_ifj": 3.4476274364426738, "fbis2_btp_fb_opti_grid_j_agg": -0.02627149542784437, "fbis2_btp_fb_opti_grid_j_agg_ifj": -1.0480857356270736, "fbis2_btp_fs_opti_grid_j_agg": 0.0, "fbis2_btp_fs_opti_grid_j_agg_ifj": 0.0, "fbis2_btp_ib_opti_grid_j_agg": 0.0, "fbis2_btp_ib_opti_grid_j_agg_ifj": 0.0, "fbis2_btp_il_opti_grid_j_agg": 0.045480432310790214, "fbis2_btp_il_opti_grid_j_agg_ifj": 0.8125239663376359, "fbis2_btp_opti_grid_j_agg": 0.01920893688294584, "fbis2_btp_opti_grid_j_agg_ifj": -0.2355617692894377, "fbis2_consumption_opti_grid_j_agg": 0.023650577893480927, "fbis2_consumption_opti_grid_j_agg_ifj": 0.5389516990765174, "fbis2_ktp_opti_grid_j_agg": 0.04155590852552941, "fbis2_ktp_opti_grid_j_agg_ifj": 1.6578483351377526, "file_save_suffix": "_20180901x_list_tKap_mlt_ce1a2_c0_kapp_ce99014122_kapp_ce02094679_20180912133950005226_exo_wgtJ", "fs_btp_fb_opti_grid_j_agg": 0.0, "fs_btp_fb_opti_grid_j_agg_ifj": 0.0, "fs_btp_fs_opti_grid_j_agg": 0.15283736804023548, "fs_btp_fs_opti_grid_j_agg_ifj": 0.7278848657718848, "fs_btp_ib_opti_grid_j_agg": 0.0, "fs_btp_ib_opti_grid_j_agg_ifj": 0.0, "fs_btp_il_opti_grid_j_agg": 0.0, "fs_btp_il_opti_grid_j_agg_ifj": 0.0, "fs_btp_opti_grid_j_agg": 0.15283736804023548, "fs_btp_opti_grid_j_agg_ifj": 0.7278848657718848,