{"esti_obj.main_allperiods_obj": 17.218843972370248, "ktp_opti_grid_allJ_agg": 3.242324567680797, "ktp_opti_grid_allJ_agg_var": 2.7705203588046774, "ib_probJ_opti_grid_j_agg": 0.27928328731519203, "is_probJ_opti_grid_j_agg": 0.023948174728381632, "fb2_probJ_opti_grid_j_agg": 0.13455672752201778, "fs_probJ_opti_grid_j_agg": 0.17186494425477786, "ibfb2_probJ_opti_grid_j_agg": 0.12340575680645988, "fbis2_probJ_opti_grid_j_agg": 0.014678084136013785, "none_probJ_opti_grid_j_agg": 0.25226302523717514, "period_dictkey": "ce9901", "data_model": "model", "level_0": 7, "P_jp_j.0.0": 0.3612322429848589, "P_jp_j.0.1": 0.017807466978150062, "P_jp_j.0.102": 0.1104517153028942, "P_jp_j.0.104": 0.13040453653137007, "P_jp_j.0.105": 0.010912892236919812, "P_jp_j.0.3": 0.14211244609067136, "P_jp_j.0.6": 0.22707869987513565, "P_jp_j.1.0": 0.20808083014007334, "P_jp_j.1.1": 0.03936473434414136, "P_jp_j.1.102": 0.15621788717349305, "P_jp_j.1.104": 0.11571300587879743, "P_jp_j.1.105": 0.02559623673514121, "P_jp_j.1.3": 0.1963773969698035, "P_jp_j.1.6": 0.2586499087585503, "P_jp_j.102.0": 0.2278790745215812, "P_jp_j.102.1": 0.02734635800756268, "P_jp_j.102.102": 0.14954184756985872, "P_jp_j.102.104": 0.11932012860098673, "P_jp_j.102.105": 0.016757278040225927, "P_jp_j.102.3": 0.19017209429758905, "P_jp_j.102.6": 0.2689832189621959, "P_jp_j.104.0": 0.3465020233979195, "P_jp_j.104.1": 0.01850800564635269, "P_jp_j.104.102": 0.1126162425917391, "P_jp_j.104.104": 0.13651551802130038, "P_jp_j.104.105": 0.011714874204975323, "P_jp_j.104.3": 0.14334980575075676, "P_jp_j.104.6": 0.2307935303869561, "P_jp_j.105.0": 0.21483362083801527, "P_jp_j.105.1": 0.04100322355080227, "P_jp_j.105.102": 0.15328432996180222, "P_jp_j.105.104": 0.11891669892362365, "P_jp_j.105.105": 0.027136319787663826, "P_jp_j.105.3": 0.19179282170532305, "P_jp_j.105.6": 0.2530329852327697, "P_jp_j.3.0": 0.221778490446226, "P_jp_j.3.1": 0.02707083715990573, "P_jp_j.3.102": 0.15227286943788162, "P_jp_j.3.104": 0.1159000295247926, "P_jp_j.3.105": 0.016201838207709218, "P_jp_j.3.3": 0.1950843676001951, "P_jp_j.3.6": 0.27169156762328994, "P_jp_j.6.0": 0.23277966339694686, "P_jp_j.6.1": 0.027011987578826783, "P_jp_j.6.102": 0.14876787154166582, "P_jp_j.6.104": 0.11752846291078697, "P_jp_j.6.105": 0.016387609506214706, "P_jp_j.6.3": 0.18968293829094884, "P_jp_j.6.6": 0.2678414667746101, "btp_fb_opti_grid_allJ_agg": -0.07603590543613231, "btp_fb_opti_grid_allJ_agg_var": 0.03951509639164322, "btp_fs_opti_grid_allJ_agg": 0.1693398677586287, "btp_fs_opti_grid_allJ_agg_var": 0.33441344314039523, "btp_ib_opti_grid_allJ_agg": -0.4584136098470279, "btp_ib_opti_grid_allJ_agg_var": 0.4213594636206871, "btp_il_opti_grid_allJ_agg": 0.09283785491917088, "btp_il_opti_grid_allJ_agg_var": 0.3906918447813984, "btp_opti_grid_allJ_agg": -0.2722717926053606, "btp_opti_grid_allJ_agg_var": 1.5143398543859623, "cash_grid_centered_allJ_agg": 4.391993368896877, "cash_grid_centered_allJ_agg_var": 5.887372686578902, "combo_desc": "Angeletos quickBNF_BORR_P-0.500;BNF_SAVE_P-0.300;BNI_BORR_P-0.100;BNI_LEND_P-2.000;R_FORMAL_BORR-1.061;R_FORMAL_SAVE-1.011;R_INFORM_BORR-1.139;R_INFORM_SAVE-1.139;kappa-0.132;kappa_ce0209-0.632;kappa_ce9901-0.132", "consumption_opti_grid_allJ_agg": 1.069521668689053, "consumption_opti_grid_allJ_agg_var": 0.6239291560433108, "data_param.A": -0.03125, "data_param.Region": 0.0, "data_param.Region_set": "[0, 1]", "data_param.Year": 0.0, "data_param.Year_set": "[0, 1]", "data_param.len_A": 1.0, "data_param.mean_A": -0.03125, "data_param.std_A": 0.0, "esti_obj.main_obj": 6.6733069119215065, "esti_obj.subsets_main.agg_prob_for": 2.2889712597798084, "esti_obj.subsets_main.agg_prob_inf": 3.5111654296702968, "esti_obj.subsets_main.agg_prob_jnt": 0.5393796425608561, "esti_obj.subsets_main.agg_prob_none": 0.2001396910929627, "esti_obj.subsets_main.equi_BI": 0.13364563259107254, "esti_obj.subsets_main.mean_K": 5.256226510325351e-06, "esti_obj.subsets_other.agg_prob": 0.5223780882432858, "esti_obj.subsets_other.agg_prob_brr": 0.34113231659963417, "esti_obj.subsets_other.agg_prob_sav": 0.13650879688082676, "esti_obj.subsets_other.mean_KYC": 0.023940792493135524, "esti_param.BNF_BORR_P": 0.5, "esti_param.BNF_BORR_P_ce0209": 0.5, "esti_param.BNF_BORR_P_ce9901": 0.5, "esti_param.BNF_BORR_P_ne0209": 0.5, "esti_param.BNF_BORR_P_ne9901": 0.5, "esti_param.BNF_SAVE_P": 0.3, "esti_param.BNF_SAVE_P_ce0209": 0.3, "esti_param.BNF_SAVE_P_ce9901": 0.3, "esti_param.BNF_SAVE_P_ne0209": 0.3, "esti_param.BNF_SAVE_P_ne9901": 0.3, "esti_param.BNI_BORR_P": 0.1, "esti_param.BNI_BORR_P_ce0209": 0.1, "esti_param.BNI_BORR_P_ce9901": 0.1, "esti_param.BNI_BORR_P_ne0209": 0.1, "esti_param.BNI_BORR_P_ne9901": 0.1, "esti_param.BNI_LEND_P": 2.0, "esti_param.BNI_LEND_P_ce0209": 2.0, "esti_param.BNI_LEND_P_ce9901": 2.0, "esti_param.BNI_LEND_P_ne0209": 2.0, "esti_param.BNI_LEND_P_ne9901": 2.0, "esti_param.K_DEPRECIATION": 0.15, "esti_param.R_AVG_INT": 1.1, "esti_param.R_FORMAL_BORR": 1.061, "esti_param.R_FORMAL_BORR_ce0209": 1.054, "esti_param.R_FORMAL_BORR_ce9901": 1.061, "esti_param.R_FORMAL_BORR_ne0209": 1.061, "esti_param.R_FORMAL_BORR_ne9901": 1.148, "esti_param.R_FORMAL_SAVE": 1.011, "esti_param.R_FORMAL_SAVE_ce0209": 1.01, "esti_param.R_FORMAL_SAVE_ce9901": 1.011, "esti_param.R_FORMAL_SAVE_ne0209": 1.011, "esti_param.R_FORMAL_SAVE_ne9901": 1.033, "esti_param.R_INFORM": 1.1, "esti_param.R_INFORM_BORR": 1.139, "esti_param.R_INFORM_BORR_ce0209": 1.094, "esti_param.R_INFORM_BORR_ce9901": 1.139, "esti_param.R_INFORM_BORR_ne0209": 1.139, "esti_param.R_INFORM_BORR_ne9901": 1.2790000000000001, "esti_param.R_INFORM_SAVE": 1.139, "esti_param.R_INFORM_SAVE_ce0209": 1.094, "esti_param.R_INFORM_SAVE_ce9901": 1.139, "esti_param.R_INFORM_SAVE_ne0209": 1.139, "esti_param.R_INFORM_SAVE_ne9901": 1.2790000000000001, "esti_param.alpha_k": 0.36, "esti_param.beta": 0.96, "esti_param.c_min_bound": 0.001, "esti_param.kappa": 0.13198035194163196, "esti_param.kappa_ce0209": 0.6321963918008138, "esti_param.kappa_ce9901": 0.13198035194163196, "esti_param.kappa_ne0209": 0.25, "esti_param.kappa_ne9901": 0.25, "esti_param.logit_sd_scale": 1.0, "esti_param.rho": 1.0, "fb2_btp_fb_opti_grid_j_agg": -0.007574322333467469, "fb2_btp_fb_opti_grid_j_agg_ifj": -0.0684401504019, "fb2_btp_fs_opti_grid_j_agg": 0.0, "fb2_btp_fs_opti_grid_j_agg_ifj": 0.0, "fb2_btp_ib_opti_grid_j_agg": 0.0, "fb2_btp_ib_opti_grid_j_agg_ifj": 0.0, "fb2_btp_il_opti_grid_j_agg": 0.0, "fb2_btp_il_opti_grid_j_agg_ifj": 0.0, "fb2_btp_opti_grid_j_agg": -0.007574322333467469, "fb2_btp_opti_grid_j_agg_ifj": -0.0684401504019, "fb2_consumption_opti_grid_j_agg": 0.15017512442879255, "fb2_consumption_opti_grid_j_agg_ifj": 0.9536335968153498, "fb2_ktp_opti_grid_j_agg": 0.4586371017954791, "fb2_ktp_opti_grid_j_agg_ifj": 3.006025870715452, "fbis2_btp_fb_opti_grid_j_agg": -0.003819029835130751, "fbis2_btp_fb_opti_grid_j_agg_ifj": -0.15737528835163545, "fbis2_btp_fs_opti_grid_j_agg": 0.0, "fbis2_btp_fs_opti_grid_j_agg_ifj": 0.0, "fbis2_btp_ib_opti_grid_j_agg": 0.0, "fbis2_btp_ib_opti_grid_j_agg_ifj": 0.0, "fbis2_btp_il_opti_grid_j_agg": 0.03870995146373208, "fbis2_btp_il_opti_grid_j_agg_ifj": 0.594500183270005, "fbis2_btp_opti_grid_j_agg": 0.03489092162860133, "fbis2_btp_opti_grid_j_agg_ifj": 0.4371248949183696, "fbis2_consumption_opti_grid_j_agg": 0.02289971853334165, "fbis2_consumption_opti_grid_j_agg_ifj": 0.4936682145022459, "fbis2_ktp_opti_grid_j_agg": 0.02893635135038668, "fbis2_ktp_opti_grid_j_agg_ifj": 1.1924145225891984, "file_save_suffix": "_20180901x_list_tKap_mlt_ce1a2_c0_kapp_ce99014122_kapp_ce02094679_20180912133931547622_exo_wgtJ", "fs_btp_fb_opti_grid_j_agg": 0.0, "fs_btp_fb_opti_grid_j_agg_ifj": 0.0, "fs_btp_fs_opti_grid_j_agg": 0.1693398677586287, "fs_btp_fs_opti_grid_j_agg_ifj": 0.8152605738851291, "fs_btp_ib_opti_grid_j_agg": 0.0, "fs_btp_ib_opti_grid_j_agg_ifj": 0.0, "fs_btp_il_opti_grid_j_agg": 0.0, "fs_btp_il_opti_grid_j_agg_ifj": 0.0, "fs_btp_opti_grid_j_agg": 0.1693398677586287,