{"esti_obj.main_allperiods_obj": 22.32627845040836, "ktp_opti_grid_allJ_agg": 3.3185445726146017, "ktp_opti_grid_allJ_agg_var": 2.9350715933921303, "ib_probJ_opti_grid_j_agg": 0.28104720473901673, "is_probJ_opti_grid_j_agg": 0.02318240478383916, "fb2_probJ_opti_grid_j_agg": 0.14968409150166342, "fs_probJ_opti_grid_j_agg": 0.1613494305242067, "ibfb2_probJ_opti_grid_j_agg": 0.13118843589020354, "fbis2_probJ_opti_grid_j_agg": 0.016925443958268, "none_probJ_opti_grid_j_agg": 0.23662298860280545, "period_dictkey": "ne0209", "data_model": "model", "level_0": 5, "P_jp_j.0.0": 0.3583097378220837, "P_jp_j.0.1": 0.016841157771964932, "P_jp_j.0.102": 0.1374102596080616, "P_jp_j.0.104": 0.13317165546540305, "P_jp_j.0.105": 0.012409222685156145, "P_jp_j.0.3": 0.13112923168804574, "P_jp_j.0.6": 0.21072873495928476, "P_jp_j.1.0": 0.2033159185731884, "P_jp_j.1.1": 0.0395065382550799, "P_jp_j.1.102": 0.1589009384823759, "P_jp_j.1.104": 0.12409727299957744, "P_jp_j.1.105": 0.028992652234152944, "P_jp_j.1.3": 0.19287103478304707, "P_jp_j.1.6": 0.25231564467257833, "P_jp_j.102.0": 0.26397720103103395, "P_jp_j.102.1": 0.023510074469562558, "P_jp_j.102.102": 0.15608267925568026, "P_jp_j.102.104": 0.13855026852763935, "P_jp_j.102.105": 0.017164172279840618, "P_jp_j.102.3": 0.16376324760675046, "P_jp_j.102.6": 0.2369523568294927, "P_jp_j.104.0": 0.3292057016016159, "P_jp_j.104.1": 0.019323413675300674, "P_jp_j.104.102": 0.14391944170516702, "P_jp_j.104.104": 0.13670009218819254, "P_jp_j.104.105": 0.014426480917751524, "P_jp_j.104.3": 0.13819854005915053, "P_jp_j.104.6": 0.21822632985282192, "P_jp_j.105.0": 0.23406811355081256, "P_jp_j.105.1": 0.03727725568819458, "P_jp_j.105.102": 0.15801809067141692, "P_jp_j.105.104": 0.13389980212407426, "P_jp_j.105.105": 0.027612468371399385, "P_jp_j.105.3": 0.1750485437261724, "P_jp_j.105.6": 0.23407572586792985, "P_jp_j.3.0": 0.21598001579613788, "P_jp_j.3.1": 0.02749792207932097, "P_jp_j.3.102": 0.15780463175770973, "P_jp_j.3.104": 0.12467026112064132, "P_jp_j.3.105": 0.019827483259030932, "P_jp_j.3.3": 0.19093623340265944, "P_jp_j.3.6": 0.2632834525844997, "P_jp_j.6.0": 0.2287215414072101, "P_jp_j.6.1": 0.02709621419068456, "P_jp_j.6.102": 0.15637424823828722, "P_jp_j.6.104": 0.12606556002016295, "P_jp_j.6.105": 0.01959847526872525, "P_jp_j.6.3": 0.18430872782896351, "P_jp_j.6.6": 0.2578352330459665, "btp_fb_opti_grid_allJ_agg": -0.38838892681300935, "btp_fb_opti_grid_allJ_agg_var": 0.6559035359945762, "btp_fs_opti_grid_allJ_agg": 0.1524861522459875, "btp_fs_opti_grid_allJ_agg_var": 0.3232731416625617, "btp_ib_opti_grid_allJ_agg": -0.34234108138983393, "btp_ib_opti_grid_allJ_agg_var": 0.33444724683866744, "btp_il_opti_grid_allJ_agg": 0.10501563683610804, "btp_il_opti_grid_allJ_agg_var": 0.4681460744747967, "btp_opti_grid_allJ_agg": -0.4732282191207479, "btp_opti_grid_allJ_agg_var": 1.8130472186707327, "cash_grid_centered_allJ_agg": 4.268657537330906, "cash_grid_centered_allJ_agg_var": 6.18939607586637, "combo_desc": "Angeletos quickBNF_BORR_P-0.500;BNF_SAVE_P-0.300;BNI_BORR_P-0.100;BNI_LEND_P-2.000;R_FORMAL_BORR-1.061;R_FORMAL_SAVE-1.011;R_INFORM_BORR-1.139;R_INFORM_SAVE-1.139;kappa-0.619;kappa_ne0209-0.619;kappa_ne9901-0.671", "consumption_opti_grid_allJ_agg": 1.0552357960859038, "consumption_opti_grid_allJ_agg_var": 0.6265414612017117, "data_param.A": -0.03125, "data_param.Region": 0.0, "data_param.Region_set": "[0, 1]", "data_param.Year": 0.0, "data_param.Year_set": "[0, 1]", "data_param.len_A": 1.0, "data_param.mean_A": -0.03125, "data_param.std_A": 0.0, "esti_obj.main_obj": 16.031796625549394, "esti_obj.subsets_main.agg_prob_for": 2.0144352361421483, "esti_obj.subsets_main.agg_prob_inf": 4.8648226126722225, "esti_obj.subsets_main.agg_prob_jnt": 4.129302377838041, "esti_obj.subsets_main.agg_prob_none": 3.262466401180918, "esti_obj.subsets_main.equi_BI": 0.05632336663262363, "esti_obj.subsets_main.mean_K": 1.7044466310834432, "esti_obj.subsets_other.agg_prob": 0.8420392477320547, "esti_obj.subsets_other.agg_prob_brr": 0.5531746773471498, "esti_obj.subsets_other.agg_prob_sav": 0.10824158178209953, "esti_obj.subsets_other.mean_KYC": 0.5713021469884831, "esti_param.BNF_BORR_P": 0.5, "esti_param.BNF_BORR_P_ce0209": 0.5, "esti_param.BNF_BORR_P_ce9901": 0.5, "esti_param.BNF_BORR_P_ne0209": 0.5, "esti_param.BNF_BORR_P_ne9901": 0.5, "esti_param.BNF_SAVE_P": 0.3, "esti_param.BNF_SAVE_P_ce0209": 0.3, "esti_param.BNF_SAVE_P_ce9901": 0.3, "esti_param.BNF_SAVE_P_ne0209": 0.3, "esti_param.BNF_SAVE_P_ne9901": 0.3, "esti_param.BNI_BORR_P": 0.1, "esti_param.BNI_BORR_P_ce0209": 0.1, "esti_param.BNI_BORR_P_ce9901": 0.1, "esti_param.BNI_BORR_P_ne0209": 0.1, "esti_param.BNI_BORR_P_ne9901": 0.1, "esti_param.BNI_LEND_P": 2.0, "esti_param.BNI_LEND_P_ce0209": 2.0, "esti_param.BNI_LEND_P_ce9901": 2.0, "esti_param.BNI_LEND_P_ne0209": 2.0, "esti_param.BNI_LEND_P_ne9901": 2.0, "esti_param.K_DEPRECIATION": 0.15, "esti_param.R_AVG_INT": 1.1, "esti_param.R_FORMAL_BORR": 1.061, "esti_param.R_FORMAL_BORR_ce0209": 1.054, "esti_param.R_FORMAL_BORR_ce9901": 1.061, "esti_param.R_FORMAL_BORR_ne0209": 1.061, "esti_param.R_FORMAL_BORR_ne9901": 1.148, "esti_param.R_FORMAL_SAVE": 1.011, "esti_param.R_FORMAL_SAVE_ce0209": 1.01, "esti_param.R_FORMAL_SAVE_ce9901": 1.011, "esti_param.R_FORMAL_SAVE_ne0209": 1.011, "esti_param.R_FORMAL_SAVE_ne9901": 1.033, "esti_param.R_INFORM": 1.1, "esti_param.R_INFORM_BORR": 1.139, "esti_param.R_INFORM_BORR_ce0209": 1.094, "esti_param.R_INFORM_BORR_ce9901": 1.139, "esti_param.R_INFORM_BORR_ne0209": 1.139, "esti_param.R_INFORM_BORR_ne9901": 1.2790000000000001, "esti_param.R_INFORM_SAVE": 1.139, "esti_param.R_INFORM_SAVE_ce0209": 1.094, "esti_param.R_INFORM_SAVE_ce9901": 1.139, "esti_param.R_INFORM_SAVE_ne0209": 1.139, "esti_param.R_INFORM_SAVE_ne9901": 1.2790000000000001, "esti_param.alpha_k": 0.36, "esti_param.beta": 0.96, "esti_param.c_min_bound": 0.001, "esti_param.kappa": 0.6187907116230067, "esti_param.kappa_ce0209": 0.25, "esti_param.kappa_ce9901": 0.25, "esti_param.kappa_ne0209": 0.6187907116230067, "esti_param.kappa_ne9901": 0.6709382581567512, "esti_param.logit_sd_scale": 1.0, "esti_param.rho": 1.0, "fb2_btp_fb_opti_grid_j_agg": -0.09089880096208776, "fb2_btp_fb_opti_grid_j_agg_ifj": -0.5629239928872622, "fb2_btp_fs_opti_grid_j_agg": 0.0, "fb2_btp_fs_opti_grid_j_agg_ifj": 0.0, "fb2_btp_ib_opti_grid_j_agg": 0.0, "fb2_btp_ib_opti_grid_j_agg_ifj": 0.0, "fb2_btp_il_opti_grid_j_agg": 0.0, "fb2_btp_il_opti_grid_j_agg_ifj": 0.0, "fb2_btp_opti_grid_j_agg": -0.09089880096208776, "fb2_btp_opti_grid_j_agg_ifj": -0.5629239928872622, "fb2_consumption_opti_grid_j_agg": 0.16087366471058495, "fb2_consumption_opti_grid_j_agg_ifj": 1.0112452095435616, "fb2_ktp_opti_grid_j_agg": 0.5231671242632355, "fb2_ktp_opti_grid_j_agg_ifj": 3.2924570543595086, "fbis2_btp_fb_opti_grid_j_agg": -0.023703087590975787, "fbis2_btp_fb_opti_grid_j_agg_ifj": -0.9289015665814159, "fbis2_btp_fs_opti_grid_j_agg": 0.0, "fbis2_btp_fs_opti_grid_j_agg_ifj": 0.0, "fbis2_btp_ib_opti_grid_j_agg": 0.0, "fbis2_btp_ib_opti_grid_j_agg_ifj": 0.0, "fbis2_btp_il_opti_grid_j_agg": 0.052355218755742616, "fbis2_btp_il_opti_grid_j_agg_ifj": 0.9414151814504548, "fbis2_btp_opti_grid_j_agg": 0.028652131164766826, "fbis2_btp_opti_grid_j_agg_ifj": 0.012513614869038722, "fbis2_consumption_opti_grid_j_agg": 0.0247660322124541, "fbis2_consumption_opti_grid_j_agg_ifj": 0.5367408394335813, "fbis2_ktp_opti_grid_j_agg": 0.038305499978830815, "fbis2_ktp_opti_grid_j_agg_ifj": 1.50115628617797, "file_save_suffix": "_20180901x_list_tKap_mlt_ne1a2_c0_kapp_ne99012797_kapp_ne02092265_20180912134037096953_exo_wgtJ", "fs_btp_fb_opti_grid_j_agg": 0.0, "fs_btp_fb_opti_grid_j_agg_ifj": 0.0, "fs_btp_fs_opti_grid_j_agg": 0.15248615224598747, "fs_btp_fs_opti_grid_j_agg_ifj": 0.7412096803940694, "fs_btp_ib_opti_grid_j_agg": 0.0, "fs_btp_ib_opti_grid_j_agg_ifj": 0.0, "fs_btp_il_opti_grid_j_agg": 0.0, "fs_btp_il_opti_grid_j_agg_ifj": 0.0, "fs_btp_opti_grid_j_agg": 0.15248615224598747,