{"esti_obj.main_allperiods_obj": 22.32601056689916, "ktp_opti_grid_allJ_agg": 3.1072853612442453, "ktp_opti_grid_allJ_agg_var": 2.146337078409504, "ib_probJ_opti_grid_j_agg": 0.2722993743732341, "is_probJ_opti_grid_j_agg": 0.027734444714356262, "fb2_probJ_opti_grid_j_agg": 0.1418946517769396, "fs_probJ_opti_grid_j_agg": 0.16785297624490514, "ibfb2_probJ_opti_grid_j_agg": 0.1233058844775863, "fbis2_probJ_opti_grid_j_agg": 0.020114865207989045, "none_probJ_opti_grid_j_agg": 0.24679780320497074, "period_dictkey": "ne9901", "data_model": "model", "level_0": 0, "P_jp_j.0.0": 0.3124350881090707, "P_jp_j.0.1": 0.023650257710054745, "P_jp_j.0.102": 0.1367094392262675, "P_jp_j.0.104": 0.12259370539521185, "P_jp_j.0.105": 0.01707995671307572, "P_jp_j.0.3": 0.14919842024963348, "P_jp_j.0.6": 0.23833313259668595, "P_jp_j.1.0": 0.2185677671460284, "P_jp_j.1.1": 0.048485597540264484, "P_jp_j.1.102": 0.14534723701058172, "P_jp_j.1.104": 0.12264725215138372, "P_jp_j.1.105": 0.0363653783976446, "P_jp_j.1.3": 0.18909010416552974, "P_jp_j.1.6": 0.2394966635885674, "P_jp_j.102.0": 0.2722961911251806, "P_jp_j.102.1": 0.026219839126240832, "P_jp_j.102.102": 0.14628744584892378, "P_jp_j.102.104": 0.12828932492548234, "P_jp_j.102.105": 0.01913362738866338, "P_jp_j.102.3": 0.16504150649185045, "P_jp_j.102.6": 0.24273206509365874, "P_jp_j.104.0": 0.29088844475258435, "P_jp_j.104.1": 0.023855917215909343, "P_jp_j.104.102": 0.14180288742154942, "P_jp_j.104.104": 0.1255438119384567, "P_jp_j.104.105": 0.01751289991342025, "P_jp_j.104.3": 0.15641678760792646, "P_jp_j.104.6": 0.2439792511501536, "P_jp_j.105.0": 0.2349346228968769, "P_jp_j.105.1": 0.04845370107671338, "P_jp_j.105.102": 0.14620346742399554, "P_jp_j.105.104": 0.12601201181230834, "P_jp_j.105.105": 0.036427695956866, "P_jp_j.105.3": 0.17790279459138514, "P_jp_j.105.6": 0.2300657062418549, "P_jp_j.3.0": 0.2359379978245719, "P_jp_j.3.1": 0.030534352724792706, "P_jp_j.3.102": 0.14441320108079134, "P_jp_j.3.104": 0.12117254603742747, "P_jp_j.3.105": 0.02184762610835251, "P_jp_j.3.3": 0.1883457892211951, "P_jp_j.3.6": 0.257748487002869, "P_jp_j.6.0": 0.2525445335592031, "P_jp_j.6.1": 0.029124333989302507, "P_jp_j.6.102": 0.14268379355269867, "P_jp_j.6.104": 0.121412728924582, "P_jp_j.6.105": 0.020993298025382044, "P_jp_j.6.3": 0.17862201643661985, "P_jp_j.6.6": 0.2546192955122119, "btp_fb_opti_grid_allJ_agg": -0.2332767154558037, "btp_fb_opti_grid_allJ_agg_var": 0.21291295422975126, "btp_fs_opti_grid_allJ_agg": 0.1896344075982396, "btp_fs_opti_grid_allJ_agg_var": 0.4355775264506937, "btp_ib_opti_grid_allJ_agg": -0.1081739535883186, "btp_ib_opti_grid_allJ_agg_var": 0.10551903116538168, "btp_il_opti_grid_allJ_agg": 0.15473248587411165, "btp_il_opti_grid_allJ_agg_var": 0.7641454154190399, "btp_opti_grid_allJ_agg": 0.0029162244282289478, "btp_opti_grid_allJ_agg_var": 1.4421649875440559, "cash_grid_centered_allJ_agg": 4.5256722607178865, "cash_grid_centered_allJ_agg_var": 6.084489578906792, "combo_desc": "Angeletos quickBNF_BORR_P-0.500;BNF_SAVE_P-0.300;BNI_BORR_P-0.100;BNI_LEND_P-2.000;R_FORMAL_BORR-1.148;R_FORMAL_SAVE-1.033;R_INFORM_BORR-1.279;R_INFORM_SAVE-1.279;kappa-0.692;kappa_ne0209-0.603;kappa_ne9901-0.692", "consumption_opti_grid_allJ_agg": 1.0735172478553876, "consumption_opti_grid_allJ_agg_var": 0.6702839076053093, "data_param.A": -0.03125, "data_param.Region": 0.0, "data_param.Region_set": "[0, 1]", "data_param.Year": 0.0, "data_param.Year_set": "[0, 1]", "data_param.len_A": 1.0, "data_param.mean_A": -0.03125, "data_param.std_A": 0.0, "esti_obj.main_obj": 6.296324529324923, "esti_obj.subsets_main.agg_prob_for": 1.1255338553275402, "esti_obj.subsets_main.agg_prob_inf": 0.22836392610414594, "esti_obj.subsets_main.agg_prob_jnt": 1.6755512580156449, "esti_obj.subsets_main.agg_prob_none": 0.8426836673258539, "esti_obj.subsets_main.equi_BI": 0.002167696928607233, "esti_obj.subsets_main.mean_K": 2.422024125623131, "esti_obj.subsets_other.agg_prob": 0.4409003076462388, "esti_obj.subsets_other.agg_prob_brr": 0.14709883811870822, "esti_obj.subsets_other.agg_prob_sav": 0.20200366632255984, "esti_obj.subsets_other.mean_KYC": 0.6237558338894005, "esti_param.BNF_BORR_P": 0.5, "esti_param.BNF_BORR_P_ce0209": 0.5, "esti_param.BNF_BORR_P_ce9901": 0.5, "esti_param.BNF_BORR_P_ne0209": 0.5, "esti_param.BNF_BORR_P_ne9901": 0.5, "esti_param.BNF_SAVE_P": 0.3, "esti_param.BNF_SAVE_P_ce0209": 0.3, "esti_param.BNF_SAVE_P_ce9901": 0.3, "esti_param.BNF_SAVE_P_ne0209": 0.3, "esti_param.BNF_SAVE_P_ne9901": 0.3, "esti_param.BNI_BORR_P": 0.1, "esti_param.BNI_BORR_P_ce0209": 0.1, "esti_param.BNI_BORR_P_ce9901": 0.1, "esti_param.BNI_BORR_P_ne0209": 0.1, "esti_param.BNI_BORR_P_ne9901": 0.1, "esti_param.BNI_LEND_P": 2.0, "esti_param.BNI_LEND_P_ce0209": 2.0, "esti_param.BNI_LEND_P_ce9901": 2.0, "esti_param.BNI_LEND_P_ne0209": 2.0, "esti_param.BNI_LEND_P_ne9901": 2.0, "esti_param.K_DEPRECIATION": 0.15, "esti_param.R_AVG_INT": 1.1, "esti_param.R_FORMAL_BORR": 1.148, "esti_param.R_FORMAL_BORR_ce0209": 1.054, "esti_param.R_FORMAL_BORR_ce9901": 1.061, "esti_param.R_FORMAL_BORR_ne0209": 1.061, "esti_param.R_FORMAL_BORR_ne9901": 1.148, "esti_param.R_FORMAL_SAVE": 1.033, "esti_param.R_FORMAL_SAVE_ce0209": 1.01, "esti_param.R_FORMAL_SAVE_ce9901": 1.011, "esti_param.R_FORMAL_SAVE_ne0209": 1.011, "esti_param.R_FORMAL_SAVE_ne9901": 1.033, "esti_param.R_INFORM": 1.1, "esti_param.R_INFORM_BORR": 1.2790000000000001, "esti_param.R_INFORM_BORR_ce0209": 1.094, "esti_param.R_INFORM_BORR_ce9901": 1.139, "esti_param.R_INFORM_BORR_ne0209": 1.139, "esti_param.R_INFORM_BORR_ne9901": 1.2790000000000001, "esti_param.R_INFORM_SAVE": 1.2790000000000001, "esti_param.R_INFORM_SAVE_ce0209": 1.094, "esti_param.R_INFORM_SAVE_ce9901": 1.139, "esti_param.R_INFORM_SAVE_ne0209": 1.139, "esti_param.R_INFORM_SAVE_ne9901": 1.2790000000000001, "esti_param.alpha_k": 0.36, "esti_param.beta": 0.96, "esti_param.c_min_bound": 0.001, "esti_param.kappa": 0.6924766429314868, "esti_param.kappa_ce0209": 0.25, "esti_param.kappa_ce9901": 0.25, "esti_param.kappa_ne0209": 0.6032341432031361, "esti_param.kappa_ne9901": 0.6924766429314868, "esti_param.logit_sd_scale": 1.0, "esti_param.rho": 1.0, "fb2_btp_fb_opti_grid_j_agg": -0.06986363667246627, "fb2_btp_fb_opti_grid_j_agg_ifj": -0.4556392934408559, "fb2_btp_fs_opti_grid_j_agg": 0.0, "fb2_btp_fs_opti_grid_j_agg_ifj": 0.0, "fb2_btp_ib_opti_grid_j_agg": 0.0, "fb2_btp_ib_opti_grid_j_agg_ifj": 0.0, "fb2_btp_il_opti_grid_j_agg": 0.0, "fb2_btp_il_opti_grid_j_agg_ifj": 0.0, "fb2_btp_opti_grid_j_agg": -0.06986363667246627, "fb2_btp_opti_grid_j_agg_ifj": -0.4556392934408559, "fb2_consumption_opti_grid_j_agg": 0.15482871294536776, "fb2_consumption_opti_grid_j_agg_ifj": 1.057302911070554, "fb2_ktp_opti_grid_j_agg": 0.4933682824843151, "fb2_ktp_opti_grid_j_agg_ifj": 3.368733866372507, "fbis2_btp_fb_opti_grid_j_agg": -0.027471967800900502, "fbis2_btp_fb_opti_grid_j_agg_ifj": -1.0276075255024086, "fbis2_btp_fs_opti_grid_j_agg": 0.0, "fbis2_btp_fs_opti_grid_j_agg_ifj": 0.0, "fbis2_btp_ib_opti_grid_j_agg": 0.0, "fbis2_btp_ib_opti_grid_j_agg_ifj": 0.0, "fbis2_btp_il_opti_grid_j_agg": 0.07867222206693249, "fbis2_btp_il_opti_grid_j_agg_ifj": 1.3625266698745684, "fbis2_btp_opti_grid_j_agg": 0.05120025426603198, "fbis2_btp_opti_grid_j_agg_ifj": 0.33491914437216, "fbis2_consumption_opti_grid_j_agg": 0.029745510431433975, "fbis2_consumption_opti_grid_j_agg_ifj": 0.5450924207256437, "fbis2_ktp_opti_grid_j_agg": 0.039672049709290426, "fbis2_ktp_opti_grid_j_agg_ifj": 1.4839598360346131, "file_save_suffix": "_20180901x_list_tKap_mlt_ne1a2_c2_kapp_ne99016398_kapp_ne02094346_20180912133949379965_exo_wgtJ", "fs_btp_fb_opti_grid_j_agg": 0.0, "fs_btp_fb_opti_grid_j_agg_ifj": 0.0, "fs_btp_fs_opti_grid_j_agg": 0.18963440759823968, "fs_btp_fs_opti_grid_j_agg_ifj": 0.9655540712427214, "fs_btp_ib_opti_grid_j_agg": 0.0, "fs_btp_ib_opti_grid_j_agg_ifj": 0.0, "fs_btp_il_opti_grid_j_agg": 0.0, "fs_btp_il_opti_grid_j_agg_ifj": 0.0, "fs_btp_opti_grid_j_agg": 0.18963440759823968,