{"esti_obj.main_allperiods_obj": 17.06715482803682, "ktp_opti_grid_allJ_agg": 0.5305619037682621, "ktp_opti_grid_allJ_agg_var": 0.019892325710530758, "ib_probJ_opti_grid_j_agg": 0.14444528860908012, "is_probJ_opti_grid_j_agg": 0.13989737502973673, "fb2_probJ_opti_grid_j_agg": 0.14510143615352888, "fs_probJ_opti_grid_j_agg": 0.13982252134276252, "ibfb2_probJ_opti_grid_j_agg": 0.1455485069133497, "fbis2_probJ_opti_grid_j_agg": 0.1452622085081606, "none_probJ_opti_grid_j_agg": 0.1399226634434194, "period_dictkey": "ne0209", "data_model": "model", "level_0": 4, "P_jp_j.0.0": 0.14569676741580828, "P_jp_j.0.1": 0.13826770892067233, "P_jp_j.0.102": 0.14622210779690298, "P_jp_j.0.104": 0.14697149364162207, "P_jp_j.0.105": 0.14624761827600669, "P_jp_j.0.3": 0.13824077517642558, "P_jp_j.0.6": 0.13835352877256205, "P_jp_j.1.0": 0.14327563788296405, "P_jp_j.1.1": 0.1414420645528468, "P_jp_j.1.102": 0.14402737724243778, "P_jp_j.1.104": 0.14419901003840885, "P_jp_j.1.105": 0.144349606747177, "P_jp_j.1.3": 0.14130882645310416, "P_jp_j.1.6": 0.14139747708306138, "P_jp_j.102.0": 0.14504768609934512, "P_jp_j.102.1": 0.13908886476201854, "P_jp_j.102.102": 0.14567237710384598, "P_jp_j.102.104": 0.14625471805926715, "P_jp_j.102.105": 0.14572885735778254, "P_jp_j.102.3": 0.13905089499343035, "P_jp_j.102.6": 0.13915660162431026, "P_jp_j.104.0": 0.14547742994602975, "P_jp_j.104.1": 0.13855126237616713, "P_jp_j.104.102": 0.1460300913739169, "P_jp_j.104.104": 0.14672366292309566, "P_jp_j.104.105": 0.1460761675717868, "P_jp_j.104.3": 0.13851549125113302, "P_jp_j.104.6": 0.13862589455787075, "P_jp_j.105.0": 0.14490020037405324, "P_jp_j.105.1": 0.13930698545208173, "P_jp_j.105.102": 0.14551275920047602, "P_jp_j.105.104": 0.14606219764731496, "P_jp_j.105.105": 0.1456273715239962, "P_jp_j.105.3": 0.13924321880378687, "P_jp_j.105.6": 0.1393472669982911, "P_jp_j.3.0": 0.14329963848628413, "P_jp_j.3.1": 0.14139068416565892, "P_jp_j.3.102": 0.14406848879566006, "P_jp_j.3.104": 0.14424590496367745, "P_jp_j.3.105": 0.14435550541491116, "P_jp_j.3.3": 0.14127531912023816, "P_jp_j.3.6": 0.1413644590535703, "P_jp_j.6.0": 0.14329702343464792, "P_jp_j.6.1": 0.14139465438417936, "P_jp_j.6.102": 0.14406552934654282, "P_jp_j.6.104": 0.14424240060111249, "P_jp_j.6.105": 0.14435373505160862, "P_jp_j.6.3": 0.1412787749674482, "P_jp_j.6.6": 0.14136788221446056, "btp_fb_opti_grid_allJ_agg": -0.1727305321766502, "btp_fb_opti_grid_allJ_agg_var": 0.04831068511389335, "btp_fs_opti_grid_allJ_agg": 1.1731932965384019e-05, "btp_fs_opti_grid_allJ_agg_var": 6.715359439515332e-07, "btp_ib_opti_grid_allJ_agg": -0.05294900435548619, "btp_ib_opti_grid_allJ_agg_var": 0.01436487053318838, "btp_il_opti_grid_allJ_agg": 0.021271111078957024, "btp_il_opti_grid_allJ_agg_var": 0.0095325235039811, "btp_opti_grid_allJ_agg": -0.20439669352021395, "btp_opti_grid_allJ_agg_var": 0.06279814219448297, "cash_grid_centered_allJ_agg": 1.557399741830907, "cash_grid_centered_allJ_agg_var": 0.11625174871700272, "combo_desc": "Angeletos quickBNF_BORR_P-0.000;BNF_BORR_P_ne0209-0.000;BNF_BORR_P_ne9901-0.000;BNF_SAVE_P-0.002;BNF_SAVE_P_ne0209-0.002;BNF_SAVE_P_ne9901-0.000;BNI_BORR_P-0.000;BNI_BORR_P_ne0209-0.000;BNI_BORR_P_ne9901-0.631;BNI_LEND_P-0.002;BNI_LEND_P_ne0209-0.002;BNI_LEND_P_ne9901-0.032;R_FORMAL_BORR-1.061;R_FORMAL_SAVE-1.011;R_INFORM_BORR-1.139;R_INFORM_SAVE-1.139;alpha_k-0.152;kappa-0.700;kappa_ne0209-0.700;kappa_ne9901-0.700;logit_sd_scale-2.000;rho-0.159BNF_BORR_P-0.000;BNF_BORR_P_ne0209-0.000;BNF_BORR_P_ne9901-0.000;BNF_SAVE_P-0.002;BNF_SAVE_P_ne0209-0.002;BNF_SAVE_P_ne9901-0.000;BNI_BORR_P-0.000;BNI_BORR_P_ne0209-0.000;BNI_BORR_P_ne9901-0.631;BNI_LEND_P-0.002;BNI_LEND_P_ne0209-0.002;BNI_LEND_P_ne9901-0.032;R_FORMAL_BORR-1.061;R_FORMAL_SAVE-1.011;R_INFORM_BORR-1.139;R_INFORM_SAVE-1.139;alpha_k-0.152;kappa-0.700;kappa_ne0209-0.700;kappa_ne9901-0.700;logit_sd_scale-2.000;rho-0.159BNF_BORR_P-0.000;BNF_BORR_P_ne0209-0.000;BNF_BORR_P_ne9901-0.000;BNF_SAVE_P-0.002;BNF_SAVE_P_ne0209-0.002;BNF_SAVE_P_ne9901-0.000;BNI_BORR_P-0.000;BNI_BORR_P_ne0209-0.000;BNI_BORR_P_ne9901-0.631;BNI_LEND_P-0.002;BNI_LEND_P_ne0209-0.002;BNI_LEND_P_ne9901-0.032;R_FORMAL_BORR-1.061;R_FORMAL_SAVE-1.011;R_INFORM_BORR-1.139;R_INFORM_SAVE-1.139;alpha_k-0.152;kappa-0.700;kappa_ne0209-0.700;kappa_ne9901-0.700;logit_sd_scale-2.000;rho-0.159", "consumption_opti_grid_allJ_agg": 1.2166586884492196, "consumption_opti_grid_allJ_agg_var": 0.07922952925741768, "data_param.A": 0.35, "data_param.Region": 0.0, "data_param.Region_set": "[0, 1]", "data_param.Year": 0.0, "data_param.Year_set": "[0, 1]", "data_param.len_A": 1.0, "data_param.mean_A": -0.03125, "data_param.std_A": 0.0, "esti_obj.main_obj": 10.181150218925175, "esti_obj.subsets_main.agg_prob_for": 2.0995625303443632, "esti_obj.subsets_main.agg_prob_inf": 1.505955840113112, "esti_obj.subsets_main.agg_prob_jnt": 3.6727043064423377, "esti_obj.subsets_main.agg_prob_none": 0.7043013439437447, "esti_obj.subsets_main.equi_BI": 0.0010034889224391718, "esti_obj.subsets_main.mean_K": 2.19762270915918, "esti_obj.subsets_other.agg_prob": 0.6490550711807557, "esti_obj.subsets_other.agg_prob_brr": 0.4067953455422016, "esti_obj.subsets_other.agg_prob_sav": 0.15833706219513485, "esti_obj.subsets_other.mean_KYC": 0.6087770725462108, "esti_param.BNF_BORR_P": 0.0, "esti_param.BNF_BORR_P_ce0209": 0.5, "esti_param.BNF_BORR_P_ce9901": 0.5, "esti_param.BNF_BORR_P_ne0209": 0.0, "esti_param.BNF_BORR_P_ne9901": 0.0, "esti_param.BNF_SAVE_P": 0.0015997053581187394, "esti_param.BNF_SAVE_P_ce0209": 0.3, "esti_param.BNF_SAVE_P_ce9901": 0.3, "esti_param.BNF_SAVE_P_ne0209": 0.0015997053581187394, "esti_param.BNF_SAVE_P_ne9901": 0.0003203554847422241, "esti_param.BNI_BORR_P": 0.0, "esti_param.BNI_BORR_P_ce0209": 0.1, "esti_param.BNI_BORR_P_ce9901": 0.1, "esti_param.BNI_BORR_P_ne0209": 0.0, "esti_param.BNI_BORR_P_ne9901": 0.6311373914462606, "esti_param.BNI_LEND_P": 0.0019490683194159906, "esti_param.BNI_LEND_P_ce0209": 2.0, "esti_param.BNI_LEND_P_ce9901": 2.0, "esti_param.BNI_LEND_P_ne0209": 0.0019490683194159906, "esti_param.BNI_LEND_P_ne9901": 0.03167626569022459, "esti_param.K_DEPRECIATION": 0.15, "esti_param.R_AVG_INT": 1.1, "esti_param.R_FORMAL_BORR": 1.061, "esti_param.R_FORMAL_BORR_ce0209": 1.054, "esti_param.R_FORMAL_BORR_ce9901": 1.061, "esti_param.R_FORMAL_BORR_ne0209": 1.061, "esti_param.R_FORMAL_BORR_ne9901": 1.148, "esti_param.R_FORMAL_SAVE": 1.011, "esti_param.R_FORMAL_SAVE_ce0209": 1.01, "esti_param.R_FORMAL_SAVE_ce9901": 1.011, "esti_param.R_FORMAL_SAVE_ne0209": 1.011, "esti_param.R_FORMAL_SAVE_ne9901": 1.033, "esti_param.R_INFORM": 1.1, "esti_param.R_INFORM_BORR": 1.139, "esti_param.R_INFORM_BORR_ce0209": 1.094, "esti_param.R_INFORM_BORR_ce9901": 1.139, "esti_param.R_INFORM_BORR_ne0209": 1.139, "esti_param.R_INFORM_BORR_ne9901": 1.2790000000000001, "esti_param.R_INFORM_SAVE": 1.139, "esti_param.R_INFORM_SAVE_ce0209": 1.094, "esti_param.R_INFORM_SAVE_ce9901": 1.139, "esti_param.R_INFORM_SAVE_ne0209": 1.139, "esti_param.R_INFORM_SAVE_ne9901": 1.2790000000000001, "esti_param.alpha_k": 0.15201322663529046, "esti_param.beta": 0.96, "esti_param.c_min_bound": 0.001, "esti_param.kappa": 0.7, "esti_param.kappa_ce0209": 0.25, "esti_param.kappa_ce9901": 0.25, "esti_param.kappa_ne0209": 0.7, "esti_param.kappa_ne9901": 0.7, "esti_param.logit_sd_scale": 2.0, "esti_param.rho": 0.15910102042140373, "fb2_btp_fb_opti_grid_j_agg": -0.05546267447858496, "fb2_btp_fb_opti_grid_j_agg_ifj": -0.3826976055204699, "fb2_btp_fs_opti_grid_j_agg": 0.0, "fb2_btp_fs_opti_grid_j_agg_ifj": 0.0, "fb2_btp_ib_opti_grid_j_agg": 0.0, "fb2_btp_ib_opti_grid_j_agg_ifj": 0.0, "fb2_btp_il_opti_grid_j_agg": 0.0, "fb2_btp_il_opti_grid_j_agg_ifj": 0.0, "fb2_btp_opti_grid_j_agg": -0.05546267447858496, "fb2_btp_opti_grid_j_agg_ifj": -0.3826976055204699, "fb2_consumption_opti_grid_j_agg": 0.19019065739063168, "fb2_consumption_opti_grid_j_agg_ifj": 1.3143577257385717, "fb2_ktp_opti_grid_j_agg": 0.08735381817759541, "fb2_ktp_opti_grid_j_agg_ifj": 0.6037373042472669,