{"esti_obj.main_allperiods_obj": 17.06715482803682, "ktp_opti_grid_allJ_agg": 0.5124629924558229, "ktp_opti_grid_allJ_agg_var": 0.012675781199140718, "ib_probJ_opti_grid_j_agg": 0.11148008796236204, "is_probJ_opti_grid_j_agg": 0.15390333989499405, "fb2_probJ_opti_grid_j_agg": 0.15569324842991236, "fs_probJ_opti_grid_j_agg": 0.1542197815110232, "ibfb2_probJ_opti_grid_j_agg": 0.11333456515362395, "fbis2_probJ_opti_grid_j_agg": 0.15723018052988966, "none_probJ_opti_grid_j_agg": 0.15413879651816986, "period_dictkey": "ne9901", "data_model": "model", "level_0": 0, "P_jp_j.0.0": 0.10435376030006753, "P_jp_j.0.1": 0.15412443137027473, "P_jp_j.0.102": 0.1609664671780812, "P_jp_j.0.104": 0.1074594922018368, "P_jp_j.0.105": 0.16025796525128494, "P_jp_j.0.3": 0.15641646213906787, "P_jp_j.0.6": 0.15642142155938704, "P_jp_j.1.0": 0.11505911709737282, "P_jp_j.1.1": 0.15387911674932675, "P_jp_j.1.102": 0.15304153779889787, "P_jp_j.1.104": 0.11624281734024315, "P_jp_j.1.105": 0.15592250943110364, "P_jp_j.1.3": 0.152998047281602, "P_jp_j.1.6": 0.1528568543014538, "P_jp_j.102.0": 0.11154904504626194, "P_jp_j.102.1": 0.15384127961370514, "P_jp_j.102.102": 0.15566387898627548, "P_jp_j.102.104": 0.1134119874306443, "P_jp_j.102.105": 0.15705246895918712, "P_jp_j.102.3": 0.1542777476219895, "P_jp_j.102.6": 0.15420359234193676, "P_jp_j.104.0": 0.10351773223668184, "P_jp_j.104.1": 0.15415412696889133, "P_jp_j.104.102": 0.16160287275955731, "P_jp_j.104.104": 0.10675872981657833, "P_jp_j.104.105": 0.1606073239405694, "P_jp_j.104.3": 0.15667432430926287, "P_jp_j.104.6": 0.15668488996845895, "P_jp_j.105.0": 0.1136322881761854, "P_jp_j.105.1": 0.15395507933766206, "P_jp_j.105.102": 0.1541372453102775, "P_jp_j.105.104": 0.11503004952086635, "P_jp_j.105.105": 0.1565962740197569, "P_jp_j.105.3": 0.15339445471203916, "P_jp_j.105.6": 0.1532546089232128, "P_jp_j.3.0": 0.11405793253913872, "P_jp_j.3.1": 0.15375960953451545, "P_jp_j.3.102": 0.15374324148233104, "P_jp_j.3.104": 0.11551266716618255, "P_jp_j.3.105": 0.1559724155957133, "P_jp_j.3.3": 0.15352161466751513, "P_jp_j.3.6": 0.1534325190146038, "P_jp_j.6.0": 0.11407091922628244, "P_jp_j.6.1": 0.15373693994272875, "P_jp_j.6.102": 0.1537497821719922, "P_jp_j.6.104": 0.11552798767485813, "P_jp_j.6.105": 0.15594744132494134, "P_jp_j.6.3": 0.15352800742939904, "P_jp_j.6.6": 0.15343892222979802, "btp_fb_opti_grid_allJ_agg": -0.0991871823200226, "btp_fb_opti_grid_allJ_agg_var": 0.02081583502560272, "btp_fs_opti_grid_allJ_agg": 0.0144596158581201, "btp_fs_opti_grid_allJ_agg_var": 0.00557749074844317, "btp_ib_opti_grid_allJ_agg": -0.034002299729949545, "btp_ib_opti_grid_allJ_agg_var": 0.01033989057052733, "btp_il_opti_grid_allJ_agg": 0.11836040592231592, "btp_il_opti_grid_allJ_agg_var": 0.05619764752466496, "btp_opti_grid_allJ_agg": -0.00036946026953611766, "btp_opti_grid_allJ_agg_var": 0.06779787239769465, "cash_grid_centered_allJ_agg": 1.740625457252579, "cash_grid_centered_allJ_agg_var": 0.16199568568340167, "combo_desc": "Angeletos quickBNF_BORR_P-0.000;BNF_BORR_P_ne0209-0.000;BNF_BORR_P_ne9901-0.000;BNF_SAVE_P-0.000;BNF_SAVE_P_ne0209-0.002;BNF_SAVE_P_ne9901-0.000;BNI_BORR_P-0.631;BNI_BORR_P_ne0209-0.000;BNI_BORR_P_ne9901-0.631;BNI_LEND_P-0.032;BNI_LEND_P_ne0209-0.002;BNI_LEND_P_ne9901-0.032;R_FORMAL_BORR-1.148;R_FORMAL_SAVE-1.033;R_INFORM_BORR-1.279;R_INFORM_SAVE-1.279;alpha_k-0.152;kappa-0.700;kappa_ne0209-0.700;kappa_ne9901-0.700;logit_sd_scale-2.000;rho-0.159BNF_BORR_P-0.000;BNF_BORR_P_ne0209-0.000;BNF_BORR_P_ne9901-0.000;BNF_SAVE_P-0.000;BNF_SAVE_P_ne0209-0.002;BNF_SAVE_P_ne9901-0.000;BNI_BORR_P-0.631;BNI_BORR_P_ne0209-0.000;BNI_BORR_P_ne9901-0.631;BNI_LEND_P-0.032;BNI_LEND_P_ne0209-0.002;BNI_LEND_P_ne9901-0.032;R_FORMAL_BORR-1.148;R_FORMAL_SAVE-1.033;R_INFORM_BORR-1.279;R_INFORM_SAVE-1.279;alpha_k-0.152;kappa-0.700;kappa_ne0209-0.700;kappa_ne9901-0.700;logit_sd_scale-2.000;rho-0.159BNF_BORR_P-0.000;BNF_BORR_P_ne0209-0.000;BNF_BORR_P_ne9901-0.000;BNF_SAVE_P-0.000;BNF_SAVE_P_ne0209-0.002;BNF_SAVE_P_ne9901-0.000;BNI_BORR_P-0.631;BNI_BORR_P_ne0209-0.000;BNI_BORR_P_ne9901-0.631;BNI_LEND_P-0.032;BNI_LEND_P_ne0209-0.002;BNI_LEND_P_ne9901-0.032;R_FORMAL_BORR-1.148;R_FORMAL_SAVE-1.033;R_INFORM_BORR-1.279;R_INFORM_SAVE-1.279;alpha_k-0.152;kappa-0.700;kappa_ne0209-0.700;kappa_ne9901-0.700;logit_sd_scale-2.000;rho-0.159", "consumption_opti_grid_allJ_agg": 1.0828167319422328, "consumption_opti_grid_allJ_agg_var": 0.07564741931964891, "data_param.A": 0.35, "data_param.Region": 0.0, "data_param.Region_set": "[0, 1]", "data_param.Year": 0.0, "data_param.Year_set": "[0, 1]", "data_param.len_A": 1.0, "data_param.mean_A": -0.03125, "data_param.std_A": 0.0, "esti_obj.main_obj": 6.886004609111643, "esti_obj.subsets_main.agg_prob_for": 0.8549287676485379, "esti_obj.subsets_main.agg_prob_inf": 2.622753647644986, "esti_obj.subsets_main.agg_prob_jnt": 2.32257262055523, "esti_obj.subsets_main.agg_prob_none": 7.416714371163974e-05, "esti_obj.subsets_main.equi_BI": 0.0071162900803625655, "esti_obj.subsets_main.mean_K": 1.0785591160388142, "esti_obj.subsets_other.agg_prob": 0.5330931007316634, "esti_obj.subsets_other.agg_prob_brr": 0.27287859531392633, "esti_obj.subsets_other.agg_prob_sav": 0.2593533019359069, "esti_obj.subsets_other.mean_KYC": 0.5095431796089948, "esti_param.BNF_BORR_P": 0.0, "esti_param.BNF_BORR_P_ce0209": 0.5, "esti_param.BNF_BORR_P_ce9901": 0.5, "esti_param.BNF_BORR_P_ne0209": 0.0, "esti_param.BNF_BORR_P_ne9901": 0.0, "esti_param.BNF_SAVE_P": 0.0003203554847422241, "esti_param.BNF_SAVE_P_ce0209": 0.3, "esti_param.BNF_SAVE_P_ce9901": 0.3, "esti_param.BNF_SAVE_P_ne0209": 0.0015997053581187394, "esti_param.BNF_SAVE_P_ne9901": 0.0003203554847422241, "esti_param.BNI_BORR_P": 0.6311373914462606, "esti_param.BNI_BORR_P_ce0209": 0.1, "esti_param.BNI_BORR_P_ce9901": 0.1, "esti_param.BNI_BORR_P_ne0209": 0.0, "esti_param.BNI_BORR_P_ne9901": 0.6311373914462606, "esti_param.BNI_LEND_P": 0.03167626569022459, "esti_param.BNI_LEND_P_ce0209": 2.0, "esti_param.BNI_LEND_P_ce9901": 2.0, "esti_param.BNI_LEND_P_ne0209": 0.0019490683194159906, "esti_param.BNI_LEND_P_ne9901": 0.03167626569022459, "esti_param.K_DEPRECIATION": 0.15, "esti_param.R_AVG_INT": 1.1, "esti_param.R_FORMAL_BORR": 1.148, "esti_param.R_FORMAL_BORR_ce0209": 1.054, "esti_param.R_FORMAL_BORR_ce9901": 1.061, "esti_param.R_FORMAL_BORR_ne0209": 1.061, "esti_param.R_FORMAL_BORR_ne9901": 1.148, "esti_param.R_FORMAL_SAVE": 1.033, "esti_param.R_FORMAL_SAVE_ce0209": 1.01, "esti_param.R_FORMAL_SAVE_ce9901": 1.011, "esti_param.R_FORMAL_SAVE_ne0209": 1.011, "esti_param.R_FORMAL_SAVE_ne9901": 1.033, "esti_param.R_INFORM": 1.1, "esti_param.R_INFORM_BORR": 1.2790000000000001, "esti_param.R_INFORM_BORR_ce0209": 1.094, "esti_param.R_INFORM_BORR_ce9901": 1.139, "esti_param.R_INFORM_BORR_ne0209": 1.139, "esti_param.R_INFORM_BORR_ne9901": 1.2790000000000001, "esti_param.R_INFORM_SAVE": 1.2790000000000001, "esti_param.R_INFORM_SAVE_ce0209": 1.094, "esti_param.R_INFORM_SAVE_ce9901": 1.139, "esti_param.R_INFORM_SAVE_ne0209": 1.139, "esti_param.R_INFORM_SAVE_ne9901": 1.2790000000000001, "esti_param.alpha_k": 0.15201322663529046, "esti_param.beta": 0.96, "esti_param.c_min_bound": 0.001, "esti_param.kappa": 0.7, "esti_param.kappa_ce0209": 0.25, "esti_param.kappa_ce9901": 0.25, "esti_param.kappa_ne0209": 0.7, "esti_param.kappa_ne9901": 0.7, "esti_param.logit_sd_scale": 2.0, "esti_param.rho": 0.15910102042140373, "fb2_btp_fb_opti_grid_j_agg": -0.016800485046768832, "fb2_btp_fb_opti_grid_j_agg_ifj": -0.10380313549214447, "fb2_btp_fs_opti_grid_j_agg": 0.0, "fb2_btp_fs_opti_grid_j_agg_ifj": 0.0, "fb2_btp_ib_opti_grid_j_agg": 0.0, "fb2_btp_ib_opti_grid_j_agg_ifj": 0.0, "fb2_btp_il_opti_grid_j_agg": 0.0, "fb2_btp_il_opti_grid_j_agg_ifj": 0.0, "fb2_btp_opti_grid_j_agg": -0.016800485046768832, "fb2_btp_opti_grid_j_agg_ifj": -0.10380313549214447, "fb2_consumption_opti_grid_j_agg": 0.19141229566966186, "fb2_consumption_opti_grid_j_agg_ifj": 1.235793327074147, "fb2_ktp_opti_grid_j_agg": 0.09211278468538704,