{"esti_obj.main_allperiods_obj": 17.07783300075058, "ktp_opti_grid_allJ_agg": 0.5117645356772673, "ktp_opti_grid_allJ_agg_var": 0.012577013763296554, "ib_probJ_opti_grid_j_agg": 0.11137645572836403, "is_probJ_opti_grid_j_agg": 0.1541718912166717, "fb2_probJ_opti_grid_j_agg": 0.1555991041187897, "fs_probJ_opti_grid_j_agg": 0.1541068020837017, "ibfb2_probJ_opti_grid_j_agg": 0.11323568636083703, "fbis2_probJ_opti_grid_j_agg": 0.15748237534667725, "none_probJ_opti_grid_j_agg": 0.15402768514495274, "period_dictkey": "ne9901", "data_model": "model", "level_0": 3, "P_jp_j.0.0": 0.10411180016022234, "P_jp_j.0.1": 0.15449378832091334, "P_jp_j.0.102": 0.16094133940817468, "P_jp_j.0.104": 0.10724098334950397, "P_jp_j.0.105": 0.16061208255520662, "P_jp_j.0.3": 0.15629719315063506, "P_jp_j.0.6": 0.15630281305534388, "P_jp_j.1.0": 0.11499519004261835, "P_jp_j.1.1": 0.15410021697962673, "P_jp_j.1.102": 0.15293530045287046, "P_jp_j.1.104": 0.11617759414672495, "P_jp_j.1.105": 0.1561459930489291, "P_jp_j.1.3": 0.15289224583652586, "P_jp_j.1.6": 0.15275345949270466, "P_jp_j.102.0": 0.11141698178825173, "P_jp_j.102.1": 0.15410949528074927, "P_jp_j.102.102": 0.15559291105500206, "P_jp_j.102.104": 0.1132893777224276, "P_jp_j.102.105": 0.15731097160499435, "P_jp_j.102.3": 0.15417623208734205, "P_jp_j.102.6": 0.15410403046123286, "P_jp_j.104.0": 0.10336155752872528, "P_jp_j.104.1": 0.1545242000100108, "P_jp_j.104.102": 0.16151304386161933, "P_jp_j.104.104": 0.10661254473109123, "P_jp_j.104.105": 0.16090994972948108, "P_jp_j.104.3": 0.1565338272541447, "P_jp_j.104.6": 0.15654487688492758, "P_jp_j.105.0": 0.11357901658568985, "P_jp_j.105.1": 0.15419273498374594, "P_jp_j.105.102": 0.1540170141600307, "P_jp_j.105.104": 0.1149732849304625, "P_jp_j.105.105": 0.1568188223436119, "P_jp_j.105.3": 0.15327820956265642, "P_jp_j.105.6": 0.15314091743380265, "P_jp_j.3.0": 0.1139825190456855, "P_jp_j.3.1": 0.15399379628955331, "P_jp_j.3.102": 0.1536372556252887, "P_jp_j.3.104": 0.11544044969011455, "P_jp_j.3.105": 0.15619852526235034, "P_jp_j.3.3": 0.15341701734628233, "P_jp_j.3.6": 0.15333043674072544, "P_jp_j.6.0": 0.11399932548367565, "P_jp_j.6.1": 0.15397177350126232, "P_jp_j.6.102": 0.15364143338326874, "P_jp_j.6.104": 0.1154581489750511, "P_jp_j.6.105": 0.15617320391343786, "P_jp_j.6.3": 0.15342155235788302, "P_jp_j.6.6": 0.15333456238542145, "btp_fb_opti_grid_allJ_agg": -0.09990121094644848, "btp_fb_opti_grid_allJ_agg_var": 0.020848896723739508, "btp_fs_opti_grid_allJ_agg": 0.014276888489774618, "btp_fs_opti_grid_allJ_agg_var": 0.005474750633941984, "btp_ib_opti_grid_allJ_agg": -0.03442434198440288, "btp_ib_opti_grid_allJ_agg_var": 0.010554642110806313, "btp_il_opti_grid_allJ_agg": 0.1184794786200704, "btp_il_opti_grid_allJ_agg_var": 0.05620014860551669, "btp_opti_grid_allJ_agg": -0.0015691858210063294, "btp_opti_grid_allJ_agg_var": 0.06828023922352261, "cash_grid_centered_allJ_agg": 1.7385806243693225, "cash_grid_centered_allJ_agg_var": 0.16209618744302828, "combo_desc": "Angeletos quickBNF_BORR_P-0.000;BNF_BORR_P_ne0209-0.000;BNF_BORR_P_ne9901-0.000;BNF_SAVE_P-0.000;BNF_SAVE_P_ne0209-0.002;BNF_SAVE_P_ne9901-0.000;BNI_BORR_P-0.631;BNI_BORR_P_ne0209-0.000;BNI_BORR_P_ne9901-0.631;BNI_LEND_P-0.027;BNI_LEND_P_ne0209-0.002;BNI_LEND_P_ne9901-0.027;R_FORMAL_BORR-1.148;R_FORMAL_SAVE-1.033;R_INFORM_BORR-1.279;R_INFORM_SAVE-1.279;alpha_k-0.152;kappa-0.700;kappa_ne0209-0.705;kappa_ne9901-0.700;logit_sd_scale-2.000;rho-0.159BNF_BORR_P-0.000;BNF_BORR_P_ne0209-0.000;BNF_BORR_P_ne9901-0.000;BNF_SAVE_P-0.000;BNF_SAVE_P_ne0209-0.002;BNF_SAVE_P_ne9901-0.000;BNI_BORR_P-0.631;BNI_BORR_P_ne0209-0.000;BNI_BORR_P_ne9901-0.631;BNI_LEND_P-0.027;BNI_LEND_P_ne0209-0.002;BNI_LEND_P_ne9901-0.027;R_FORMAL_BORR-1.148;R_FORMAL_SAVE-1.033;R_INFORM_BORR-1.279;R_INFORM_SAVE-1.279;alpha_k-0.152;kappa-0.700;kappa_ne0209-0.705;kappa_ne9901-0.700;logit_sd_scale-2.000;rho-0.159BNF_BORR_P-0.000;BNF_BORR_P_ne0209-0.000;BNF_BORR_P_ne9901-0.000;BNF_SAVE_P-0.000;BNF_SAVE_P_ne0209-0.002;BNF_SAVE_P_ne9901-0.000;BNI_BORR_P-0.631;BNI_BORR_P_ne0209-0.000;BNI_BORR_P_ne9901-0.631;BNI_LEND_P-0.027;BNI_LEND_P_ne0209-0.002;BNI_LEND_P_ne9901-0.027;R_FORMAL_BORR-1.148;R_FORMAL_SAVE-1.033;R_INFORM_BORR-1.279;R_INFORM_SAVE-1.279;alpha_k-0.152;kappa-0.700;kappa_ne0209-0.705;kappa_ne9901-0.700;logit_sd_scale-2.000;rho-0.159", "consumption_opti_grid_allJ_agg": 1.0841756464138983, "consumption_opti_grid_allJ_agg_var": 0.07612121399319548, "data_param.A": 0.35, "data_param.Region": 0.0, "data_param.Region_set": "[0, 1]", "data_param.Year": 0.0, "data_param.Year_set": "[0, 1]", "data_param.len_A": 1.0, "data_param.mean_A": -0.03125, "data_param.std_A": 0.0, "esti_obj.main_obj": 6.899333385507478, "esti_obj.subsets_main.agg_prob_for": 0.8527211165256823, "esti_obj.subsets_main.agg_prob_inf": 2.6301394297421425, "esti_obj.subsets_main.agg_prob_jnt": 2.3293026833209907, "esti_obj.subsets_main.agg_prob_none": 9.453961773455686e-05, "esti_obj.subsets_main.equi_BI": 0.007065265994840739, "esti_obj.subsets_main.mean_K": 1.0800103503060856, "esti_obj.subsets_other.agg_prob": 0.5337203455316865, "esti_obj.subsets_other.agg_prob_brr": 0.2729869620295886, "esti_obj.subsets_other.agg_prob_sav": 0.2597610686470507, "esti_obj.subsets_other.mean_KYC": 0.5097144946739136, "esti_param.BNF_BORR_P": 0.0, "esti_param.BNF_BORR_P_ce0209": 0.5, "esti_param.BNF_BORR_P_ce9901": 0.5, "esti_param.BNF_BORR_P_ne0209": 0.0, "esti_param.BNF_BORR_P_ne9901": 0.0, "esti_param.BNF_SAVE_P": 0.0003203554847422241, "esti_param.BNF_SAVE_P_ce0209": 0.3, "esti_param.BNF_SAVE_P_ce9901": 0.3, "esti_param.BNF_SAVE_P_ne0209": 0.0015997053581187394, "esti_param.BNF_SAVE_P_ne9901": 0.0003203554847422241, "esti_param.BNI_BORR_P": 0.6311373914462606, "esti_param.BNI_BORR_P_ce0209": 0.1, "esti_param.BNI_BORR_P_ce9901": 0.1, "esti_param.BNI_BORR_P_ne0209": 0.0, "esti_param.BNI_BORR_P_ne9901": 0.6311373914462606, "esti_param.BNI_LEND_P": 0.02667626569022459, "esti_param.BNI_LEND_P_ce0209": 2.0, "esti_param.BNI_LEND_P_ce9901": 2.0, "esti_param.BNI_LEND_P_ne0209": 0.0019490683194159906, "esti_param.BNI_LEND_P_ne9901": 0.02667626569022459, "esti_param.K_DEPRECIATION": 0.15, "esti_param.R_AVG_INT": 1.1, "esti_param.R_FORMAL_BORR": 1.148, "esti_param.R_FORMAL_BORR_ce0209": 1.054, "esti_param.R_FORMAL_BORR_ce9901": 1.061, "esti_param.R_FORMAL_BORR_ne0209": 1.061, "esti_param.R_FORMAL_BORR_ne9901": 1.148, "esti_param.R_FORMAL_SAVE": 1.033, "esti_param.R_FORMAL_SAVE_ce0209": 1.01, "esti_param.R_FORMAL_SAVE_ce9901": 1.011, "esti_param.R_FORMAL_SAVE_ne0209": 1.011, "esti_param.R_FORMAL_SAVE_ne9901": 1.033, "esti_param.R_INFORM": 1.1, "esti_param.R_INFORM_BORR": 1.2790000000000001, "esti_param.R_INFORM_BORR_ce0209": 1.094, "esti_param.R_INFORM_BORR_ce9901": 1.139, "esti_param.R_INFORM_BORR_ne0209": 1.139, "esti_param.R_INFORM_BORR_ne9901": 1.2790000000000001, "esti_param.R_INFORM_SAVE": 1.2790000000000001, "esti_param.R_INFORM_SAVE_ce0209": 1.094, "esti_param.R_INFORM_SAVE_ce9901": 1.139, "esti_param.R_INFORM_SAVE_ne0209": 1.139, "esti_param.R_INFORM_SAVE_ne9901": 1.2790000000000001, "esti_param.alpha_k": 0.15201322663529046, "esti_param.beta": 0.96, "esti_param.c_min_bound": 0.001, "esti_param.kappa": 0.7, "esti_param.kappa_ce0209": 0.25, "esti_param.kappa_ce9901": 0.25, "esti_param.kappa_ne0209": 0.705, "esti_param.kappa_ne9901": 0.7, "esti_param.logit_sd_scale": 2.0, "esti_param.rho": 0.15910102042140373, "fb2_btp_fb_opti_grid_j_agg": -0.017263235713334685, "fb2_btp_fb_opti_grid_j_agg_ifj": -0.10684899418420747, "fb2_btp_fs_opti_grid_j_agg": 0.0, "fb2_btp_fs_opti_grid_j_agg_ifj": 0.0, "fb2_btp_ib_opti_grid_j_agg": 0.0, "fb2_btp_ib_opti_grid_j_agg_ifj": 0.0, "fb2_btp_il_opti_grid_j_agg": 0.0, "fb2_btp_il_opti_grid_j_agg_ifj": 0.0, "fb2_btp_opti_grid_j_agg": -0.017263235713334685, "fb2_btp_opti_grid_j_agg_ifj": -0.10684899418420747, "fb2_consumption_opti_grid_j_agg": 0.1914881359436153, "fb2_consumption_opti_grid_j_agg_ifj": 1.2370628793835492, "fb2_ktp_opti_grid_j_agg": 0.09195666583392613,