{"esti_obj.main_allperiods_obj": 17.12956136443125, "ktp_opti_grid_allJ_agg": 5.126188633657047, "ktp_opti_grid_allJ_agg_var": 11.915403218369772, "ib_probJ_opti_grid_j_agg": 0.22352280268053773, "is_probJ_opti_grid_j_agg": 0.04040192690496682, "fb2_probJ_opti_grid_j_agg": 0.1419210778640321, "fs_probJ_opti_grid_j_agg": 0.1838358440453604, "ibfb2_probJ_opti_grid_j_agg": 0.12550953985050667, "fbis2_probJ_opti_grid_j_agg": 0.027262632142703996, "none_probJ_opti_grid_j_agg": 0.2575461765121027, "period_dictkey": "ce0209", "data_model": "model", "level_0": 7, "P_jp_j.0.0": 0.22558671380795944, "P_jp_j.0.1": 0.038372263101556656, "P_jp_j.0.102": 0.14139887011804225, "P_jp_j.0.104": 0.12476068762132075, "P_jp_j.0.105": 0.025623547906104174, "P_jp_j.0.3": 0.1834849929680128, "P_jp_j.0.6": 0.2607729244770039, "P_jp_j.1.0": 0.2089864240012756, "P_jp_j.1.1": 0.05523810970876791, "P_jp_j.1.102": 0.14503342474172048, "P_jp_j.1.104": 0.13046822402522848, "P_jp_j.1.105": 0.038866548995764916, "P_jp_j.1.3": 0.18603871050047216, "P_jp_j.1.6": 0.2353685580267705, "P_jp_j.102.0": 0.223610736047453, "P_jp_j.102.1": 0.039905280748574516, "P_jp_j.102.102": 0.14242000802995738, "P_jp_j.102.104": 0.12595761843691408, "P_jp_j.102.105": 0.026735203686858625, "P_jp_j.102.3": 0.18417984695150896, "P_jp_j.102.6": 0.25719130609873336, "P_jp_j.104.0": 0.2238245942619806, "P_jp_j.104.1": 0.03989253201593696, "P_jp_j.104.102": 0.1420643302906187, "P_jp_j.104.104": 0.12563327366013752, "P_jp_j.104.105": 0.026767317240207256, "P_jp_j.104.3": 0.1839901918028248, "P_jp_j.104.6": 0.2578277607282943, "P_jp_j.105.0": 0.20644297906072245, "P_jp_j.105.1": 0.058166460765991065, "P_jp_j.105.102": 0.1451853444279106, "P_jp_j.105.104": 0.13097867427402746, "P_jp_j.105.105": 0.041208466990748316, "P_jp_j.105.3": 0.18634501951887614, "P_jp_j.105.6": 0.2316730549617241, "P_jp_j.3.0": 0.22248034637809785, "P_jp_j.3.1": 0.04118280633003775, "P_jp_j.3.102": 0.1424470434574455, "P_jp_j.3.104": 0.12613361911041554, "P_jp_j.3.105": 0.02780694701059036, "P_jp_j.3.3": 0.18421197513006027, "P_jp_j.3.6": 0.2557372625833527, "P_jp_j.6.0": 0.2252874763123688, "P_jp_j.6.1": 0.03837351946664806, "P_jp_j.6.102": 0.14177897592841776, "P_jp_j.6.104": 0.1251094993715147, "P_jp_j.6.105": 0.02560008642494354, "P_jp_j.6.3": 0.1837857124721689, "P_jp_j.6.6": 0.2600647300239383, "btp_fb_opti_grid_allJ_agg": -0.06441683808334461, "btp_fb_opti_grid_allJ_agg_var": 0.026830031088414474, "btp_fs_opti_grid_allJ_agg": 0.3169260014008645, "btp_fs_opti_grid_allJ_agg_var": 2.1111742992937663, "btp_ib_opti_grid_allJ_agg": -0.04277096030765978, "btp_ib_opti_grid_allJ_agg_var": 0.02512652059281402, "btp_il_opti_grid_allJ_agg": 0.4039916834388893, "btp_il_opti_grid_allJ_agg_var": 4.513987228972408, "btp_opti_grid_allJ_agg": 0.6137298864487493, "btp_opti_grid_allJ_agg_var": 6.413992323050093, "cash_grid_centered_allJ_agg": 7.303930709716923, "cash_grid_centered_allJ_agg_var": 24.09255005201407, "combo_desc": "Angeletos quickBNF_BORR_P-0.500;BNF_SAVE_P-0.300;BNI_BORR_P-0.100;BNI_LEND_P-2.000;R_FORMAL_BORR-1.054;R_FORMAL_SAVE-1.010;R_INFORM_BORR-1.094;R_INFORM_SAVE-1.094;kappa-0.130;kappa_ce0209-0.130;kappa_ce9901-0.100", "consumption_opti_grid_allJ_agg": 1.2221570143787228, "consumption_opti_grid_allJ_agg_var": 0.5449914363834318, "data_param.A": -0.03125, "data_param.Region": 0.0, "data_param.Region_set": "[0, 1]", "data_param.Year": 0.0, "data_param.Year_set": "[0, 1]", "data_param.len_A": 1.0, "data_param.mean_A": -0.03125, "data_param.std_A": 0.0, "dist_param.data__A.dist": "normal", "dist_param.data__A.integrate.method": "grid", "dist_param.data__A.integrate.params.points": 8.0, "dist_param.data__A.params.mu": -0.03125, "dist_param.data__A.params.sd": 0.25, "dist_param.dist_param_integrate_points.combo_desc_integrate_loop": "Productivity", "dist_param.dist_param_integrate_points.file_save_suffix_integrate_loop": "_A", "dist_param.dist_param_integrate_points.param_descs": "['A=-0.4147801360881366', 'A=-0.253036639754719', 'A=-0.15344410277866738', 'A=-0.07057767115254268', 'A=0.008077671152542674', 'A=0.09094410277866738', 'A=0.190536639754719', 'A=0.3522801360881366']", "dist_param.dist_param_integrate_points.param_names": "['A']", "dist_param.dist_param_integrate_points.param_save_suffixs": "['0', '1617', '2613', '3442', '4228', '5057', '6053', '7670']", "dist_param.dist_param_integrate_points.param_types": "['data_type']", "dist_param.dist_param_integrate_points.param_values.data_type_A": "[-0.4147801360881366, -0.253036639754719, -0.15344410277866738, -0.07057767115254268, 0.008077671152542674, 0.09094410277866738, 0.190536639754719, 0.3522801360881366]", "dist_param.dist_param_integrate_points.param_values_keys": "['data_type_A']", "dist_param.dist_param_integrate_points.param_weights": "[0.125, 0.125, 0.125, 0.125, 0.125, 0.125, 0.125, 0.125]", "dist_param.dist_param_integrate_points.title_integrate_loop": "Productivity Loop", "esti_obj.main_obj": 8.421170301559838, "esti_obj.subsets_main.agg_prob_for": 3.4716362572831407, "esti_obj.subsets_main.agg_prob_inf": 2.6419430643993804, "esti_obj.subsets_main.agg_prob_jnt": 0.04212072647439073, "esti_obj.subsets_main.agg_prob_none": 1.4291288318662811, "esti_obj.subsets_main.equi_BI": 0.1304804108194483, "esti_obj.subsets_main.mean_K": 0.7058610107171989, "esti_obj.subsets_other.agg_prob": 0.5699418121950041, "esti_obj.subsets_other.agg_prob_brr": 0.28009218496599897, "esti_obj.subsets_other.agg_prob_sav": 0.17030345071690245, "esti_obj.subsets_other.mean_KYC": 0.4582999424931905, "esti_param.BNF_BORR_P": 0.5, "esti_param.BNF_BORR_P_ce0209": 0.5, "esti_param.BNF_BORR_P_ce9901": 0.5, "esti_param.BNF_BORR_P_ne0209": 0.5, "esti_param.BNF_BORR_P_ne9901": 0.5, "esti_param.BNF_SAVE_P": 0.3, "esti_param.BNF_SAVE_P_ce0209": 0.3, "esti_param.BNF_SAVE_P_ce9901": 0.3, "esti_param.BNF_SAVE_P_ne0209": 0.3, "esti_param.BNF_SAVE_P_ne9901": 0.3, "esti_param.BNI_BORR_P": 0.1, "esti_param.BNI_BORR_P_ce0209": 0.1, "esti_param.BNI_BORR_P_ce9901": 0.1, "esti_param.BNI_BORR_P_ne0209": 0.1, "esti_param.BNI_BORR_P_ne9901": 0.1, "esti_param.BNI_LEND_P": 2.0, "esti_param.BNI_LEND_P_ce0209": 2.0, "esti_param.BNI_LEND_P_ce9901": 2.0, "esti_param.BNI_LEND_P_ne0209": 2.0, "esti_param.BNI_LEND_P_ne9901": 2.0, "esti_param.K_DEPRECIATION": 0.15, "esti_param.R_AVG_INT": 1.1, "esti_param.R_FORMAL_BORR": 1.054, "esti_param.R_FORMAL_BORR_ce0209": 1.054, "esti_param.R_FORMAL_BORR_ce9901": 1.061, "esti_param.R_FORMAL_BORR_ne0209": 1.061, "esti_param.R_FORMAL_BORR_ne9901": 1.148, "esti_param.R_FORMAL_SAVE": 1.01, "esti_param.R_FORMAL_SAVE_ce0209": 1.01, "esti_param.R_FORMAL_SAVE_ce9901": 1.011, "esti_param.R_FORMAL_SAVE_ne0209": 1.011, "esti_param.R_FORMAL_SAVE_ne9901": 1.033, "esti_param.R_INFORM": 1.1, "esti_param.R_INFORM_BORR": 1.094, "esti_param.R_INFORM_BORR_ce0209": 1.094, "esti_param.R_INFORM_BORR_ce9901": 1.139, "esti_param.R_INFORM_BORR_ne0209": 1.139, "esti_param.R_INFORM_BORR_ne9901": 1.2790000000000001, "esti_param.R_INFORM_SAVE": 1.094, "esti_param.R_INFORM_SAVE_ce0209": 1.094, "esti_param.R_INFORM_SAVE_ce9901": 1.139, "esti_param.R_INFORM_SAVE_ne0209": 1.139, "esti_param.R_INFORM_SAVE_ne9901": 1.2790000000000001, "esti_param.alpha_k": 0.36, "esti_param.beta": 0.96, "esti_param.c_min_bound": 0.001, "esti_param.kappa": 0.12964358085272046, "esti_param.kappa_ce0209": 0.12964358085272046, "esti_param.kappa_ce9901": 0.09999999999999998, "esti_param.kappa_ne0209": 0.25, "esti_param.kappa_ne9901": 0.25, "esti_param.logit_sd_scale": 1.0, "esti_param.rho": 1.0, "fb2_btp_fb_opti_grid_j_agg": -0.008285272619450425, "fb2_btp_fb_opti_grid_j_agg_ifj": -0.059292084611007975, "fb2_btp_fs_opti_grid_j_agg": 0.0, "fb2_btp_fs_opti_grid_j_agg_ifj": 0.0, "fb2_btp_ib_opti_grid_j_agg": 0.0, "fb2_btp_ib_opti_grid_j_agg_ifj": 0.0, "fb2_btp_il_opti_grid_j_agg": 0.0, "fb2_btp_il_opti_grid_j_agg_ifj": 0.0, "fb2_btp_opti_grid_j_agg": -0.008285272619450425, "fb2_btp_opti_grid_j_agg_ifj": -0.059292084611007975,