{"esti_obj.main_allperiods_obj": 1146.5348199945713, "ktp_opti_grid_allJ_agg": 5.205087536060082, "ktp_opti_grid_allJ_agg_var": 13.77971900113759, "ib_probJ_opti_grid_j_agg": 0.22214576445997386, "is_probJ_opti_grid_j_agg": 0.04728427888611876, "fb2_probJ_opti_grid_j_agg": 0.14006783479221788, "fs_probJ_opti_grid_j_agg": 0.18160478340185648, "ibfb2_probJ_opti_grid_j_agg": 0.1244523652841895, "fbis2_probJ_opti_grid_j_agg": 0.032923773484918845, "none_probJ_opti_grid_j_agg": 0.25152119969080605, "period_dictkey": "ne0209", "data_model": "model", "level_0": 6, "P_jp_j.0.0": 0.2245190366597296, "P_jp_j.0.1": 0.04417233571841005, "P_jp_j.0.102": 0.14019089188247852, "P_jp_j.0.104": 0.12425655262524934, "P_jp_j.0.105": 0.030311911174699308, "P_jp_j.0.3": 0.18173025137466448, "P_jp_j.0.6": 0.25481902056476863, "P_jp_j.1.0": 0.2028756208712041, "P_jp_j.1.1": 0.07084214070835937, "P_jp_j.1.102": 0.1409209522796676, "P_jp_j.1.104": 0.1278742972036199, "P_jp_j.1.105": 0.051769377114170304, "P_jp_j.1.3": 0.18233167164634173, "P_jp_j.1.6": 0.22338594017663704, "P_jp_j.102.0": 0.2231744668451857, "P_jp_j.102.1": 0.045634094155729776, "P_jp_j.102.102": 0.14047178844186975, "P_jp_j.102.104": 0.12471618747327967, "P_jp_j.102.105": 0.031413200408414804, "P_jp_j.102.3": 0.1818652023891259, "P_jp_j.102.6": 0.2527250602863944, "P_jp_j.104.0": 0.2230329136613059, "P_jp_j.104.1": 0.04584498058996852, "P_jp_j.104.102": 0.14041553687083952, "P_jp_j.104.104": 0.12468513215252802, "P_jp_j.104.105": 0.03159536744623211, "P_jp_j.104.3": 0.18184355206084865, "P_jp_j.104.6": 0.25258251721827724, "P_jp_j.105.0": 0.1999500747984344, "P_jp_j.105.1": 0.07482550334079838, "P_jp_j.105.102": 0.14054204201235393, "P_jp_j.105.104": 0.12787615998653634, "P_jp_j.105.105": 0.05502379072500901, "P_jp_j.105.3": 0.18232969991280853, "P_jp_j.105.6": 0.21945272922405945, "P_jp_j.3.0": 0.2215674745036437, "P_jp_j.3.1": 0.04765510098329946, "P_jp_j.3.102": 0.14046756290324525, "P_jp_j.3.104": 0.1249177859288014, "P_jp_j.3.105": 0.033103095167196464, "P_jp_j.3.3": 0.18188727823112585, "P_jp_j.3.6": 0.25040170228268804, "P_jp_j.6.0": 0.2247708420000056, "P_jp_j.6.1": 0.04384044817544362, "P_jp_j.6.102": 0.14018783020097952, "P_jp_j.6.104": 0.1242070967948494, "P_jp_j.6.105": 0.03006139421892107, "P_jp_j.6.3": 0.18174290852665906, "P_jp_j.6.6": 0.2551894800831418, "btp_fb_opti_grid_allJ_agg": -0.0687894431295646, "btp_fb_opti_grid_allJ_agg_var": 0.04135057430974741, "btp_fs_opti_grid_allJ_agg": 0.3578127836479505, "btp_fs_opti_grid_allJ_agg_var": 2.649794862176273, "btp_ib_opti_grid_allJ_agg": -0.005167211520346465, "btp_ib_opti_grid_allJ_agg_var": 0.002331595817032912, "btp_il_opti_grid_allJ_agg": 0.6504286506383722, "btp_il_opti_grid_allJ_agg_var": 8.843019721097113, "btp_opti_grid_allJ_agg": 0.9342847796364118, "btp_opti_grid_allJ_agg_var": 10.714550118270797, "cash_grid_centered_allJ_agg": 7.695784380647385, "cash_grid_centered_allJ_agg_var": 28.773327634028483, "combo_desc": "Angeletos quickBNF_BORR_P-0.500;BNF_SAVE_P-0.300;BNI_BORR_P-0.100;BNI_LEND_P-2.000;R_FORMAL_BORR-1.061;R_FORMAL_SAVE-1.011;R_INFORM_BORR-1.139;R_INFORM_SAVE-1.139;kappa-0.291;kappa_ne0209-0.291;kappa_ne9901-0.700", "consumption_opti_grid_allJ_agg": 1.2368156962416097, "consumption_opti_grid_allJ_agg_var": 0.5583491602271935, "data_param.A": -0.03125, "data_param.Region": 0.0, "data_param.Region_set": "[0, 1]", "data_param.Year": 0.0, "data_param.Year_set": "[0, 1]", "data_param.len_A": 1.0, "data_param.mean_A": -0.03125, "data_param.std_A": 0.0, "dist_param.data__A.dist": "normal", "dist_param.data__A.integrate.method": "grid", "dist_param.data__A.integrate.params.points": 8.0, "dist_param.data__A.params.mu": -0.03125, "dist_param.data__A.params.sd": 0.25, "dist_param.dist_param_integrate_points.combo_desc_integrate_loop": "Productivity", "dist_param.dist_param_integrate_points.file_save_suffix_integrate_loop": "_A", "dist_param.dist_param_integrate_points.param_descs": "['A=-0.4147801360881366', 'A=-0.253036639754719', 'A=-0.15344410277866738', 'A=-0.07057767115254268', 'A=0.008077671152542674', 'A=0.09094410277866738', 'A=0.190536639754719', 'A=0.3522801360881366']", "dist_param.dist_param_integrate_points.param_names": "['A']", "dist_param.dist_param_integrate_points.param_save_suffixs": "['0', '1617', '2613', '3442', '4228', '5057', '6053', '7670']", "dist_param.dist_param_integrate_points.param_types": "['data_type']", "dist_param.dist_param_integrate_points.param_values.data_type_A": "[-0.4147801360881366, -0.253036639754719, -0.15344410277866738, -0.07057767115254268, 0.008077671152542674, 0.09094410277866738, 0.190536639754719, 0.3522801360881366]", "dist_param.dist_param_integrate_points.param_values_keys": "['data_type_A']", "dist_param.dist_param_integrate_points.param_weights": "[0.125, 0.125, 0.125, 0.125, 0.125, 0.125, 0.125, 0.125]", "dist_param.dist_param_integrate_points.title_integrate_loop": "Productivity Loop", "esti_obj.main_obj": 23.639783288152408, "esti_obj.subsets_main.agg_prob_for": 2.4210612165809047, "esti_obj.subsets_main.agg_prob_inf": 2.5649609573410044, "esti_obj.subsets_main.agg_prob_jnt": 4.225121998694505, "esti_obj.subsets_main.agg_prob_none": 3.822853952853206, "esti_obj.subsets_main.equi_BI": 0.4163623248126656, "esti_obj.subsets_main.mean_K": 10.189422837870127, "esti_obj.subsets_other.agg_prob": 0.7945434951051914, "esti_obj.subsets_other.agg_prob_brr": 0.5106255643835664, "esti_obj.subsets_other.agg_prob_sav": 0.08839673103081884, "esti_obj.subsets_other.mean_KYC": 0.8933207061380704, "esti_param.BNF_BORR_P": 0.5, "esti_param.BNF_BORR_P_ce0209": 0.5, "esti_param.BNF_BORR_P_ce9901": 0.5, "esti_param.BNF_BORR_P_ne0209": 0.5, "esti_param.BNF_BORR_P_ne9901": 0.5, "esti_param.BNF_SAVE_P": 0.3, "esti_param.BNF_SAVE_P_ce0209": 0.3, "esti_param.BNF_SAVE_P_ce9901": 0.3, "esti_param.BNF_SAVE_P_ne0209": 0.3, "esti_param.BNF_SAVE_P_ne9901": 0.3, "esti_param.BNI_BORR_P": 0.1, "esti_param.BNI_BORR_P_ce0209": 0.1, "esti_param.BNI_BORR_P_ce9901": 0.1, "esti_param.BNI_BORR_P_ne0209": 0.1, "esti_param.BNI_BORR_P_ne9901": 0.1, "esti_param.BNI_LEND_P": 2.0, "esti_param.BNI_LEND_P_ce0209": 2.0, "esti_param.BNI_LEND_P_ce9901": 2.0, "esti_param.BNI_LEND_P_ne0209": 2.0, "esti_param.BNI_LEND_P_ne9901": 2.0, "esti_param.K_DEPRECIATION": 0.15, "esti_param.R_AVG_INT": 1.1, "esti_param.R_FORMAL_BORR": 1.061, "esti_param.R_FORMAL_BORR_ce0209": 1.054, "esti_param.R_FORMAL_BORR_ce9901": 1.061, "esti_param.R_FORMAL_BORR_ne0209": 1.061, "esti_param.R_FORMAL_BORR_ne9901": 1.148, "esti_param.R_FORMAL_SAVE": 1.011, "esti_param.R_FORMAL_SAVE_ce0209": 1.01, "esti_param.R_FORMAL_SAVE_ce9901": 1.011, "esti_param.R_FORMAL_SAVE_ne0209": 1.011, "esti_param.R_FORMAL_SAVE_ne9901": 1.033, "esti_param.R_INFORM": 1.1, "esti_param.R_INFORM_BORR": 1.139, "esti_param.R_INFORM_BORR_ce0209": 1.094, "esti_param.R_INFORM_BORR_ce9901": 1.139, "esti_param.R_INFORM_BORR_ne0209": 1.139, "esti_param.R_INFORM_BORR_ne9901": 1.2790000000000001, "esti_param.R_INFORM_SAVE": 1.139, "esti_param.R_INFORM_SAVE_ce0209": 1.094, "esti_param.R_INFORM_SAVE_ce9901": 1.139, "esti_param.R_INFORM_SAVE_ne0209": 1.139, "esti_param.R_INFORM_SAVE_ne9901": 1.2790000000000001, "esti_param.alpha_k": 0.36, "esti_param.beta": 0.96, "esti_param.c_min_bound": 0.001, "esti_param.kappa": 0.29088768777513874, "esti_param.kappa_ce0209": 0.25, "esti_param.kappa_ce9901": 0.25, "esti_param.kappa_ne0209": 0.29088768777513874, "esti_param.kappa_ne9901": 0.6999999999811852, "esti_param.logit_sd_scale": 1.0, "esti_param.rho": 1.0, "fb2_btp_fb_opti_grid_j_agg": -0.011366705285999059, "fb2_btp_fb_opti_grid_j_agg_ifj": -0.0834443661854979, "fb2_btp_fs_opti_grid_j_agg": 0.0, "fb2_btp_fs_opti_grid_j_agg_ifj": 0.0, "fb2_btp_ib_opti_grid_j_agg": 0.0, "fb2_btp_ib_opti_grid_j_agg_ifj": 0.0, "fb2_btp_il_opti_grid_j_agg": 0.0, "fb2_btp_il_opti_grid_j_agg_ifj": 0.0, "fb2_btp_opti_grid_j_agg": -0.011366705285999059, "fb2_btp_opti_grid_j_agg_ifj": -0.0834443661854979,