{"esti_obj.main_allperiods_obj": 1146.5335426363126, "ktp_opti_grid_allJ_agg": 5.204917957874219, "ktp_opti_grid_allJ_agg_var": 13.773076017619102, "ib_probJ_opti_grid_j_agg": 0.2221416854279024, "is_probJ_opti_grid_j_agg": 0.04727458373322234, "fb2_probJ_opti_grid_j_agg": 0.14007165782627792, "fs_probJ_opti_grid_j_agg": 0.18159580352903024, "ibfb2_probJ_opti_grid_j_agg": 0.12445967147937513, "fbis2_probJ_opti_grid_j_agg": 0.032936085988908466, "none_probJ_opti_grid_j_agg": 0.25152051201520603, "period_dictkey": "ne0209", "data_model": "model", "level_0": 4, "P_jp_j.0.0": 0.2245144083036755, "P_jp_j.0.1": 0.0441623056505378, "P_jp_j.0.102": 0.14019540444932038, "P_jp_j.0.104": 0.12426534707742624, "P_jp_j.0.105": 0.03032309571877106, "P_jp_j.0.3": 0.1817215010783251, "P_jp_j.0.6": 0.25481793772194394, "P_jp_j.1.0": 0.202871182243782, "P_jp_j.1.1": 0.0708334430687033, "P_jp_j.1.102": 0.14092352313816134, "P_jp_j.1.104": 0.12787589545585906, "P_jp_j.1.105": 0.05178903562981521, "P_jp_j.1.3": 0.18232468304804805, "P_jp_j.1.6": 0.22338223741563112, "P_jp_j.102.0": 0.22317576965886524, "P_jp_j.102.1": 0.04562209343111232, "P_jp_j.102.102": 0.14047170295416475, "P_jp_j.102.104": 0.12472029217942893, "P_jp_j.102.105": 0.03142334330455242, "P_jp_j.102.3": 0.18185366045792972, "P_jp_j.102.6": 0.2527331380139465, "P_jp_j.104.0": 0.2230308695108745, "P_jp_j.104.1": 0.045832258646939, "P_jp_j.104.102": 0.1404202052598699, "P_jp_j.104.104": 0.1246932270968116, "P_jp_j.104.105": 0.0316048535926149, "P_jp_j.104.3": 0.18183524933079706, "P_jp_j.104.6": 0.25258333656209314, "P_jp_j.105.0": 0.1999426501774696, "P_jp_j.105.1": 0.07481987843964542, "P_jp_j.105.102": 0.14054528385956028, "P_jp_j.105.104": 0.12787693870419298, "P_jp_j.105.105": 0.05504607545186208, "P_jp_j.105.3": 0.18232429985890355, "P_jp_j.105.6": 0.2194448735083661, "P_jp_j.3.0": 0.2215609319066781, "P_jp_j.3.1": 0.04764651142896112, "P_jp_j.3.102": 0.14047350777858747, "P_jp_j.3.104": 0.1249275139286467, "P_jp_j.3.105": 0.03311632022208122, "P_jp_j.3.3": 0.18187952154692455, "P_jp_j.3.6": 0.2503956931881208, "P_jp_j.6.0": 0.22476528150526773, "P_jp_j.6.1": 0.043832769161388084, "P_jp_j.6.102": 0.1401912668471354, "P_jp_j.6.104": 0.1242150118209636, "P_jp_j.6.105": 0.03007446065786953, "P_jp_j.6.3": 0.1817334336473095, "P_jp_j.6.6": 0.25518777636006623, "btp_fb_opti_grid_allJ_agg": -0.07005059694911267, "btp_fb_opti_grid_allJ_agg_var": 0.042752373508845205, "btp_fs_opti_grid_allJ_agg": 0.3577994388381699, "btp_fs_opti_grid_allJ_agg_var": 2.6490370474619036, "btp_ib_opti_grid_allJ_agg": -0.005060803538774968, "btp_ib_opti_grid_allJ_agg_var": 0.0023009256168846325, "btp_il_opti_grid_allJ_agg": 0.6507504613407146, "btp_il_opti_grid_allJ_agg_var": 8.84887946813257, "btp_opti_grid_allJ_agg": 0.9334384996909968, "btp_opti_grid_allJ_agg_var": 10.71261188448478, "cash_grid_centered_allJ_agg": 7.6948363057622755, "cash_grid_centered_allJ_agg_var": 28.769428822157032, "combo_desc": "Angeletos quickBNF_BORR_P-0.500;BNF_SAVE_P-0.300;BNI_BORR_P-0.100;BNI_LEND_P-2.000;R_FORMAL_BORR-1.061;R_FORMAL_SAVE-1.011;R_INFORM_BORR-1.139;R_INFORM_SAVE-1.139;kappa-0.296;kappa_ne0209-0.296;kappa_ne9901-0.700", "consumption_opti_grid_allJ_agg": 1.236849054039275, "consumption_opti_grid_allJ_agg_var": 0.5584968997853919, "data_param.A": -0.03125, "data_param.Region": 0.0, "data_param.Region_set": "[0, 1]", "data_param.Year": 0.0, "data_param.Year_set": "[0, 1]", "data_param.len_A": 1.0, "data_param.mean_A": -0.03125, "data_param.std_A": 0.0, "dist_param.data__A.dist": "normal", "dist_param.data__A.integrate.method": "grid", "dist_param.data__A.integrate.params.points": 8.0, "dist_param.data__A.params.mu": -0.03125, "dist_param.data__A.params.sd": 0.25, "dist_param.dist_param_integrate_points.combo_desc_integrate_loop": "Productivity", "dist_param.dist_param_integrate_points.file_save_suffix_integrate_loop": "_A", "dist_param.dist_param_integrate_points.param_descs": "['A=-0.4147801360881366', 'A=-0.253036639754719', 'A=-0.15344410277866738', 'A=-0.07057767115254268', 'A=0.008077671152542674', 'A=0.09094410277866738', 'A=0.190536639754719', 'A=0.3522801360881366']", "dist_param.dist_param_integrate_points.param_names": "['A']", "dist_param.dist_param_integrate_points.param_save_suffixs": "['0', '1617', '2613', '3442', '4228', '5057', '6053', '7670']", "dist_param.dist_param_integrate_points.param_types": "['data_type']", "dist_param.dist_param_integrate_points.param_values.data_type_A": "[-0.4147801360881366, -0.253036639754719, -0.15344410277866738, -0.07057767115254268, 0.008077671152542674, 0.09094410277866738, 0.190536639754719, 0.3522801360881366]", "dist_param.dist_param_integrate_points.param_values_keys": "['data_type_A']", "dist_param.dist_param_integrate_points.param_weights": "[0.125, 0.125, 0.125, 0.125, 0.125, 0.125, 0.125, 0.125]", "dist_param.dist_param_integrate_points.title_integrate_loop": "Productivity Loop", "esti_obj.main_obj": 23.638505929893988, "esti_obj.subsets_main.agg_prob_for": 2.420871865818637, "esti_obj.subsets_main.agg_prob_inf": 2.5648336472982907, "esti_obj.subsets_main.agg_prob_jnt": 4.224717970915922, "esti_obj.subsets_main.agg_prob_none": 3.8228270618688303, "esti_obj.subsets_main.equi_BI": 0.4169151341923859, "esti_obj.subsets_main.mean_K": 10.188340249799923, "esti_obj.subsets_other.agg_prob": 0.7945160019443547, "esti_obj.subsets_other.agg_prob_brr": 0.5106103561222494, "esti_obj.subsets_other.agg_prob_sav": 0.08838513380689945, "esti_obj.subsets_other.mean_KYC": 0.8932969771965843, "esti_param.BNF_BORR_P": 0.5, "esti_param.BNF_BORR_P_ce0209": 0.5, "esti_param.BNF_BORR_P_ce9901": 0.5, "esti_param.BNF_BORR_P_ne0209": 0.5, "esti_param.BNF_BORR_P_ne9901": 0.5, "esti_param.BNF_SAVE_P": 0.3, "esti_param.BNF_SAVE_P_ce0209": 0.3, "esti_param.BNF_SAVE_P_ce9901": 0.3, "esti_param.BNF_SAVE_P_ne0209": 0.3, "esti_param.BNF_SAVE_P_ne9901": 0.3, "esti_param.BNI_BORR_P": 0.1, "esti_param.BNI_BORR_P_ce0209": 0.1, "esti_param.BNI_BORR_P_ce9901": 0.1, "esti_param.BNI_BORR_P_ne0209": 0.1, "esti_param.BNI_BORR_P_ne9901": 0.1, "esti_param.BNI_LEND_P": 2.0, "esti_param.BNI_LEND_P_ce0209": 2.0, "esti_param.BNI_LEND_P_ce9901": 2.0, "esti_param.BNI_LEND_P_ne0209": 2.0, "esti_param.BNI_LEND_P_ne9901": 2.0, "esti_param.K_DEPRECIATION": 0.15, "esti_param.R_AVG_INT": 1.1, "esti_param.R_FORMAL_BORR": 1.061, "esti_param.R_FORMAL_BORR_ce0209": 1.054, "esti_param.R_FORMAL_BORR_ce9901": 1.061, "esti_param.R_FORMAL_BORR_ne0209": 1.061, "esti_param.R_FORMAL_BORR_ne9901": 1.148, "esti_param.R_FORMAL_SAVE": 1.011, "esti_param.R_FORMAL_SAVE_ce0209": 1.01, "esti_param.R_FORMAL_SAVE_ce9901": 1.011, "esti_param.R_FORMAL_SAVE_ne0209": 1.011, "esti_param.R_FORMAL_SAVE_ne9901": 1.033, "esti_param.R_INFORM": 1.1, "esti_param.R_INFORM_BORR": 1.139, "esti_param.R_INFORM_BORR_ce0209": 1.094, "esti_param.R_INFORM_BORR_ce9901": 1.139, "esti_param.R_INFORM_BORR_ne0209": 1.139, "esti_param.R_INFORM_BORR_ne9901": 1.2790000000000001, "esti_param.R_INFORM_SAVE": 1.139, "esti_param.R_INFORM_SAVE_ce0209": 1.094, "esti_param.R_INFORM_SAVE_ce9901": 1.139, "esti_param.R_INFORM_SAVE_ne0209": 1.139, "esti_param.R_INFORM_SAVE_ne9901": 1.2790000000000001, "esti_param.alpha_k": 0.36, "esti_param.beta": 0.96, "esti_param.c_min_bound": 0.001, "esti_param.kappa": 0.29588768777513874, "esti_param.kappa_ce0209": 0.25, "esti_param.kappa_ce9901": 0.25, "esti_param.kappa_ne0209": 0.29588768777513874, "esti_param.kappa_ne9901": 0.6999999999811852, "esti_param.logit_sd_scale": 1.0, "esti_param.rho": 1.0, "fb2_btp_fb_opti_grid_j_agg": -0.011993805833812873, "fb2_btp_fb_opti_grid_j_agg_ifj": -0.08865803969424077, "fb2_btp_fs_opti_grid_j_agg": 0.0, "fb2_btp_fs_opti_grid_j_agg_ifj": 0.0, "fb2_btp_ib_opti_grid_j_agg": 0.0, "fb2_btp_ib_opti_grid_j_agg_ifj": 0.0, "fb2_btp_il_opti_grid_j_agg": 0.0, "fb2_btp_il_opti_grid_j_agg_ifj": 0.0, "fb2_btp_opti_grid_j_agg": -0.011993805833812873, "fb2_btp_opti_grid_j_agg_ifj": -0.08865803969424077,