{"esti_obj.main_allperiods_obj": 1147.1319647896564, "ktp_opti_grid_allJ_agg": 8.541286986901492, "ktp_opti_grid_allJ_agg_var": 213.1923420426852, "ib_probJ_opti_grid_j_agg": 0.05334744840668668, "is_probJ_opti_grid_j_agg": 0.3613118563624033, "fb2_probJ_opti_grid_j_agg": 0.04449382592573608, "fs_probJ_opti_grid_j_agg": 0.1114769537557663, "ibfb2_probJ_opti_grid_j_agg": 0.04274831970207851, "fbis2_probJ_opti_grid_j_agg": 0.3301249183828187, "none_probJ_opti_grid_j_agg": 0.0564966774004024, "period_dictkey": "ne9901", "data_model": "model", "level_0": 3, "P_jp_j.0.0": 0.06759730859794003, "P_jp_j.0.1": 0.34542869130161624, "P_jp_j.0.102": 0.04837732750371368, "P_jp_j.0.104": 0.044917639789822605, "P_jp_j.0.105": 0.3080779943031616, "P_jp_j.0.3": 0.1105134731188388, "P_jp_j.0.6": 0.07508756538490705, "P_jp_j.1.0": 0.04632631138887156, "P_jp_j.1.1": 0.3704863876640541, "P_jp_j.1.102": 0.042382752306603634, "P_jp_j.1.104": 0.04144522146606563, "P_jp_j.1.105": 0.34082044408934337, "P_jp_j.1.3": 0.11114498598698827, "P_jp_j.1.6": 0.04739389709807335, "P_jp_j.102.0": 0.06181225739745075, "P_jp_j.102.1": 0.3559159726890487, "P_jp_j.102.102": 0.04609431369447073, "P_jp_j.102.104": 0.04316694867160793, "P_jp_j.102.105": 0.3171692982040287, "P_jp_j.102.3": 0.10807680081510944, "P_jp_j.102.6": 0.06776440852828372, "P_jp_j.104.0": 0.06012385986555752, "P_jp_j.104.1": 0.3590488393792455, "P_jp_j.104.102": 0.04536578129858461, "P_jp_j.104.104": 0.04259731497311522, "P_jp_j.104.105": 0.31991961561172044, "P_jp_j.104.3": 0.10727916604029568, "P_jp_j.104.6": 0.065665422831481, "P_jp_j.105.0": 0.04598193584472838, "P_jp_j.105.1": 0.3712231358890187, "P_jp_j.105.102": 0.04216381029953813, "P_jp_j.105.104": 0.0412546355896709, "P_jp_j.105.105": 0.3415153946438153, "P_jp_j.105.3": 0.11085965836763263, "P_jp_j.105.6": 0.04700142936559595, "P_jp_j.3.0": 0.055331585401000805, "P_jp_j.3.1": 0.3612107935026002, "P_jp_j.3.102": 0.04423093582447666, "P_jp_j.3.104": 0.04207808222786053, "P_jp_j.3.105": 0.3289574467013768, "P_jp_j.3.3": 0.10879977185468966, "P_jp_j.3.6": 0.05939138448799532, "P_jp_j.6.0": 0.06893632647008055, "P_jp_j.6.1": 0.34300863823698546, "P_jp_j.6.102": 0.04889266118791399, "P_jp_j.6.104": 0.045313630166376566, "P_jp_j.6.105": 0.30597369672119074, "P_jp_j.6.3": 0.1110601956876802, "P_jp_j.6.6": 0.0768148515297725, "btp_fb_opti_grid_allJ_agg": -0.4589062653752897, "btp_fb_opti_grid_allJ_agg_var": 0.488726552512799, "btp_fs_opti_grid_allJ_agg": 3.9610975228964214, "btp_fs_opti_grid_allJ_agg_var": 137.56314006304726, "btp_ib_opti_grid_allJ_agg": -4.9081695742819876e-05, "btp_ib_opti_grid_allJ_agg_var": 7.496068098419481e-06, "btp_il_opti_grid_allJ_agg": 32.396016511778605, "btp_il_opti_grid_allJ_agg_var": 489.19402178636017, "btp_opti_grid_allJ_agg": 35.898158687603996, "btp_opti_grid_allJ_agg_var": 360.5109847005795, "cash_grid_centered_allJ_agg": 44.25814878225301, "cash_grid_centered_allJ_agg_var": 95.55438072082602, "combo_desc": "Angeletos quickBNF_BORR_P-0.500;BNF_SAVE_P-0.300;BNI_BORR_P-0.100;BNI_LEND_P-2.000;R_FORMAL_BORR-1.148;R_FORMAL_SAVE-1.033;R_INFORM_BORR-1.279;R_INFORM_SAVE-1.279;kappa-0.705;kappa_ne0209-0.187;kappa_ne9901-0.705", "consumption_opti_grid_allJ_agg": 5.3183011033860845, "consumption_opti_grid_allJ_agg_var": 2.9111539912156785, "data_param.A": -0.03125, "data_param.Region": 0.0, "data_param.Region_set": "[0, 1]", "data_param.Year": 0.0, "data_param.Year_set": "[0, 1]", "data_param.len_A": 1.0, "data_param.mean_A": -0.03125, "data_param.std_A": 0.0, "dist_param.data__A.dist": "normal", "dist_param.data__A.integrate.method": "grid", "dist_param.data__A.integrate.params.points": 8.0, "dist_param.data__A.params.mu": -0.03125, "dist_param.data__A.params.sd": 0.25, "dist_param.dist_param_integrate_points.combo_desc_integrate_loop": "Productivity", "dist_param.dist_param_integrate_points.file_save_suffix_integrate_loop": "_A", "dist_param.dist_param_integrate_points.param_descs": "['A=-0.4147801360881366', 'A=-0.253036639754719', 'A=-0.15344410277866738', 'A=-0.07057767115254268', 'A=0.008077671152542674', 'A=0.09094410277866738', 'A=0.190536639754719', 'A=0.3522801360881366']", "dist_param.dist_param_integrate_points.param_names": "['A']", "dist_param.dist_param_integrate_points.param_save_suffixs": "['0', '1617', '2613', '3442', '4228', '5057', '6053', '7670']", "dist_param.dist_param_integrate_points.param_types": "['data_type']", "dist_param.dist_param_integrate_points.param_values.data_type_A": "[-0.4147801360881366, -0.253036639754719, -0.15344410277866738, -0.07057767115254268, 0.008077671152542674, 0.09094410277866738, 0.190536639754719, 0.3522801360881366]", "dist_param.dist_param_integrate_points.param_values_keys": "['data_type_A']", "dist_param.dist_param_integrate_points.param_weights": "[0.125, 0.125, 0.125, 0.125, 0.125, 0.125, 0.125, 0.125]", "dist_param.dist_param_integrate_points.title_integrate_loop": "Productivity Loop", "esti_obj.main_obj": 1123.5139119101118, "esti_obj.subsets_main.agg_prob_for": 1.3369509372590584, "esti_obj.subsets_main.agg_prob_inf": 12.353482370547026, "esti_obj.subsets_main.agg_prob_jnt": 10.490370255755481, "esti_obj.subsets_main.agg_prob_none": 0.9702904563160396, "esti_obj.subsets_main.equi_BI": 1049.4987057309897, "esti_obj.subsets_main.mean_K": 48.86411215924436, "esti_obj.subsets_other.agg_prob": 1.1948274570660846, "esti_obj.subsets_other.agg_prob_brr": 0.4994104059654987, "esti_obj.subsets_other.agg_prob_sav": 0.5969137285009882, "esti_obj.subsets_other.mean_KYC": 1.3219575434655129, "esti_param.BNF_BORR_P": 0.5, "esti_param.BNF_BORR_P_ce0209": 0.5, "esti_param.BNF_BORR_P_ce9901": 0.5, "esti_param.BNF_BORR_P_ne0209": 0.5, "esti_param.BNF_BORR_P_ne9901": 0.5, "esti_param.BNF_SAVE_P": 0.3, "esti_param.BNF_SAVE_P_ce0209": 0.3, "esti_param.BNF_SAVE_P_ce9901": 0.3, "esti_param.BNF_SAVE_P_ne0209": 0.3, "esti_param.BNF_SAVE_P_ne9901": 0.3, "esti_param.BNI_BORR_P": 0.1, "esti_param.BNI_BORR_P_ce0209": 0.1, "esti_param.BNI_BORR_P_ce9901": 0.1, "esti_param.BNI_BORR_P_ne0209": 0.1, "esti_param.BNI_BORR_P_ne9901": 0.1, "esti_param.BNI_LEND_P": 2.0, "esti_param.BNI_LEND_P_ce0209": 2.0, "esti_param.BNI_LEND_P_ce9901": 2.0, "esti_param.BNI_LEND_P_ne0209": 2.0, "esti_param.BNI_LEND_P_ne9901": 2.0, "esti_param.K_DEPRECIATION": 0.15, "esti_param.R_AVG_INT": 1.1, "esti_param.R_FORMAL_BORR": 1.148, "esti_param.R_FORMAL_BORR_ce0209": 1.054, "esti_param.R_FORMAL_BORR_ce9901": 1.061, "esti_param.R_FORMAL_BORR_ne0209": 1.061, "esti_param.R_FORMAL_BORR_ne9901": 1.148, "esti_param.R_FORMAL_SAVE": 1.033, "esti_param.R_FORMAL_SAVE_ce0209": 1.01, "esti_param.R_FORMAL_SAVE_ce9901": 1.011, "esti_param.R_FORMAL_SAVE_ne0209": 1.011, "esti_param.R_FORMAL_SAVE_ne9901": 1.033, "esti_param.R_INFORM": 1.1, "esti_param.R_INFORM_BORR": 1.2790000000000001, "esti_param.R_INFORM_BORR_ce0209": 1.094, "esti_param.R_INFORM_BORR_ce9901": 1.139, "esti_param.R_INFORM_BORR_ne0209": 1.139, "esti_param.R_INFORM_BORR_ne9901": 1.2790000000000001, "esti_param.R_INFORM_SAVE": 1.2790000000000001, "esti_param.R_INFORM_SAVE_ce0209": 1.094, "esti_param.R_INFORM_SAVE_ce9901": 1.139, "esti_param.R_INFORM_SAVE_ne0209": 1.139, "esti_param.R_INFORM_SAVE_ne9901": 1.2790000000000001, "esti_param.alpha_k": 0.36, "esti_param.beta": 0.96, "esti_param.c_min_bound": 0.001, "esti_param.kappa": 0.705, "esti_param.kappa_ce0209": 0.25, "esti_param.kappa_ce9901": 0.25, "esti_param.kappa_ne0209": 0.18730117922290584, "esti_param.kappa_ne9901": 0.705, "esti_param.logit_sd_scale": 1.0, "esti_param.rho": 1.0, "fb2_btp_fb_opti_grid_j_agg": -1.826876463668268e-05, "fb2_btp_fb_opti_grid_j_agg_ifj": -0.00025230850509119817, "fb2_btp_fs_opti_grid_j_agg": 0.0, "fb2_btp_fs_opti_grid_j_agg_ifj": 0.0, "fb2_btp_ib_opti_grid_j_agg": 0.0, "fb2_btp_ib_opti_grid_j_agg_ifj": 0.0, "fb2_btp_il_opti_grid_j_agg": 0.0, "fb2_btp_il_opti_grid_j_agg_ifj": 0.0, "fb2_btp_opti_grid_j_agg": -1.826876463668268e-05, "fb2_btp_opti_grid_j_agg_ifj": -0.00025230850509119817,