{"esti_obj.main_allperiods_obj": 17.837083576136664, "ktp_opti_grid_allJ_agg": 3.535087784945438, "ktp_opti_grid_allJ_agg_var": 3.172466794442984, "ib_probJ_opti_grid_j_agg": 0.2776092103826324, "is_probJ_opti_grid_j_agg": 0.022159448857437244, "fb2_probJ_opti_grid_j_agg": 0.15108869057024546, "fs_probJ_opti_grid_j_agg": 0.16226309153654195, "ibfb2_probJ_opti_grid_j_agg": 0.13528521999657725, "fbis2_probJ_opti_grid_j_agg": 0.015846834264666543, "none_probJ_opti_grid_j_agg": 0.23574750439192224, "period_dictkey": "ce0209", "data_model": "model", "level_0": 7, "P_jp_j.0.0": 0.3729856615768473, "P_jp_j.0.1": 0.015017619270447204, "P_jp_j.0.102": 0.13564660513514396, "P_jp_j.0.104": 0.13745488934217498, "P_jp_j.0.105": 0.01096067813937749, "P_jp_j.0.3": 0.1264613508099458, "P_jp_j.0.6": 0.20147319572606331, "P_jp_j.1.0": 0.19212127599030604, "P_jp_j.1.1": 0.036803592263826304, "P_jp_j.1.102": 0.16249597151009346, "P_jp_j.1.104": 0.12869096509189631, "P_jp_j.1.105": 0.02647825168484387, "P_jp_j.1.3": 0.19565347868530428, "P_jp_j.1.6": 0.2577564647737299, "P_jp_j.102.0": 0.2555366480476565, "P_jp_j.102.1": 0.02299786035983129, "P_jp_j.102.102": 0.15745532450464605, "P_jp_j.102.104": 0.14207287445508246, "P_jp_j.102.105": 0.016393981514498016, "P_jp_j.102.3": 0.1665619694660245, "P_jp_j.102.6": 0.2389813416522613, "P_jp_j.104.0": 0.3310788291688774, "P_jp_j.104.1": 0.01853311001624244, "P_jp_j.104.102": 0.14376826813205906, "P_jp_j.104.104": 0.1400557066700628, "P_jp_j.104.105": 0.013515727224052771, "P_jp_j.104.3": 0.13897384350623498, "P_jp_j.104.6": 0.2140745152824706, "P_jp_j.105.0": 0.22861783501812105, "P_jp_j.105.1": 0.034916188311501284, "P_jp_j.105.102": 0.15951870915264482, "P_jp_j.105.104": 0.13791767083660142, "P_jp_j.105.105": 0.025371006142788918, "P_jp_j.105.3": 0.1773121685444864, "P_jp_j.105.6": 0.2363464219938561, "P_jp_j.3.0": 0.2028330381604517, "P_jp_j.3.1": 0.02682653581984633, "P_jp_j.3.102": 0.16147797575977746, "P_jp_j.3.104": 0.12913528086326342, "P_jp_j.3.105": 0.018916960038738256, "P_jp_j.3.3": 0.19387695100912705, "P_jp_j.3.6": 0.26693325834879605, "P_jp_j.6.0": 0.2115555766388836, "P_jp_j.6.1": 0.026666801693168204, "P_jp_j.6.102": 0.1606036079221432, "P_jp_j.6.104": 0.1303183925365619, "P_jp_j.6.105": 0.018835014731268758, "P_jp_j.6.3": 0.18912198370956312, "P_jp_j.6.6": 0.26289862276841125, "btp_fb_opti_grid_allJ_agg": -0.3875795000386483, "btp_fb_opti_grid_allJ_agg_var": 0.6666201607926652, "btp_fs_opti_grid_allJ_agg": 0.15280632035202107, "btp_fs_opti_grid_allJ_agg_var": 0.32735901638271697, "btp_ib_opti_grid_allJ_agg": -0.5941541129012214, "btp_ib_opti_grid_allJ_agg_var": 1.0390955427437734, "btp_il_opti_grid_allJ_agg": 0.0881867290986145, "btp_il_opti_grid_allJ_agg_var": 0.3756137254400898, "btp_opti_grid_allJ_agg": -0.7407405634892341, "btp_opti_grid_allJ_agg_var": 2.3714345538086525, "cash_grid_centered_allJ_agg": 4.234699368746809, "cash_grid_centered_allJ_agg_var": 6.18628619213779, "combo_desc": "Angeletos quickBNF_BORR_P-0.500;BNF_SAVE_P-0.300;BNI_BORR_P-0.100;BNI_LEND_P-2.000;R_FORMAL_BORR-1.054;R_FORMAL_SAVE-1.010;R_INFORM_BORR-1.094;R_INFORM_SAVE-1.094;kappa-0.604;kappa_ce0209-0.604;kappa_ce9901-0.393", "consumption_opti_grid_allJ_agg": 1.0616951505041263, "consumption_opti_grid_allJ_agg_var": 0.6397070719038693, "data_param.A": -0.03125, "data_param.Region": 0.0, "data_param.Region_set": "[0, 1]", "data_param.Year": 0.0, "data_param.Year_set": "[0, 1]", "data_param.len_A": 1.0, "data_param.mean_A": -0.03125, "data_param.std_A": 0.0, "esti_obj.main_obj": 10.56862982775751, "esti_obj.subsets_main.agg_prob_for": 4.0211748629307165, "esti_obj.subsets_main.agg_prob_inf": 4.717047308308766, "esti_obj.subsets_main.agg_prob_jnt": 0.05502805825983638, "esti_obj.subsets_main.agg_prob_none": 0.9554574614848856, "esti_obj.subsets_main.equi_BI": 0.2560029934720546, "esti_obj.subsets_main.mean_K": 0.5639191433012513, "esti_obj.subsets_other.agg_prob": 0.6297134295490862, "esti_obj.subsets_other.agg_prob_brr": 0.3152352998158097, "esti_obj.subsets_other.agg_prob_sav": 0.2167306253413543, "esti_obj.subsets_other.mean_KYC": 0.4332855581353256, "esti_param.BNF_BORR_P": 0.5, "esti_param.BNF_BORR_P_ce0209": 0.5, "esti_param.BNF_BORR_P_ce9901": 0.5, "esti_param.BNF_BORR_P_ne0209": 0.5, "esti_param.BNF_BORR_P_ne9901": 0.5, "esti_param.BNF_SAVE_P": 0.3, "esti_param.BNF_SAVE_P_ce0209": 0.3, "esti_param.BNF_SAVE_P_ce9901": 0.3, "esti_param.BNF_SAVE_P_ne0209": 0.3, "esti_param.BNF_SAVE_P_ne9901": 0.3, "esti_param.BNI_BORR_P": 0.1, "esti_param.BNI_BORR_P_ce0209": 0.1, "esti_param.BNI_BORR_P_ce9901": 0.1, "esti_param.BNI_BORR_P_ne0209": 0.1, "esti_param.BNI_BORR_P_ne9901": 0.1, "esti_param.BNI_LEND_P": 2.0, "esti_param.BNI_LEND_P_ce0209": 2.0, "esti_param.BNI_LEND_P_ce9901": 2.0, "esti_param.BNI_LEND_P_ne0209": 2.0, "esti_param.BNI_LEND_P_ne9901": 2.0, "esti_param.K_DEPRECIATION": 0.15, "esti_param.R_AVG_INT": 1.1, "esti_param.R_FORMAL_BORR": 1.054, "esti_param.R_FORMAL_BORR_ce0209": 1.054, "esti_param.R_FORMAL_BORR_ce9901": 1.061, "esti_param.R_FORMAL_BORR_ne0209": 1.061, "esti_param.R_FORMAL_BORR_ne9901": 1.148, "esti_param.R_FORMAL_SAVE": 1.01, "esti_param.R_FORMAL_SAVE_ce0209": 1.01, "esti_param.R_FORMAL_SAVE_ce9901": 1.011, "esti_param.R_FORMAL_SAVE_ne0209": 1.011, "esti_param.R_FORMAL_SAVE_ne9901": 1.033, "esti_param.R_INFORM": 1.1, "esti_param.R_INFORM_BORR": 1.094, "esti_param.R_INFORM_BORR_ce0209": 1.094, "esti_param.R_INFORM_BORR_ce9901": 1.139, "esti_param.R_INFORM_BORR_ne0209": 1.139, "esti_param.R_INFORM_BORR_ne9901": 1.279, "esti_param.R_INFORM_SAVE": 1.094, "esti_param.R_INFORM_SAVE_ce0209": 1.094, "esti_param.R_INFORM_SAVE_ce9901": 1.139, "esti_param.R_INFORM_SAVE_ne0209": 1.139, "esti_param.R_INFORM_SAVE_ne9901": 1.279, "esti_param.alpha_k": 0.36, "esti_param.beta": 0.96, "esti_param.c_min_bound": 0.001, "esti_param.kappa": 0.6044131359072614, "esti_param.kappa_ce0209": 0.6044131359072614, "esti_param.kappa_ce9901": 0.3927868659475068, "esti_param.kappa_ne0209": 0.25, "esti_param.kappa_ne9901": 0.25, "esti_param.logit_sd_scale": 1.0, "esti_param.rho": 1.0, "fb2_btp_fb_opti_grid_j_agg": -0.08309451667929957, "fb2_btp_fb_opti_grid_j_agg_ifj": -0.5214004630044885, "fb2_btp_fs_opti_grid_j_agg": 0.0, "fb2_btp_fs_opti_grid_j_agg_ifj": 0.0, "fb2_btp_ib_opti_grid_j_agg": 0.0, "fb2_btp_ib_opti_grid_j_agg_ifj": 0.0, "fb2_btp_il_opti_grid_j_agg": 0.0, "fb2_btp_il_opti_grid_j_agg_ifj": 0.0, "fb2_btp_opti_grid_j_agg": -0.08309451667929957, "fb2_btp_opti_grid_j_agg_ifj": -0.5214004630044885, "fb2_consumption_opti_grid_j_agg": 0.16309712372626134, "fb2_consumption_opti_grid_j_agg_ifj": 1.004646254705378, "fb2_ktp_opti_grid_j_agg": 0.5213496820659884, "fb2_ktp_opti_grid_j_agg_ifj": 3.229087027618548, "fbis2_btp_fb_opti_grid_j_agg": -0.024566665757413272, "fbis2_btp_fb_opti_grid_j_agg_ifj": -0.991995796061372, "fbis2_btp_fs_opti_grid_j_agg": 0.0, "fbis2_btp_fs_opti_grid_j_agg_ifj": 0.0, "fbis2_btp_ib_opti_grid_j_agg": 0.0, "fbis2_btp_ib_opti_grid_j_agg_ifj": 0.0, "fbis2_btp_il_opti_grid_j_agg": 0.04468018952128298, "fbis2_btp_il_opti_grid_j_agg_ifj": 0.8149149007878556, "fbis2_btp_opti_grid_j_agg": 0.020113523763869705, "fbis2_btp_opti_grid_j_agg_ifj": -0.1770808952735165, "fbis2_consumption_opti_grid_j_agg": 0.023032608808436338, "fbis2_consumption_opti_grid_j_agg_ifj": 0.508807695659986, "fbis2_ktp_opti_grid_j_agg": 0.04064548617153595, "fbis2_ktp_opti_grid_j_agg_ifj": 1.6412545279518538, "file_save_suffix": "_20180918x_list_tKap_mlt_ce1a2_c2_kapp_ce99013948_kapp_ce02096030_20180918091534814413_exo_wgtJ", "fs_btp_fb_opti_grid_j_agg": 0.0, "fs_btp_fb_opti_grid_j_agg_ifj": 0.0, "fs_btp_fs_opti_grid_j_agg": 0.15280632035202107, "fs_btp_fs_opti_grid_j_agg_ifj": 0.7293527741281214, "fs_btp_ib_opti_grid_j_agg": 0.0, "fs_btp_ib_opti_grid_j_agg_ifj": 0.0, "fs_btp_il_opti_grid_j_agg": 0.0, "fs_btp_il_opti_grid_j_agg_ifj": 0.0, "fs_btp_opti_grid_j_agg": 0.15280632035202107, "fs_btp_opti_grid_j_agg_ifj": 0.7293527741281214,