{"esti_obj.main_allperiods_obj": 17.56482344299063, "ktp_opti_grid_allJ_agg": 3.528099659873572, "ktp_opti_grid_allJ_agg_var": 3.1691985038481225, "ib_probJ_opti_grid_j_agg": 0.2774367825494362, "is_probJ_opti_grid_j_agg": 0.022202130216094417, "fb2_probJ_opti_grid_j_agg": 0.1507173420558861, "fs_probJ_opti_grid_j_agg": 0.1625721967878555, "ibfb2_probJ_opti_grid_j_agg": 0.13522348105840662, "fbis2_probJ_opti_grid_j_agg": 0.015708353780162748, "none_probJ_opti_grid_j_agg": 0.2361397135521574, "period_dictkey": "ce0209", "data_model": "model", "level_0": 4, "P_jp_j.0.0": 0.3736287961747251, "P_jp_j.0.1": 0.015033312501538816, "P_jp_j.0.102": 0.13435897902526894, "P_jp_j.0.104": 0.13764074715843888, "P_jp_j.0.105": 0.010836014544116613, "P_jp_j.0.3": 0.1266612451829791, "P_jp_j.0.6": 0.20184090541293265, "P_jp_j.1.0": 0.19204966476841925, "P_jp_j.1.1": 0.03672610711629401, "P_jp_j.1.102": 0.16300965534048614, "P_jp_j.1.104": 0.1284908525506707, "P_jp_j.1.105": 0.026250212796506703, "P_jp_j.1.3": 0.19564985643497185, "P_jp_j.1.6": 0.2578236509926515, "P_jp_j.102.0": 0.253312616047148, "P_jp_j.102.1": 0.02326955316421533, "P_jp_j.102.102": 0.1572831607801179, "P_jp_j.102.104": 0.1419734782298016, "P_jp_j.102.105": 0.016406096563252766, "P_jp_j.102.3": 0.16769004632101298, "P_jp_j.102.6": 0.24006504889445154, "P_jp_j.104.0": 0.3318616750240204, "P_jp_j.104.1": 0.01855031777247016, "P_jp_j.104.102": 0.14263027302985778, "P_jp_j.104.104": 0.14010397957902845, "P_jp_j.104.105": 0.013381290240439929, "P_jp_j.104.3": 0.13912325618297494, "P_jp_j.104.6": 0.2143492081712084, "P_jp_j.105.0": 0.2265698110929469, "P_jp_j.105.1": 0.03519135301336869, "P_jp_j.105.102": 0.1596004047706222, "P_jp_j.105.104": 0.1376850416333598, "P_jp_j.105.105": 0.025417152883045274, "P_jp_j.105.3": 0.1783559810174701, "P_jp_j.105.6": 0.23718025558918715, "P_jp_j.3.0": 0.20274626086775294, "P_jp_j.3.1": 0.0267919667083414, "P_jp_j.3.102": 0.16191002434202048, "P_jp_j.3.104": 0.12889526326255585, "P_jp_j.3.105": 0.0186988311251245, "P_jp_j.3.3": 0.19392010629436854, "P_jp_j.3.6": 0.2670375473998362, "P_jp_j.6.0": 0.21148692085587376, "P_jp_j.6.1": 0.02664502129939634, "P_jp_j.6.102": 0.16092450996624896, "P_jp_j.6.104": 0.1301064499427534, "P_jp_j.6.105": 0.01862420540230595, "P_jp_j.6.3": 0.1891830839930897, "P_jp_j.6.6": 0.2630298085403319, "btp_fb_opti_grid_allJ_agg": -0.3717758993601985, "btp_fb_opti_grid_allJ_agg_var": 0.653328114590451, "btp_fs_opti_grid_allJ_agg": 0.15351830101919414, "btp_fs_opti_grid_allJ_agg_var": 0.3266398447490129, "btp_ib_opti_grid_allJ_agg": -0.5956282070306149, "btp_ib_opti_grid_allJ_agg_var": 1.0376645570187235, "btp_il_opti_grid_allJ_agg": 0.08747876845263701, "btp_il_opti_grid_allJ_agg_var": 0.3686251389725753, "btp_opti_grid_allJ_agg": -0.7264070369189821, "btp_opti_grid_allJ_agg_var": 2.3684708032998643, "cash_grid_centered_allJ_agg": 4.241638025334842, "cash_grid_centered_allJ_agg_var": 6.1840520772149885, "combo_desc": "Angeletos quickBNF_BORR_P-0.500;BNF_SAVE_P-0.300;BNI_BORR_P-0.100;BNI_LEND_P-2.000;R_FORMAL_BORR-1.054;R_FORMAL_SAVE-1.010;R_INFORM_BORR-1.094;R_INFORM_SAVE-1.094;kappa-0.591;kappa_ce0209-0.591;kappa_ce9901-0.590", "consumption_opti_grid_allJ_agg": 1.062322803771272, "consumption_opti_grid_allJ_agg_var": 0.6390866788502491, "data_param.A": -0.03125, "data_param.Region": 0.0, "data_param.Region_set": "[0, 1]", "data_param.Year": 0.0, "data_param.Year_set": "[0, 1]", "data_param.len_A": 1.0, "data_param.mean_A": -0.03125, "data_param.std_A": 0.0, "esti_obj.main_obj": 10.577904555731855, "esti_obj.subsets_main.agg_prob_for": 4.016900460045386, "esti_obj.subsets_main.agg_prob_inf": 4.709445353006117, "esti_obj.subsets_main.agg_prob_jnt": 0.055739173803934484, "esti_obj.subsets_main.agg_prob_none": 0.9631403376099504, "esti_obj.subsets_main.equi_BI": 0.2582158519271141, "esti_obj.subsets_main.mean_K": 0.5744633793393555, "esti_obj.subsets_other.agg_prob": 0.6301529922031883, "esti_obj.subsets_other.agg_prob_brr": 0.3154959594351435, "esti_obj.subsets_other.agg_prob_sav": 0.21651731921588727, "esti_obj.subsets_other.mean_KYC": 0.4352969172376564, "esti_param.BNF_BORR_P": 0.5, "esti_param.BNF_BORR_P_ce0209": 0.5, "esti_param.BNF_BORR_P_ce9901": 0.5, "esti_param.BNF_BORR_P_ne0209": 0.5, "esti_param.BNF_BORR_P_ne9901": 0.5, "esti_param.BNF_SAVE_P": 0.3, "esti_param.BNF_SAVE_P_ce0209": 0.3, "esti_param.BNF_SAVE_P_ce9901": 0.3, "esti_param.BNF_SAVE_P_ne0209": 0.3, "esti_param.BNF_SAVE_P_ne9901": 0.3, "esti_param.BNI_BORR_P": 0.1, "esti_param.BNI_BORR_P_ce0209": 0.1, "esti_param.BNI_BORR_P_ce9901": 0.1, "esti_param.BNI_BORR_P_ne0209": 0.1, "esti_param.BNI_BORR_P_ne9901": 0.1, "esti_param.BNI_LEND_P": 2.0, "esti_param.BNI_LEND_P_ce0209": 2.0, "esti_param.BNI_LEND_P_ce9901": 2.0, "esti_param.BNI_LEND_P_ne0209": 2.0, "esti_param.BNI_LEND_P_ne9901": 2.0, "esti_param.K_DEPRECIATION": 0.15, "esti_param.R_AVG_INT": 1.1, "esti_param.R_FORMAL_BORR": 1.054, "esti_param.R_FORMAL_BORR_ce0209": 1.054, "esti_param.R_FORMAL_BORR_ce9901": 1.061, "esti_param.R_FORMAL_BORR_ne0209": 1.061, "esti_param.R_FORMAL_BORR_ne9901": 1.148, "esti_param.R_FORMAL_SAVE": 1.01, "esti_param.R_FORMAL_SAVE_ce0209": 1.01, "esti_param.R_FORMAL_SAVE_ce9901": 1.011, "esti_param.R_FORMAL_SAVE_ne0209": 1.011, "esti_param.R_FORMAL_SAVE_ne9901": 1.033, "esti_param.R_INFORM": 1.1, "esti_param.R_INFORM_BORR": 1.094, "esti_param.R_INFORM_BORR_ce0209": 1.094, "esti_param.R_INFORM_BORR_ce9901": 1.139, "esti_param.R_INFORM_BORR_ne0209": 1.139, "esti_param.R_INFORM_BORR_ne9901": 1.279, "esti_param.R_INFORM_SAVE": 1.094, "esti_param.R_INFORM_SAVE_ce0209": 1.094, "esti_param.R_INFORM_SAVE_ce9901": 1.139, "esti_param.R_INFORM_SAVE_ne0209": 1.139, "esti_param.R_INFORM_SAVE_ne9901": 1.279, "esti_param.alpha_k": 0.36, "esti_param.beta": 0.96, "esti_param.c_min_bound": 0.001, "esti_param.kappa": 0.5908582839421443, "esti_param.kappa_ce0209": 0.5908582839421443, "esti_param.kappa_ce9901": 0.5901206821570457, "esti_param.kappa_ne0209": 0.25, "esti_param.kappa_ne9901": 0.25, "esti_param.logit_sd_scale": 1.0, "esti_param.rho": 1.0, "fb2_btp_fb_opti_grid_j_agg": -0.07023907112735274, "fb2_btp_fb_opti_grid_j_agg_ifj": -0.4470954597662192, "fb2_btp_fs_opti_grid_j_agg": 0.0, "fb2_btp_fs_opti_grid_j_agg_ifj": 0.0, "fb2_btp_ib_opti_grid_j_agg": 0.0, "fb2_btp_ib_opti_grid_j_agg_ifj": 0.0, "fb2_btp_il_opti_grid_j_agg": 0.0, "fb2_btp_il_opti_grid_j_agg_ifj": 0.0, "fb2_btp_opti_grid_j_agg": -0.07023907112735274, "fb2_btp_opti_grid_j_agg_ifj": -0.4470954597662192, "fb2_consumption_opti_grid_j_agg": 0.16265246234038905, "fb2_consumption_opti_grid_j_agg_ifj": 0.9993143288291522, "fb2_ktp_opti_grid_j_agg": 0.5121839819503202, "fb2_ktp_opti_grid_j_agg_ifj": 3.170829706315581, "fbis2_btp_fb_opti_grid_j_agg": -0.02379279134752392, "fbis2_btp_fb_opti_grid_j_agg_ifj": -0.9587778581478148, "fbis2_btp_fs_opti_grid_j_agg": 0.0, "fbis2_btp_fs_opti_grid_j_agg_ifj": 0.0, "fbis2_btp_ib_opti_grid_j_agg": 0.0, "fbis2_btp_ib_opti_grid_j_agg_ifj": 0.0, "fbis2_btp_il_opti_grid_j_agg": 0.04425074720007649, "fbis2_btp_il_opti_grid_j_agg_ifj": 0.8110518107619461, "fbis2_btp_opti_grid_j_agg": 0.020457955852552574, "fbis2_btp_opti_grid_j_agg_ifj": -0.14772604738586856, "fbis2_consumption_opti_grid_j_agg": 0.02290932717433336, "fbis2_consumption_opti_grid_j_agg_ifj": 0.5048773193091682, "fbis2_ktp_opti_grid_j_agg": 0.040268186118642385, "fbis2_ktp_opti_grid_j_agg_ifj": 1.622686664814022, "file_save_suffix": "_20180918x_list_tKap_mlt_ce1a2_c0_kapp_ce99014328_kapp_ce02094346_20180918091426984354_exo_wgtJ", "fs_btp_fb_opti_grid_j_agg": 0.0, "fs_btp_fb_opti_grid_j_agg_ifj": 0.0, "fs_btp_fs_opti_grid_j_agg": 0.15351830101919414, "fs_btp_fs_opti_grid_j_agg_ifj": 0.7334941816906794, "fs_btp_ib_opti_grid_j_agg": 0.0, "fs_btp_ib_opti_grid_j_agg_ifj": 0.0, "fs_btp_il_opti_grid_j_agg": 0.0, "fs_btp_il_opti_grid_j_agg_ifj": 0.0, "fs_btp_opti_grid_j_agg": 0.15351830101919414, "fs_btp_opti_grid_j_agg_ifj": 0.7334941816906794,