{"esti_obj.main_allperiods_obj": 22.562841545694, "ktp_opti_grid_allJ_agg": 3.3671734544720286, "ktp_opti_grid_allJ_agg_var": 3.0186094160530783, "ib_probJ_opti_grid_j_agg": 0.2849198848953912, "is_probJ_opti_grid_j_agg": 0.022931123435256242, "fb2_probJ_opti_grid_j_agg": 0.14918304437823962, "fs_probJ_opti_grid_j_agg": 0.1589882695043398, "ibfb2_probJ_opti_grid_j_agg": 0.13204037463560814, "fbis2_probJ_opti_grid_j_agg": 0.017513844054227647, "none_probJ_opti_grid_j_agg": 0.2344234590969237, "period_dictkey": "ne0209", "data_model": "model", "level_0": 7, "P_jp_j.0.0": 0.3584995566757302, "P_jp_j.0.1": 0.016603368823938505, "P_jp_j.0.102": 0.1424457880621834, "P_jp_j.0.104": 0.13260324903136772, "P_jp_j.0.105": 0.012852894942777523, "P_jp_j.0.3": 0.12899509422806266, "P_jp_j.0.6": 0.20800004823594, "P_jp_j.1.0": 0.20453741429310485, "P_jp_j.1.1": 0.03992239408723931, "P_jp_j.1.102": 0.15184627913999518, "P_jp_j.1.104": 0.12567537463973513, "P_jp_j.1.105": 0.030040147183530583, "P_jp_j.1.3": 0.1942349480909488, "P_jp_j.1.6": 0.2537434425654461, "P_jp_j.102.0": 0.2825709358911392, "P_jp_j.102.1": 0.02221401366526153, "P_jp_j.102.102": 0.15562851723470306, "P_jp_j.102.104": 0.14006169561828233, "P_jp_j.102.105": 0.017148809023406732, "P_jp_j.102.3": 0.15356255656287338, "P_jp_j.102.6": 0.2288134720043337, "P_jp_j.104.0": 0.3261839184748924, "P_jp_j.104.1": 0.019221040582756702, "P_jp_j.104.102": 0.1489978398794957, "P_jp_j.104.104": 0.13699806576469215, "P_jp_j.104.105": 0.015007309956148044, "P_jp_j.104.3": 0.13717215980588954, "P_jp_j.104.6": 0.21641966553612565, "P_jp_j.105.0": 0.24156751514806402, "P_jp_j.105.1": 0.0362908172120605, "P_jp_j.105.102": 0.15486422072989214, "P_jp_j.105.104": 0.13431685906201435, "P_jp_j.105.105": 0.02754972908366984, "P_jp_j.105.3": 0.17262219503157822, "P_jp_j.105.6": 0.23278866373272106, "P_jp_j.3.0": 0.2173827926673314, "P_jp_j.3.1": 0.027771862548256296, "P_jp_j.3.102": 0.15145302720282888, "P_jp_j.3.104": 0.1264659390608366, "P_jp_j.3.105": 0.020894561369098646, "P_jp_j.3.3": 0.1917391866096308, "P_jp_j.3.6": 0.26429263054201746, "P_jp_j.6.0": 0.23064940218291985, "P_jp_j.6.1": 0.027224785916969915, "P_jp_j.6.102": 0.15114959952276527, "P_jp_j.6.104": 0.12769235367692666, "P_jp_j.6.105": 0.020554982946478846, "P_jp_j.6.3": 0.18450467355571207, "P_jp_j.6.6": 0.2582242021982274, "btp_fb_opti_grid_allJ_agg": -0.5122914095997323, "btp_fb_opti_grid_allJ_agg_var": 0.8374195591578057, "btp_fs_opti_grid_allJ_agg": 0.14948304949069766, "btp_fs_opti_grid_allJ_agg_var": 0.3178596640931812, "btp_ib_opti_grid_allJ_agg": -0.33396045996493784, "btp_ib_opti_grid_allJ_agg_var": 0.3313668836434718, "btp_il_opti_grid_allJ_agg": 0.10742009877539507, "btp_il_opti_grid_allJ_agg_var": 0.4837951975691611, "btp_opti_grid_allJ_agg": -0.5893487212985773, "btp_opti_grid_allJ_agg_var": 1.9111945523327607, "cash_grid_centered_allJ_agg": 4.201368355627379, "cash_grid_centered_allJ_agg_var": 6.30990521863008, "combo_desc": "Angeletos quickBNF_BORR_P-0.500;BNF_SAVE_P-0.300;BNI_BORR_P-0.100;BNI_LEND_P-2.000;R_FORMAL_BORR-1.061;R_FORMAL_SAVE-1.011;R_INFORM_BORR-1.139;R_INFORM_SAVE-1.139;kappa-0.700;kappa_ne0209-0.700;kappa_ne9901-0.700", "consumption_opti_grid_allJ_agg": 1.0487481104445822, "consumption_opti_grid_allJ_agg_var": 0.6281512903714169, "data_param.A": -0.03125, "data_param.Region": 0.0, "data_param.Region_set": "[0, 1]", "data_param.Year": 0.0, "data_param.Year_set": "[0, 1]", "data_param.len_A": 1.0, "data_param.mean_A": -0.03125, "data_param.std_A": 0.0, "esti_obj.main_obj": 16.21408164148929, "esti_obj.subsets_main.agg_prob_for": 2.0189969369350265, "esti_obj.subsets_main.agg_prob_inf": 5.03728614071223, "esti_obj.subsets_main.agg_prob_jnt": 4.089199208186277, "esti_obj.subsets_main.agg_prob_none": 3.183493075611161, "esti_obj.subsets_main.equi_BI": 0.05132053524788848, "esti_obj.subsets_main.mean_K": 1.8337857447967063, "esti_obj.subsets_other.agg_prob": 0.840663226993323, "esti_obj.subsets_other.agg_prob_brr": 0.5566964658815434, "esti_obj.subsets_other.agg_prob_sav": 0.1055433020148559, "esti_obj.subsets_other.mean_KYC": 0.5818447934097263, "esti_param.BNF_BORR_P": 0.5, "esti_param.BNF_BORR_P_ce0209": 0.5, "esti_param.BNF_BORR_P_ce9901": 0.5, "esti_param.BNF_BORR_P_ne0209": 0.5, "esti_param.BNF_BORR_P_ne9901": 0.5, "esti_param.BNF_SAVE_P": 0.3, "esti_param.BNF_SAVE_P_ce0209": 0.3, "esti_param.BNF_SAVE_P_ce9901": 0.3, "esti_param.BNF_SAVE_P_ne0209": 0.3, "esti_param.BNF_SAVE_P_ne9901": 0.3, "esti_param.BNI_BORR_P": 0.1, "esti_param.BNI_BORR_P_ce0209": 0.1, "esti_param.BNI_BORR_P_ce9901": 0.1, "esti_param.BNI_BORR_P_ne0209": 0.1, "esti_param.BNI_BORR_P_ne9901": 0.1, "esti_param.BNI_LEND_P": 2.0, "esti_param.BNI_LEND_P_ce0209": 2.0, "esti_param.BNI_LEND_P_ce9901": 2.0, "esti_param.BNI_LEND_P_ne0209": 2.0, "esti_param.BNI_LEND_P_ne9901": 2.0, "esti_param.K_DEPRECIATION": 0.15, "esti_param.R_AVG_INT": 1.1, "esti_param.R_FORMAL_BORR": 1.061, "esti_param.R_FORMAL_BORR_ce0209": 1.054, "esti_param.R_FORMAL_BORR_ce9901": 1.061, "esti_param.R_FORMAL_BORR_ne0209": 1.061, "esti_param.R_FORMAL_BORR_ne9901": 1.148, "esti_param.R_FORMAL_SAVE": 1.011, "esti_param.R_FORMAL_SAVE_ce0209": 1.01, "esti_param.R_FORMAL_SAVE_ce9901": 1.011, "esti_param.R_FORMAL_SAVE_ne0209": 1.011, "esti_param.R_FORMAL_SAVE_ne9901": 1.033, "esti_param.R_INFORM": 1.1, "esti_param.R_INFORM_BORR": 1.139, "esti_param.R_INFORM_BORR_ce0209": 1.094, "esti_param.R_INFORM_BORR_ce9901": 1.139, "esti_param.R_INFORM_BORR_ne0209": 1.139, "esti_param.R_INFORM_BORR_ne9901": 1.279, "esti_param.R_INFORM_SAVE": 1.139, "esti_param.R_INFORM_SAVE_ce0209": 1.094, "esti_param.R_INFORM_SAVE_ce9901": 1.139, "esti_param.R_INFORM_SAVE_ne0209": 1.139, "esti_param.R_INFORM_SAVE_ne9901": 1.279, "esti_param.alpha_k": 0.36, "esti_param.beta": 0.96, "esti_param.c_min_bound": 0.001, "esti_param.kappa": 0.7, "esti_param.kappa_ce0209": 0.25, "esti_param.kappa_ce9901": 0.25, "esti_param.kappa_ne0209": 0.7, "esti_param.kappa_ne9901": 0.7, "esti_param.logit_sd_scale": 1.0, "esti_param.rho": 1.0, "fb2_btp_fb_opti_grid_j_agg": -0.19802162685330751, "fb2_btp_fb_opti_grid_j_agg_ifj": -1.2232340668726387, "fb2_btp_fs_opti_grid_j_agg": 0.0, "fb2_btp_fs_opti_grid_j_agg_ifj": 0.0, "fb2_btp_ib_opti_grid_j_agg": 0.0, "fb2_btp_ib_opti_grid_j_agg_ifj": 0.0, "fb2_btp_il_opti_grid_j_agg": 0.0, "fb2_btp_il_opti_grid_j_agg_ifj": 0.0, "fb2_btp_opti_grid_j_agg": -0.19802162685330751, "fb2_btp_opti_grid_j_agg_ifj": -1.2232340668726387, "fb2_consumption_opti_grid_j_agg": 0.15903402025342067, "fb2_consumption_opti_grid_j_agg_ifj": 1.0278524920563128, "fb2_ktp_opti_grid_j_agg": 0.5943125270209486, "fb2_ktp_opti_grid_j_agg_ifj": 3.8314522298426583, "fbis2_btp_fb_opti_grid_j_agg": -0.028052346864148668, "fbis2_btp_fb_opti_grid_j_agg_ifj": -1.0317943626956605, "fbis2_btp_fs_opti_grid_j_agg": 0.0, "fbis2_btp_fs_opti_grid_j_agg_ifj": 0.0, "fbis2_btp_ib_opti_grid_j_agg": 0.0, "fbis2_btp_ib_opti_grid_j_agg_ifj": 0.0, "fbis2_btp_il_opti_grid_j_agg": 0.0551237486514157, "fbis2_btp_il_opti_grid_j_agg_ifj": 1.0149474985682787, "fbis2_btp_opti_grid_j_agg": 0.02707140178726703, "fbis2_btp_opti_grid_j_agg_ifj": -0.016846864127381792, "fbis2_consumption_opti_grid_j_agg": 0.02522440268063368, "fbis2_consumption_opti_grid_j_agg_ifj": 0.5499803351168637, "fbis2_ktp_opti_grid_j_agg": 0.040074781234498084, "fbis2_ktp_opti_grid_j_agg_ifj": 1.4739919467080864, "file_save_suffix": "_20180918x_list_tKap_mlt_ne1a2_c2_kapp_ne99011601_kapp_ne02092088_20180918091641521402_exo_wgtJ", "fs_btp_fb_opti_grid_j_agg": 0.0, "fs_btp_fb_opti_grid_j_agg_ifj": 0.0, "fs_btp_fs_opti_grid_j_agg": 0.14948304949069766, "fs_btp_fs_opti_grid_j_agg_ifj": 0.7217046224787187, "fs_btp_ib_opti_grid_j_agg": 0.0, "fs_btp_ib_opti_grid_j_agg_ifj": 0.0, "fs_btp_il_opti_grid_j_agg": 0.0, "fs_btp_il_opti_grid_j_agg_ifj": 0.0, "fs_btp_opti_grid_j_agg": 0.14948304949069766, "fs_btp_opti_grid_j_agg_ifj": 0.7217046224787187, "fs_consumption_opti_grid_j_agg": 0.18278856245233868,