{"esti_obj.main_allperiods_obj": 22.48311857230891, "ktp_opti_grid_allJ_agg": 3.106264238186612, "ktp_opti_grid_allJ_agg_var": 2.1084003839163916, "ib_probJ_opti_grid_j_agg": 0.27602552271723124, "is_probJ_opti_grid_j_agg": 0.028182551373915482, "fb2_probJ_opti_grid_j_agg": 0.1339673496578725, "fs_probJ_opti_grid_j_agg": 0.1708498755572184, "ibfb2_probJ_opti_grid_j_agg": 0.12296176258758365, "fbis2_probJ_opti_grid_j_agg": 0.01881473123130968, "none_probJ_opti_grid_j_agg": 0.2491982068748053, "period_dictkey": "ne9901", "data_model": "model", "level_0": 0, "P_jp_j.0.0": 0.3269456066402208, "P_jp_j.0.1": 0.023735175231295088, "P_jp_j.0.102": 0.11864822561349132, "P_jp_j.0.104": 0.12309264472545615, "P_jp_j.0.105": 0.01574433718658421, "P_jp_j.0.3": 0.1508072464115141, "P_jp_j.0.6": 0.2410267641914381, "P_jp_j.1.0": 0.21869417570345528, "P_jp_j.1.1": 0.04845589764032668, "P_jp_j.1.102": 0.1475844286780797, "P_jp_j.1.104": 0.12174383605701493, "P_jp_j.1.105": 0.03454838423284497, "P_jp_j.1.3": 0.18938874285738533, "P_jp_j.1.6": 0.2395845348308931, "P_jp_j.102.0": 0.2603799292312161, "P_jp_j.102.1": 0.028675794139050283, "P_jp_j.102.102": 0.13958405748703634, "P_jp_j.102.104": 0.12724598635290174, "P_jp_j.102.105": 0.019169638467150658, "P_jp_j.102.3": 0.176273840773976, "P_jp_j.102.6": 0.24867075354866885, "P_jp_j.104.0": 0.2983061562772293, "P_jp_j.104.1": 0.0241039297288741, "P_jp_j.104.102": 0.1284040619590947, "P_jp_j.104.104": 0.125987647771164, "P_jp_j.104.105": 0.016178701764349532, "P_jp_j.104.3": 0.1593967544742429, "P_jp_j.104.6": 0.24762274802504536, "P_jp_j.105.0": 0.2292523703237453, "P_jp_j.105.1": 0.05016827204779113, "P_jp_j.105.102": 0.14448800638849907, "P_jp_j.105.104": 0.12482815034012255, "P_jp_j.105.105": 0.03604216533661279, "P_jp_j.105.3": 0.18282200122826087, "P_jp_j.105.6": 0.23239903433496825, "P_jp_j.3.0": 0.2366134447734021, "P_jp_j.3.1": 0.030472210274385163, "P_jp_j.3.102": 0.14539757077508533, "P_jp_j.3.104": 0.12025505443187885, "P_jp_j.3.105": 0.02004008755422256, "P_jp_j.3.3": 0.18919953593214933, "P_jp_j.3.6": 0.25802209625887657, "P_jp_j.6.0": 0.25407675512635297, "P_jp_j.6.1": 0.029333552507556288, "P_jp_j.6.102": 0.14049037495801914, "P_jp_j.6.104": 0.12087309729929, "P_jp_j.6.105": 0.019405409506752742, "P_jp_j.6.3": 0.1802045849194544, "P_jp_j.6.6": 0.2556162256825745, "btp_fb_opti_grid_allJ_agg": -0.16123164654662892, "btp_fb_opti_grid_allJ_agg_var": 0.1335718727039213, "btp_fs_opti_grid_allJ_agg": 0.20429817929530844, "btp_fs_opti_grid_allJ_agg_var": 0.4460558938979439, "btp_ib_opti_grid_allJ_agg": -0.11910217886195505, "btp_ib_opti_grid_allJ_agg_var": 0.11879303227204427, "btp_il_opti_grid_allJ_agg": 0.14567082518917493, "btp_il_opti_grid_allJ_agg_var": 0.6969610839865206, "btp_opti_grid_allJ_agg": 0.06963517907589943, "btp_opti_grid_allJ_agg_var": 1.3977515140913848, "cash_grid_centered_allJ_agg": 4.5926244816854105, "cash_grid_centered_allJ_agg_var": 5.985615598163188, "combo_desc": "Angeletos quickBNF_BORR_P-0.500;BNF_SAVE_P-0.300;BNI_BORR_P-0.100;BNI_LEND_P-2.000;R_FORMAL_BORR-1.148;R_FORMAL_SAVE-1.033;R_INFORM_BORR-1.279;R_INFORM_SAVE-1.279;kappa-0.443;kappa_ne0209-0.615;kappa_ne9901-0.443", "consumption_opti_grid_allJ_agg": 1.0853456270754327, "consumption_opti_grid_allJ_agg_var": 0.6737566082757604, "data_param.A": -0.03125, "data_param.Region": 0.0, "data_param.Region_set": "[0, 1]", "data_param.Year": 0.0, "data_param.Year_set": "[0, 1]", "data_param.len_A": 1.0, "data_param.mean_A": -0.03125, "data_param.std_A": 0.0, "esti_obj.main_obj": 6.454757182186054, "esti_obj.subsets_main.agg_prob_for": 1.2074275985130596, "esti_obj.subsets_main.agg_prob_inf": 0.2426026842300337, "esti_obj.subsets_main.agg_prob_jnt": 1.6978439380502557, "esti_obj.subsets_main.agg_prob_none": 0.8873302178428609, "esti_obj.subsets_main.equi_BI": 0.000705892967660895, "esti_obj.subsets_main.mean_K": 2.418846850582183, "esti_obj.subsets_other.agg_prob": 0.4591472102985736, "esti_obj.subsets_other.agg_prob_brr": 0.15909641047177508, "esti_obj.subsets_other.agg_prob_sav": 0.20585259295199326, "esti_obj.subsets_other.mean_KYC": 0.623551168346795, "esti_param.BNF_BORR_P": 0.5, "esti_param.BNF_BORR_P_ce0209": 0.5, "esti_param.BNF_BORR_P_ce9901": 0.5, "esti_param.BNF_BORR_P_ne0209": 0.5, "esti_param.BNF_BORR_P_ne9901": 0.5, "esti_param.BNF_SAVE_P": 0.3, "esti_param.BNF_SAVE_P_ce0209": 0.3, "esti_param.BNF_SAVE_P_ce9901": 0.3, "esti_param.BNF_SAVE_P_ne0209": 0.3, "esti_param.BNF_SAVE_P_ne9901": 0.3, "esti_param.BNI_BORR_P": 0.1, "esti_param.BNI_BORR_P_ce0209": 0.1, "esti_param.BNI_BORR_P_ce9901": 0.1, "esti_param.BNI_BORR_P_ne0209": 0.1, "esti_param.BNI_BORR_P_ne9901": 0.1, "esti_param.BNI_LEND_P": 2.0, "esti_param.BNI_LEND_P_ce0209": 2.0, "esti_param.BNI_LEND_P_ce9901": 2.0, "esti_param.BNI_LEND_P_ne0209": 2.0, "esti_param.BNI_LEND_P_ne9901": 2.0, "esti_param.K_DEPRECIATION": 0.15, "esti_param.R_AVG_INT": 1.1, "esti_param.R_FORMAL_BORR": 1.148, "esti_param.R_FORMAL_BORR_ce0209": 1.054, "esti_param.R_FORMAL_BORR_ce9901": 1.061, "esti_param.R_FORMAL_BORR_ne0209": 1.061, "esti_param.R_FORMAL_BORR_ne9901": 1.148, "esti_param.R_FORMAL_SAVE": 1.033, "esti_param.R_FORMAL_SAVE_ce0209": 1.01, "esti_param.R_FORMAL_SAVE_ce9901": 1.011, "esti_param.R_FORMAL_SAVE_ne0209": 1.011, "esti_param.R_FORMAL_SAVE_ne9901": 1.033, "esti_param.R_INFORM": 1.1, "esti_param.R_INFORM_BORR": 1.279, "esti_param.R_INFORM_BORR_ce0209": 1.094, "esti_param.R_INFORM_BORR_ce9901": 1.139, "esti_param.R_INFORM_BORR_ne0209": 1.139, "esti_param.R_INFORM_BORR_ne9901": 1.279, "esti_param.R_INFORM_SAVE": 1.279, "esti_param.R_INFORM_SAVE_ce0209": 1.094, "esti_param.R_INFORM_SAVE_ce9901": 1.139, "esti_param.R_INFORM_SAVE_ne0209": 1.139, "esti_param.R_INFORM_SAVE_ne9901": 1.279, "esti_param.alpha_k": 0.36, "esti_param.beta": 0.96, "esti_param.c_min_bound": 0.001, "esti_param.kappa": 0.4427495777671677, "esti_param.kappa_ce0209": 0.25, "esti_param.kappa_ce9901": 0.25, "esti_param.kappa_ne0209": 0.6149763109464086, "esti_param.kappa_ne9901": 0.4427495777671677, "esti_param.logit_sd_scale": 1.0, "esti_param.rho": 1.0, "fb2_btp_fb_opti_grid_j_agg": -0.02891290660567116, "fb2_btp_fb_opti_grid_j_agg_ifj": -0.22900892852942484, "fb2_btp_fs_opti_grid_j_agg": 0.0, "fb2_btp_fs_opti_grid_j_agg_ifj": 0.0, "fb2_btp_ib_opti_grid_j_agg": 0.0, "fb2_btp_ib_opti_grid_j_agg_ifj": 0.0, "fb2_btp_il_opti_grid_j_agg": 0.0, "fb2_btp_il_opti_grid_j_agg_ifj": 0.0, "fb2_btp_opti_grid_j_agg": -0.02891290660567116, "fb2_btp_opti_grid_j_agg_ifj": -0.22900892852942484, "fb2_consumption_opti_grid_j_agg": 0.15719292344672156, "fb2_consumption_opti_grid_j_agg_ifj": 1.0640823955800744, "fb2_ktp_opti_grid_j_agg": 0.4657911599393195, "fb2_ktp_opti_grid_j_agg_ifj": 3.2310025386919423, "fbis2_btp_fb_opti_grid_j_agg": -0.016079003449949846, "fbis2_btp_fb_opti_grid_j_agg_ifj": -0.615313810949734, "fbis2_btp_fs_opti_grid_j_agg": 0.0, "fbis2_btp_fs_opti_grid_j_agg_ifj": 0.0, "fbis2_btp_ib_opti_grid_j_agg": 0.0, "fbis2_btp_ib_opti_grid_j_agg_ifj": 0.0, "fbis2_btp_il_opti_grid_j_agg": 0.06808726644138058, "fbis2_btp_il_opti_grid_j_agg_ifj": 1.1057367101081543, "fbis2_btp_opti_grid_j_agg": 0.05200826299143073, "fbis2_btp_opti_grid_j_agg_ifj": 0.4904228991584203, "fbis2_consumption_opti_grid_j_agg": 0.029006049709670988, "fbis2_consumption_opti_grid_j_agg_ifj": 0.528842903965401, "fbis2_ktp_opti_grid_j_agg": 0.03631624795903349, "fbis2_ktp_opti_grid_j_agg_ifj": 1.3897558390745974, "file_save_suffix": "_20180918x_list_tKap_mlt_ne1a2_c0_kapp_ne99016441_kapp_ne02095301_20180918091604628548_exo_wgtJ", "fs_btp_fb_opti_grid_j_agg": 0.0, "fs_btp_fb_opti_grid_j_agg_ifj": 0.0, "fs_btp_fs_opti_grid_j_agg": 0.20429817929530847, "fs_btp_fs_opti_grid_j_agg_ifj": 1.0396189731715673, "fs_btp_ib_opti_grid_j_agg": 0.0, "fs_btp_ib_opti_grid_j_agg_ifj": 0.0, "fs_btp_il_opti_grid_j_agg": 0.0, "fs_btp_il_opti_grid_j_agg_ifj": 0.0, "fs_btp_opti_grid_j_agg": 0.20429817929530847, "fs_btp_opti_grid_j_agg_ifj": 1.0396189731715673,