{"esti_obj.main_allperiods_obj": 11.932614367153034, "ktp_opti_grid_allJ_agg": 4.785103918245923, "ktp_opti_grid_allJ_agg_var": 5.5721997297248045, "ib_probJ_opti_grid_j_agg": 0.19771009030862435, "is_probJ_opti_grid_j_agg": 0.05413743879932882, "fb2_probJ_opti_grid_j_agg": 0.15969679422354802, "fs_probJ_opti_grid_j_agg": 0.1834063328151231, "ibfb2_probJ_opti_grid_j_agg": 0.1358044322021104, "fbis2_probJ_opti_grid_j_agg": 0.03985671672909717, "none_probJ_opti_grid_j_agg": 0.22938819492216445, "period_dictkey": "ce0209", "data_model": "model", "level_0": 5, "P_jp_j.0.0": 0.2238020248495239, "P_jp_j.0.1": 0.05018863558390856, "P_jp_j.0.102": 0.1530263726411121, "P_jp_j.0.104": 0.13877392953500425, "P_jp_j.0.105": 0.03732574751710993, "P_jp_j.0.3": 0.1740601342473266, "P_jp_j.0.6": 0.22282315562601465, "P_jp_j.1.0": 0.1822833998623473, "P_jp_j.1.1": 0.059937844476730576, "P_jp_j.1.102": 0.16258472920552589, "P_jp_j.1.104": 0.1350827445090707, "P_jp_j.1.105": 0.04486091924457989, "P_jp_j.1.3": 0.18652872243421026, "P_jp_j.1.6": 0.2287216402675354, "P_jp_j.102.0": 0.18918208139421172, "P_jp_j.102.1": 0.05486244910151947, "P_jp_j.102.102": 0.16192113079266726, "P_jp_j.102.104": 0.1352685108812181, "P_jp_j.102.105": 0.04023365490309157, "P_jp_j.102.3": 0.18635856752767987, "P_jp_j.102.6": 0.2321736053996119, "P_jp_j.104.0": 0.2201666270971708, "P_jp_j.104.1": 0.05038046958384933, "P_jp_j.104.102": 0.15404730731193708, "P_jp_j.104.104": 0.1389100974024322, "P_jp_j.104.105": 0.03750476183512218, "P_jp_j.104.3": 0.17482755877586004, "P_jp_j.104.6": 0.2241631779936284, "P_jp_j.105.0": 0.18677917729546265, "P_jp_j.105.1": 0.06053309306090311, "P_jp_j.105.102": 0.16093254662052056, "P_jp_j.105.104": 0.1366923485489543, "P_jp_j.105.105": 0.0456937399138709, "P_jp_j.105.3": 0.1835949623804148, "P_jp_j.105.6": 0.2257741321798737, "P_jp_j.3.0": 0.18394926637911685, "P_jp_j.3.1": 0.0551394164787829, "P_jp_j.3.102": 0.16347968577486702, "P_jp_j.3.104": 0.13344792592559895, "P_jp_j.3.105": 0.04005234056576703, "P_jp_j.3.3": 0.18954710229952368, "P_jp_j.3.6": 0.2343842625763436, "P_jp_j.6.0": 0.1837560319839347, "P_jp_j.6.1": 0.05613390767922724, "P_jp_j.6.102": 0.16348841584729604, "P_jp_j.6.104": 0.13361673069265173, "P_jp_j.6.105": 0.040930047472648584, "P_jp_j.6.3": 0.1889933963459867, "P_jp_j.6.6": 0.23308146997825505, "btp_fb_opti_grid_allJ_agg": -0.2723203411975203, "btp_fb_opti_grid_allJ_agg_var": 0.2882166947095328, "btp_fs_opti_grid_allJ_agg": 0.14782292675553474, "btp_fs_opti_grid_allJ_agg_var": 0.3687704337275881, "btp_ib_opti_grid_allJ_agg": -0.6203916384661211, "btp_ib_opti_grid_allJ_agg_var": 1.3536907138549688, "btp_il_opti_grid_allJ_agg": 0.21080655697799813, "btp_il_opti_grid_allJ_agg_var": 1.01282599786656, "btp_opti_grid_allJ_agg": -0.5340824959301085, "btp_opti_grid_allJ_agg_var": 3.4273287858431387, "cash_grid_centered_allJ_agg": 6.780956962076638, "cash_grid_centered_allJ_agg_var": 14.183403989515257, "combo_desc": "Angeletos quickBNF_BORR_P-0.500;BNF_SAVE_P-0.300;BNI_BORR_P-0.100;BNI_LEND_P-2.000;R_FORMAL_BORR-1.054;R_FORMAL_SAVE-1.010;R_INFORM_BORR-1.094;R_INFORM_SAVE-1.094;kappa-0.250BNF_BORR_P-0.500;BNF_SAVE_P-0.300;BNI_BORR_P-0.100;BNI_LEND_P-2.000;R_FORMAL_BORR-1.054;R_FORMAL_SAVE-1.010;R_INFORM_BORR-1.094;R_INFORM_SAVE-1.094;kappa-0.250", "consumption_opti_grid_allJ_agg": 2.0381496767265315, "consumption_opti_grid_allJ_agg_var": 2.3510164385733123, "data_param.A": -0.03125, "data_param.Region": 0.0, "data_param.Region_set": "[0, 1]", "data_param.Year": 0.0, "data_param.Year_set": "[0, 1]", "data_param.len_A": 1.0, "data_param.mean_A": -0.03125, "data_param.std_A": 0.0, "dist_param.data__A.dist": "normal", "dist_param.data__A.integrate.method": "grid", "dist_param.data__A.integrate.params.points": 8.0, "dist_param.data__A.params.mu": 0.3517421360122366, "dist_param.data__A.params.sd": 0.1, "dist_param.data__A_mu_ce0209.dist": "normal", "dist_param.data__A_mu_ce0209.integrate.method": "grid", "dist_param.data__A_mu_ce0209.integrate.params.points": 8.0, "dist_param.data__A_mu_ce0209.params.mu": 0.3517421360122366, "dist_param.data__A_mu_ce0209.params.sd": 0.25, "dist_param.data__A_mu_ce9901.dist": "normal", "dist_param.data__A_mu_ce9901.integrate.method": "grid", "dist_param.data__A_mu_ce9901.integrate.params.points": 8.0, "dist_param.data__A_mu_ce9901.params.mu": 0.3186312670328013, "dist_param.data__A_mu_ce9901.params.sd": 0.25, "dist_param.data__A_mu_ne0209.dist": "normal", "dist_param.data__A_mu_ne0209.integrate.method": "grid", "dist_param.data__A_mu_ne0209.integrate.params.points": 8.0, "dist_param.data__A_mu_ne0209.params.mu": 0.3517421360122366, "dist_param.data__A_mu_ne0209.params.sd": 0.1, "dist_param.data__A_mu_ne9901.dist": "normal", "dist_param.data__A_mu_ne9901.integrate.method": "grid", "dist_param.data__A_mu_ne9901.integrate.params.points": 8.0, "dist_param.data__A_mu_ne9901.params.mu": 0.3517421360122366, "dist_param.data__A_mu_ne9901.params.sd": 0.1, "dist_param.data__A_sd_ce0209.dist": "normal", "dist_param.data__A_sd_ce0209.integrate.method": "grid", "dist_param.data__A_sd_ce0209.integrate.params.points": 8.0, "dist_param.data__A_sd_ce0209.params.mu": -0.03125, "dist_param.data__A_sd_ce0209.params.sd": 0.1, "dist_param.data__A_sd_ce9901.dist": "normal", "dist_param.data__A_sd_ce9901.integrate.method": "grid", "dist_param.data__A_sd_ce9901.integrate.params.points": 8.0, "dist_param.data__A_sd_ce9901.params.mu": -0.03125, "dist_param.data__A_sd_ce9901.params.sd": 0.1, "dist_param.data__A_sd_ne0209.dist": "normal", "dist_param.data__A_sd_ne0209.integrate.method": "grid", "dist_param.data__A_sd_ne0209.integrate.params.points": 8.0, "dist_param.data__A_sd_ne0209.params.mu": 0.3517421360122366, "dist_param.data__A_sd_ne0209.params.sd": 0.1, "dist_param.data__A_sd_ne9901.dist": "normal", "dist_param.data__A_sd_ne9901.integrate.method": "grid", "dist_param.data__A_sd_ne9901.integrate.params.points": 8.0, "dist_param.data__A_sd_ne9901.params.mu": 0.3517421360122366, "dist_param.data__A_sd_ne9901.params.sd": 0.1, "dist_param.dist_param_integrate_points.combo_desc_integrate_loop": "Productivity", "dist_param.dist_param_integrate_points.file_save_suffix_integrate_loop": "_A", "dist_param.dist_param_integrate_points.param_descs": "['A=0.19833008157698195', 'A=0.263027480110349', 'A=0.3028644949007696', 'A=0.3360110675512195', 'A=0.36747320447325366', 'A=0.40061977712370356', 'A=0.4404567919141242', 'A=0.5051541904474912']", "dist_param.dist_param_integrate_points.param_names": "['A']", "dist_param.dist_param_integrate_points.param_save_suffixs": "['0', '646', '1045', '1376', '1691', '2022', '2421', '3068']", "dist_param.dist_param_integrate_points.param_types": "['data_type']", "dist_param.dist_param_integrate_points.param_values.data_type_A": "[0.19833008157698195, 0.263027480110349, 0.3028644949007696, 0.3360110675512195, 0.36747320447325366, 0.40061977712370356, 0.4404567919141242, 0.5051541904474912]", "dist_param.dist_param_integrate_points.param_values_keys": "['data_type_A']", "dist_param.dist_param_integrate_points.param_weights": "[0.125, 0.125, 0.125, 0.125, 0.125, 0.125, 0.125, 0.125]", "dist_param.dist_param_integrate_points.title_integrate_loop": "Productivity Loop", "esti_obj.main_obj": 6.313498746958263, "esti_obj.subsets_main.agg_prob_for": 3.160958161785876, "esti_obj.subsets_main.agg_prob_inf": 1.8950065723194305, "esti_obj.subsets_main.agg_prob_jnt": 0.005522359294613512, "esti_obj.subsets_main.agg_prob_none": 0.8351802171131522, "esti_obj.subsets_main.equi_BI": 0.16775993897763236, "esti_obj.subsets_main.mean_K": 0.2490714974675572, "esti_obj.subsets_other.agg_prob": 0.4931848815184333, "esti_obj.subsets_other.agg_prob_brr": 0.226208863882966, "esti_obj.subsets_other.agg_prob_sav": 0.1755878227133029, "esti_obj.subsets_other.mean_KYC": 0.3532246571751196, "esti_param.BNF_BORR_P": 0.5, "esti_param.BNF_BORR_P_ce0209": 0.5, "esti_param.BNF_BORR_P_ce9901": 0.5, "esti_param.BNF_BORR_P_ne0209": 0.5,