{"esti_obj.main_allperiods_obj": 24.15671031299041, "ktp_opti_grid_allJ_agg": 4.0939558345500675, "ktp_opti_grid_allJ_agg_var": 5.8240568143221125, "ib_probJ_opti_grid_j_agg": 0.2471989752743771, "is_probJ_opti_grid_j_agg": 0.044120034500757965, "fb2_probJ_opti_grid_j_agg": 0.1446469819385519, "fs_probJ_opti_grid_j_agg": 0.16928705797653465, "ibfb2_probJ_opti_grid_j_agg": 0.12912162005781996, "fbis2_probJ_opti_grid_j_agg": 0.03259246804588889, "none_probJ_opti_grid_j_agg": 0.2330328622060775, "period_dictkey": "ne0209", "data_model": "model", "level_0": 4, "P_jp_j.0.0": 0.2922994449907096, "P_jp_j.0.1": 0.04001105018021767, "P_jp_j.0.102": 0.13177686414055548, "P_jp_j.0.104": 0.13153767724541726, "P_jp_j.0.105": 0.02979293707371572, "P_jp_j.0.3": 0.1529498196388107, "P_jp_j.0.6": 0.2216322067305736, "P_jp_j.1.0": 0.19829159761424106, "P_jp_j.1.1": 0.05402767828479925, "P_jp_j.1.102": 0.15787084243493651, "P_jp_j.1.104": 0.12596526874617794, "P_jp_j.1.105": 0.04017451149696556, "P_jp_j.1.3": 0.18677726381075585, "P_jp_j.1.6": 0.23689283761212385, "P_jp_j.102.0": 0.21809221508983967, "P_jp_j.102.1": 0.04553462363746985, "P_jp_j.102.102": 0.15321204595050952, "P_jp_j.102.104": 0.130790083148007, "P_jp_j.102.105": 0.03341829623329358, "P_jp_j.102.3": 0.17968508013633594, "P_jp_j.102.6": 0.23926765580454445, "P_jp_j.104.0": 0.28089817671737755, "P_jp_j.104.1": 0.04028617923898365, "P_jp_j.104.102": 0.13477371498179205, "P_jp_j.104.104": 0.13631103994085594, "P_jp_j.104.105": 0.030363893101524687, "P_jp_j.104.3": 0.15430768651072874, "P_jp_j.104.6": 0.2230593095087374, "P_jp_j.105.0": 0.2055675544738686, "P_jp_j.105.1": 0.05480878601259732, "P_jp_j.105.102": 0.15511267042064378, "P_jp_j.105.104": 0.1287260871829312, "P_jp_j.105.105": 0.04108205463752938, "P_jp_j.105.3": 0.18261044190671705, "P_jp_j.105.6": 0.2320924053657127, "P_jp_j.3.0": 0.2057042110090192, "P_jp_j.3.1": 0.04625631801436436, "P_jp_j.3.102": 0.15727641869014145, "P_jp_j.3.104": 0.1251014006715326, "P_jp_j.3.105": 0.03352907042058557, "P_jp_j.3.3": 0.18691668533280115, "P_jp_j.3.6": 0.2452158958615557, "P_jp_j.6.0": 0.2206719991246104, "P_jp_j.6.1": 0.046217521960610575, "P_jp_j.6.102": 0.15267015116053784, "P_jp_j.6.104": 0.12536032884245954, "P_jp_j.6.105": 0.03374684278385763, "P_jp_j.6.3": 0.18003873095630474, "P_jp_j.6.6": 0.24129442517161925, "btp_fb_opti_grid_allJ_agg": -0.21977800119104865, "btp_fb_opti_grid_allJ_agg_var": 0.2293168906093708, "btp_fs_opti_grid_allJ_agg": 0.13811243262734446, "btp_fs_opti_grid_allJ_agg_var": 0.31319328441934585, "btp_ib_opti_grid_allJ_agg": -0.4360850139700124, "btp_ib_opti_grid_allJ_agg_var": 0.5306811671842528, "btp_il_opti_grid_allJ_agg": 0.21238385769113835, "btp_il_opti_grid_allJ_agg_var": 1.1905694448455044, "btp_opti_grid_allJ_agg": -0.3053667248425783, "btp_opti_grid_allJ_agg_var": 2.560502491104064, "cash_grid_centered_allJ_agg": 5.98700478313015, "cash_grid_centered_allJ_agg_var": 17.036018058655323, "combo_desc": "Angeletos quickBNF_BORR_P-0.500;BNF_SAVE_P-0.300;BNI_BORR_P-0.100;BNI_LEND_P-2.000;R_FORMAL_BORR-1.061;R_FORMAL_SAVE-1.011;R_INFORM_BORR-1.139;R_INFORM_SAVE-1.139;kappa-0.250BNF_BORR_P-0.500;BNF_SAVE_P-0.300;BNI_BORR_P-0.100;BNI_LEND_P-2.000;R_FORMAL_BORR-1.061;R_FORMAL_SAVE-1.011;R_INFORM_BORR-1.139;R_INFORM_SAVE-1.139;kappa-0.250", "consumption_opti_grid_allJ_agg": 1.7650289573247668, "consumption_opti_grid_allJ_agg_var": 2.7465384535076733, "data_param.A": -0.03125, "data_param.Region": 0.0, "data_param.Region_set": "[0, 1]", "data_param.Year": 0.0, "data_param.Year_set": "[0, 1]", "data_param.len_A": 1.0, "data_param.mean_A": -0.03125, "data_param.std_A": 0.0, "dist_param.data__A.dist": "normal", "dist_param.data__A.integrate.method": "grid", "dist_param.data__A.integrate.params.points": 8.0, "dist_param.data__A.params.mu": 0.20383250188979835, "dist_param.data__A.params.sd": 0.33477189593662804, "dist_param.data__A_mu_ce0209.dist": "normal", "dist_param.data__A_mu_ce0209.integrate.method": "grid", "dist_param.data__A_mu_ce0209.integrate.params.points": 8.0, "dist_param.data__A_mu_ce0209.params.mu": 0.20383250188979835, "dist_param.data__A_mu_ce0209.params.sd": 0.33477189593662804, "dist_param.data__A_mu_ce9901.dist": "normal", "dist_param.data__A_mu_ce9901.integrate.method": "grid", "dist_param.data__A_mu_ce9901.integrate.params.points": 8.0, "dist_param.data__A_mu_ce9901.params.mu": 0.20383250188979835, "dist_param.data__A_mu_ce9901.params.sd": 0.33477189593662804, "dist_param.data__A_mu_ne0209.dist": "normal", "dist_param.data__A_mu_ne0209.integrate.method": "grid", "dist_param.data__A_mu_ne0209.integrate.params.points": 8.0, "dist_param.data__A_mu_ne0209.params.mu": 0.20383250188979835, "dist_param.data__A_mu_ne0209.params.sd": 0.25, "dist_param.data__A_mu_ne9901.dist": "normal", "dist_param.data__A_mu_ne9901.integrate.method": "grid", "dist_param.data__A_mu_ne9901.integrate.params.points": 8.0, "dist_param.data__A_mu_ne9901.params.mu": 0.01527377507064537, "dist_param.data__A_mu_ne9901.params.sd": 0.25, "dist_param.data__A_sd_ce0209.dist": "normal", "dist_param.data__A_sd_ce0209.integrate.method": "grid", "dist_param.data__A_sd_ce0209.integrate.params.points": 8.0, "dist_param.data__A_sd_ce0209.params.mu": 0.20383250188979835, "dist_param.data__A_sd_ce0209.params.sd": 0.33477189593662804, "dist_param.data__A_sd_ce9901.dist": "normal", "dist_param.data__A_sd_ce9901.integrate.method": "grid", "dist_param.data__A_sd_ce9901.integrate.params.points": 8.0, "dist_param.data__A_sd_ce9901.params.mu": 0.20383250188979835, "dist_param.data__A_sd_ce9901.params.sd": 0.33477189593662804, "dist_param.data__A_sd_ne0209.dist": "normal", "dist_param.data__A_sd_ne0209.integrate.method": "grid", "dist_param.data__A_sd_ne0209.integrate.params.points": 8.0, "dist_param.data__A_sd_ne0209.params.mu": -0.03125, "dist_param.data__A_sd_ne0209.params.sd": 0.33477189593662804, "dist_param.data__A_sd_ne9901.dist": "normal", "dist_param.data__A_sd_ne9901.integrate.method": "grid", "dist_param.data__A_sd_ne9901.integrate.params.points": 8.0, "dist_param.data__A_sd_ne9901.params.mu": -0.03125, "dist_param.data__A_sd_ne9901.params.sd": 0.4855078732956919, "dist_param.dist_param_integrate_points.combo_desc_integrate_loop": "Productivity", "dist_param.dist_param_integrate_points.file_save_suffix_integrate_loop": "_A", "dist_param.dist_param_integrate_points.param_descs": "['A=-0.3097479413384355', 'A=-0.09315923364660644', 'A=0.04020389605183969', 'A=0.15116930575176257', 'A=0.2564956980278341', 'A=0.367461107727757', 'A=0.5008242374262031', 'A=0.7174129451180322']", "dist_param.dist_param_integrate_points.param_names": "['A']", "dist_param.dist_param_integrate_points.param_save_suffixs": "['0', '2165', '3499', '4609', '5662', '6772', '8105', '10271']", "dist_param.dist_param_integrate_points.param_types": "['data_type']", "dist_param.dist_param_integrate_points.param_values.data_type_A": "[-0.3097479413384355, -0.09315923364660644, 0.04020389605183969, 0.15116930575176257, 0.2564956980278341, 0.367461107727757, 0.5008242374262031, 0.7174129451180322]", "dist_param.dist_param_integrate_points.param_values_keys": "['data_type_A']", "dist_param.dist_param_integrate_points.param_weights": "[0.125, 0.125, 0.125, 0.125, 0.125, 0.125, 0.125, 0.125]", "dist_param.dist_param_integrate_points.title_integrate_loop": "Productivity Loop", "esti_obj.main_obj": 17.188271804494306, "esti_obj.subsets_main.agg_prob_for": 2.1985231624492547, "esti_obj.subsets_main.agg_prob_inf": 3.4322474505953138, "esti_obj.subsets_main.agg_prob_jnt": 4.043018368693667, "esti_obj.subsets_main.agg_prob_none": 3.1340634300876027, "esti_obj.subsets_main.equi_BI": 0.05004220732050524, "esti_obj.subsets_main.mean_K": 4.330377185347961, "esti_obj.subsets_other.agg_prob": 0.7830377909139704, "esti_obj.subsets_other.agg_prob_brr": 0.5264303732780052, "esti_obj.subsets_other.agg_prob_sav": 0.07957455542988777, "esti_obj.subsets_other.mean_KYC": 0.7212759240661762, "esti_param.BNF_BORR_P": 0.5,