{"esti_obj.main_allperiods_obj": 24.17010565365726, "ktp_opti_grid_allJ_agg": 3.2634595729456546, "ktp_opti_grid_allJ_agg_var": 5.339916357844063, "ib_probJ_opti_grid_j_agg": 0.29279447225058497, "is_probJ_opti_grid_j_agg": 0.03871811852767983, "fb2_probJ_opti_grid_j_agg": 0.11863873785901545, "fs_probJ_opti_grid_j_agg": 0.14969861361745213, "ibfb2_probJ_opti_grid_j_agg": 0.11346997325710098, "fbis2_probJ_opti_grid_j_agg": 0.028410744268409907, "none_probJ_opti_grid_j_agg": 0.2582693402197621, "period_dictkey": "ne9901", "data_model": "model", "level_0": 1, "P_jp_j.0.0": 0.33202094003884625, "P_jp_j.0.1": 0.03586143055226314, "P_jp_j.0.102": 0.10573089848703343, "P_jp_j.0.104": 0.1109167370269226, "P_jp_j.0.105": 0.02659701436702902, "P_jp_j.0.3": 0.1330249823187349, "P_jp_j.0.6": 0.2558479972091706, "P_jp_j.1.0": 0.2225939821056505, "P_jp_j.1.1": 0.05250449020384245, "P_jp_j.1.102": 0.13992101651084402, "P_jp_j.1.104": 0.1168230033111098, "P_jp_j.1.105": 0.038730873519488604, "P_jp_j.1.3": 0.1791034274316652, "P_jp_j.1.6": 0.2503232069173995, "P_jp_j.102.0": 0.2553705685935717, "P_jp_j.102.1": 0.04003088386596481, "P_jp_j.102.102": 0.13214218198674832, "P_jp_j.102.104": 0.12278052278084728, "P_jp_j.102.105": 0.028901504362038564, "P_jp_j.102.3": 0.16734683999716693, "P_jp_j.102.6": 0.2534274984136625, "P_jp_j.104.0": 0.3045741363097253, "P_jp_j.104.1": 0.03620940327759409, "P_jp_j.104.102": 0.11568138578711835, "P_jp_j.104.104": 0.11788946893081854, "P_jp_j.104.105": 0.026727194190848173, "P_jp_j.104.3": 0.14490733024672214, "P_jp_j.104.6": 0.2540110812571733, "P_jp_j.105.0": 0.2370382488379325, "P_jp_j.105.1": 0.05505026444028696, "P_jp_j.105.102": 0.13428796385829408, "P_jp_j.105.104": 0.11467339685298306, "P_jp_j.105.105": 0.04076929183072909, "P_jp_j.105.3": 0.17130896648008265, "P_jp_j.105.6": 0.2468718676996917, "P_jp_j.3.0": 0.24284085429145985, "P_jp_j.3.1": 0.04028665620825178, "P_jp_j.3.102": 0.13575095548121846, "P_jp_j.3.104": 0.11807565113507235, "P_jp_j.3.105": 0.028636508262898583, "P_jp_j.3.3": 0.1743812086174094, "P_jp_j.3.6": 0.2600281660036897, "P_jp_j.6.0": 0.27913004984025297, "P_jp_j.6.1": 0.03928602673786714, "P_jp_j.6.102": 0.12311877254637675, "P_jp_j.6.104": 0.11236279281407303, "P_jp_j.6.105": 0.0285342525332302, "P_jp_j.6.3": 0.15563206001189367, "P_jp_j.6.6": 0.2619360455163062, "btp_fb_opti_grid_allJ_agg": -0.1445994486151911, "btp_fb_opti_grid_allJ_agg_var": 0.14724347840413038, "btp_fs_opti_grid_allJ_agg": 0.14581533730226448, "btp_fs_opti_grid_allJ_agg_var": 0.3555370875795916, "btp_ib_opti_grid_allJ_agg": -0.1990038042785149, "btp_ib_opti_grid_allJ_agg_var": 0.16383479922016786, "btp_il_opti_grid_allJ_agg": 0.27871577351557464, "btp_il_opti_grid_allJ_agg_var": 2.0320222620009867, "btp_opti_grid_allJ_agg": 0.08092785792413308, "btp_opti_grid_allJ_agg_var": 2.7543576862597323, "cash_grid_centered_allJ_agg": 5.1653006957394325, "cash_grid_centered_allJ_agg_var": 18.9224763236693, "combo_desc": "Angeletos quickBNF_BORR_P-0.500;BNF_SAVE_P-0.300;BNI_BORR_P-0.100;BNI_LEND_P-2.000;R_FORMAL_BORR-1.148;R_FORMAL_SAVE-1.033;R_INFORM_BORR-1.279;R_INFORM_SAVE-1.279;kappa-0.250BNF_BORR_P-0.500;BNF_SAVE_P-0.300;BNI_BORR_P-0.100;BNI_LEND_P-2.000;R_FORMAL_BORR-1.148;R_FORMAL_SAVE-1.033;R_INFORM_BORR-1.279;R_INFORM_SAVE-1.279;kappa-0.250", "consumption_opti_grid_allJ_agg": 1.4749046460844544, "consumption_opti_grid_allJ_agg_var": 2.847806931775996, "data_param.A": -0.03125, "data_param.Region": 0.0, "data_param.Region_set": "[0, 1]", "data_param.Year": 0.0, "data_param.Year_set": "[0, 1]", "data_param.len_A": 1.0, "data_param.mean_A": -0.03125, "data_param.std_A": 0.0, "dist_param.data__A.dist": "normal", "dist_param.data__A.integrate.method": "grid", "dist_param.data__A.integrate.params.points": 8.0, "dist_param.data__A.params.mu": 0.01527377507064537, "dist_param.data__A.params.sd": 0.4905078732956919, "dist_param.data__A_mu_ce0209.dist": "normal", "dist_param.data__A_mu_ce0209.integrate.method": "grid", "dist_param.data__A_mu_ce0209.integrate.params.points": 8.0, "dist_param.data__A_mu_ce0209.params.mu": 0.01527377507064537, "dist_param.data__A_mu_ce0209.params.sd": 0.4905078732956919, "dist_param.data__A_mu_ce9901.dist": "normal", "dist_param.data__A_mu_ce9901.integrate.method": "grid", "dist_param.data__A_mu_ce9901.integrate.params.points": 8.0, "dist_param.data__A_mu_ce9901.params.mu": 0.01527377507064537, "dist_param.data__A_mu_ce9901.params.sd": 0.4905078732956919, "dist_param.data__A_mu_ne0209.dist": "normal", "dist_param.data__A_mu_ne0209.integrate.method": "grid", "dist_param.data__A_mu_ne0209.integrate.params.points": 8.0, "dist_param.data__A_mu_ne0209.params.mu": 0.20383250188979835, "dist_param.data__A_mu_ne0209.params.sd": 0.25, "dist_param.data__A_mu_ne9901.dist": "normal", "dist_param.data__A_mu_ne9901.integrate.method": "grid", "dist_param.data__A_mu_ne9901.integrate.params.points": 8.0, "dist_param.data__A_mu_ne9901.params.mu": 0.01527377507064537, "dist_param.data__A_mu_ne9901.params.sd": 0.25, "dist_param.data__A_sd_ce0209.dist": "normal", "dist_param.data__A_sd_ce0209.integrate.method": "grid", "dist_param.data__A_sd_ce0209.integrate.params.points": 8.0, "dist_param.data__A_sd_ce0209.params.mu": 0.01527377507064537, "dist_param.data__A_sd_ce0209.params.sd": 0.4905078732956919, "dist_param.data__A_sd_ce9901.dist": "normal", "dist_param.data__A_sd_ce9901.integrate.method": "grid", "dist_param.data__A_sd_ce9901.integrate.params.points": 8.0, "dist_param.data__A_sd_ce9901.params.mu": 0.01527377507064537, "dist_param.data__A_sd_ce9901.params.sd": 0.4905078732956919, "dist_param.data__A_sd_ne0209.dist": "normal", "dist_param.data__A_sd_ne0209.integrate.method": "grid", "dist_param.data__A_sd_ne0209.integrate.params.points": 8.0, "dist_param.data__A_sd_ne0209.params.mu": -0.03125, "dist_param.data__A_sd_ne0209.params.sd": 0.33477189593662804, "dist_param.data__A_sd_ne9901.dist": "normal", "dist_param.data__A_sd_ne9901.integrate.method": "grid", "dist_param.data__A_sd_ne9901.integrate.params.points": 8.0, "dist_param.data__A_sd_ne9901.params.mu": -0.03125, "dist_param.data__A_sd_ne9901.params.sd": 0.4905078732956919, "dist_param.dist_param_integrate_points.combo_desc_integrate_loop": "Productivity", "dist_param.dist_param_integrate_points.file_save_suffix_integrate_loop": "_A", "dist_param.dist_param_integrate_points.param_descs": "['A=-0.7372244305189513', 'A=-0.4198785968952945', 'A=-0.22447490286231195', 'A=-0.061888354284178784', 'A=0.09243590442546952', 'A=0.2550224530036027', 'A=0.45042614703658523', 'A=0.7677719806602421']", "dist_param.dist_param_integrate_points.param_names": "['A']", "dist_param.dist_param_integrate_points.param_save_suffixs": "['0', '3173', '5127', '6753', '8296', '9922', '11876', '15049']", "dist_param.dist_param_integrate_points.param_types": "['data_type']", "dist_param.dist_param_integrate_points.param_values.data_type_A": "[-0.7372244305189513, -0.4198785968952945, -0.22447490286231195, -0.061888354284178784, 0.09243590442546952, 0.2550224530036027, 0.45042614703658523, 0.7677719806602421]", "dist_param.dist_param_integrate_points.param_values_keys": "['data_type_A']", "dist_param.dist_param_integrate_points.param_weights": "[0.125, 0.125, 0.125, 0.125, 0.125, 0.125, 0.125, 0.125]", "dist_param.dist_param_integrate_points.title_integrate_loop": "Productivity Loop", "esti_obj.main_obj": 6.981833849162957, "esti_obj.subsets_main.agg_prob_for": 0.861285306921674, "esti_obj.subsets_main.agg_prob_inf": 0.28099229636543754, "esti_obj.subsets_main.agg_prob_jnt": 1.834228795920486, "esti_obj.subsets_main.agg_prob_none": 1.0664556629424966, "esti_obj.subsets_main.equi_BI": 0.006353998039649952, "esti_obj.subsets_main.mean_K": 2.9325177889732137, "esti_obj.subsets_other.agg_prob": 0.4685248521755929, "esti_obj.subsets_other.agg_prob_brr": 0.2006857611344685, "esti_obj.subsets_other.agg_prob_sav": 0.16456975082136238, "esti_obj.subsets_other.mean_KYC": 0.654304893177801,