{"esti_obj.main_allperiods_obj": 24.15671031299041, "ktp_opti_grid_allJ_agg": 3.2608715964517163, "ktp_opti_grid_allJ_agg_var": 5.271508523623846, "ib_probJ_opti_grid_j_agg": 0.29267554952927444, "is_probJ_opti_grid_j_agg": 0.038648546091255766, "fb2_probJ_opti_grid_j_agg": 0.11880658248581265, "fs_probJ_opti_grid_j_agg": 0.14985823872222626, "ibfb2_probJ_opti_grid_j_agg": 0.11359129325797175, "fbis2_probJ_opti_grid_j_agg": 0.02831162795469268, "none_probJ_opti_grid_j_agg": 0.258108161958778, "period_dictkey": "ne9901", "data_model": "model", "level_0": 0, "P_jp_j.0.0": 0.33217335650144464, "P_jp_j.0.1": 0.03576100701335051, "P_jp_j.0.102": 0.10581992776845807, "P_jp_j.0.104": 0.11100540063552376, "P_jp_j.0.105": 0.026476817929397187, "P_jp_j.0.3": 0.13308592495305466, "P_jp_j.0.6": 0.2556775651987713, "P_jp_j.1.0": 0.22237780793232867, "P_jp_j.1.1": 0.052485183322317816, "P_jp_j.1.102": 0.14011518725785732, "P_jp_j.1.104": 0.116982036394447, "P_jp_j.1.105": 0.038683789747378926, "P_jp_j.1.3": 0.1792509999689457, "P_jp_j.1.6": 0.2501049953767246, "P_jp_j.102.0": 0.25500674472625, "P_jp_j.102.1": 0.03999341394305523, "P_jp_j.102.102": 0.1323758714328105, "P_jp_j.102.104": 0.12290149919846136, "P_jp_j.102.105": 0.02882731173325138, "P_jp_j.102.3": 0.16759185033720936, "P_jp_j.102.6": 0.2533033086289622, "P_jp_j.104.0": 0.3045405602260023, "P_jp_j.104.1": 0.036131737184883606, "P_jp_j.104.102": 0.11581734661719813, "P_jp_j.104.104": 0.1179666728808938, "P_jp_j.104.105": 0.026626532840279417, "P_jp_j.104.3": 0.14502578079370482, "P_jp_j.104.6": 0.253891369457038, "P_jp_j.105.0": 0.2365848772419948, "P_jp_j.105.1": 0.05506827642437394, "P_jp_j.105.102": 0.13457647567181674, "P_jp_j.105.104": 0.11491642983968955, "P_jp_j.105.105": 0.04073503611387362, "P_jp_j.105.3": 0.1715737508549398, "P_jp_j.105.6": 0.2465451538533117, "P_jp_j.3.0": 0.2424085134946848, "P_jp_j.3.1": 0.04023311892015788, "P_jp_j.3.102": 0.13601391416264785, "P_jp_j.3.104": 0.11824861201262026, "P_jp_j.3.105": 0.028544488440651543, "P_jp_j.3.3": 0.17467877243070618, "P_jp_j.3.6": 0.25987258053853146, "P_jp_j.6.0": 0.27891374014608905, "P_jp_j.6.1": 0.03921397849064874, "P_jp_j.6.102": 0.12331633487009475, "P_jp_j.6.104": 0.11248563493955108, "P_jp_j.6.105": 0.02842856037440857, "P_jp_j.6.3": 0.15584102725770607, "P_jp_j.6.6": 0.26180072392150183, "btp_fb_opti_grid_allJ_agg": -0.1436821348980681, "btp_fb_opti_grid_allJ_agg_var": 0.14666464290207493, "btp_fs_opti_grid_allJ_agg": 0.14564363893007062, "btp_fs_opti_grid_allJ_agg_var": 0.3534966332909269, "btp_ib_opti_grid_allJ_agg": -0.19910536412950164, "btp_ib_opti_grid_allJ_agg_var": 0.16439483056133247, "btp_il_opti_grid_allJ_agg": 0.2773668506462394, "btp_il_opti_grid_allJ_agg_var": 2.0071564669025586, "btp_opti_grid_allJ_agg": 0.08022299054874031, "btp_opti_grid_allJ_agg_var": 2.7286378151983786, "cash_grid_centered_allJ_agg": 5.155163914840699, "cash_grid_centered_allJ_agg_var": 18.639627293464606, "combo_desc": "Angeletos quickBNF_BORR_P-0.500;BNF_SAVE_P-0.300;BNI_BORR_P-0.100;BNI_LEND_P-2.000;R_FORMAL_BORR-1.148;R_FORMAL_SAVE-1.033;R_INFORM_BORR-1.279;R_INFORM_SAVE-1.279;kappa-0.250BNF_BORR_P-0.500;BNF_SAVE_P-0.300;BNI_BORR_P-0.100;BNI_LEND_P-2.000;R_FORMAL_BORR-1.148;R_FORMAL_SAVE-1.033;R_INFORM_BORR-1.279;R_INFORM_SAVE-1.279;kappa-0.250", "consumption_opti_grid_allJ_agg": 1.4680398743911025, "consumption_opti_grid_allJ_agg_var": 2.7956338201501567, "data_param.A": -0.03125, "data_param.Region": 0.0, "data_param.Region_set": "[0, 1]", "data_param.Year": 0.0, "data_param.Year_set": "[0, 1]", "data_param.len_A": 1.0, "data_param.mean_A": -0.03125, "data_param.std_A": 0.0, "dist_param.data__A.dist": "normal", "dist_param.data__A.integrate.method": "grid", "dist_param.data__A.integrate.params.points": 8.0, "dist_param.data__A.params.mu": 0.01527377507064537, "dist_param.data__A.params.sd": 0.4855078732956919, "dist_param.data__A_mu_ce0209.dist": "normal", "dist_param.data__A_mu_ce0209.integrate.method": "grid", "dist_param.data__A_mu_ce0209.integrate.params.points": 8.0, "dist_param.data__A_mu_ce0209.params.mu": 0.01527377507064537, "dist_param.data__A_mu_ce0209.params.sd": 0.4855078732956919, "dist_param.data__A_mu_ce9901.dist": "normal", "dist_param.data__A_mu_ce9901.integrate.method": "grid", "dist_param.data__A_mu_ce9901.integrate.params.points": 8.0, "dist_param.data__A_mu_ce9901.params.mu": 0.01527377507064537, "dist_param.data__A_mu_ce9901.params.sd": 0.4855078732956919, "dist_param.data__A_mu_ne0209.dist": "normal", "dist_param.data__A_mu_ne0209.integrate.method": "grid", "dist_param.data__A_mu_ne0209.integrate.params.points": 8.0, "dist_param.data__A_mu_ne0209.params.mu": 0.20383250188979835, "dist_param.data__A_mu_ne0209.params.sd": 0.25, "dist_param.data__A_mu_ne9901.dist": "normal", "dist_param.data__A_mu_ne9901.integrate.method": "grid", "dist_param.data__A_mu_ne9901.integrate.params.points": 8.0, "dist_param.data__A_mu_ne9901.params.mu": 0.01527377507064537, "dist_param.data__A_mu_ne9901.params.sd": 0.25, "dist_param.data__A_sd_ce0209.dist": "normal", "dist_param.data__A_sd_ce0209.integrate.method": "grid", "dist_param.data__A_sd_ce0209.integrate.params.points": 8.0, "dist_param.data__A_sd_ce0209.params.mu": 0.01527377507064537, "dist_param.data__A_sd_ce0209.params.sd": 0.4855078732956919, "dist_param.data__A_sd_ce9901.dist": "normal", "dist_param.data__A_sd_ce9901.integrate.method": "grid", "dist_param.data__A_sd_ce9901.integrate.params.points": 8.0, "dist_param.data__A_sd_ce9901.params.mu": 0.01527377507064537, "dist_param.data__A_sd_ce9901.params.sd": 0.4855078732956919, "dist_param.data__A_sd_ne0209.dist": "normal", "dist_param.data__A_sd_ne0209.integrate.method": "grid", "dist_param.data__A_sd_ne0209.integrate.params.points": 8.0, "dist_param.data__A_sd_ne0209.params.mu": -0.03125, "dist_param.data__A_sd_ne0209.params.sd": 0.33477189593662804, "dist_param.data__A_sd_ne9901.dist": "normal", "dist_param.data__A_sd_ne9901.integrate.method": "grid", "dist_param.data__A_sd_ne9901.integrate.params.points": 8.0, "dist_param.data__A_sd_ne9901.params.mu": -0.03125, "dist_param.data__A_sd_ne9901.params.sd": 0.4855078732956919, "dist_param.dist_param_integrate_points.combo_desc_integrate_loop": "Productivity", "dist_param.dist_param_integrate_points.file_save_suffix_integrate_loop": "_A", "dist_param.dist_param_integrate_points.param_descs": "['A=-0.7295538277971885', 'A=-0.4154428641002001', 'A=-0.22203102080673862', 'A=-0.06110180086112793', 'A=0.09164935100241867', 'A=0.2525785709480294', 'A=0.44599041424149083', 'A=0.7601013779384793']", "dist_param.dist_param_integrate_points.param_names": "['A']", "dist_param.dist_param_integrate_points.param_save_suffixs": "['0', '3141', '5075', '6684', '8212', '9821', '11755', '14896']", "dist_param.dist_param_integrate_points.param_types": "['data_type']", "dist_param.dist_param_integrate_points.param_values.data_type_A": "[-0.7295538277971885, -0.4154428641002001, -0.22203102080673862, -0.06110180086112793, 0.09164935100241867, 0.2525785709480294, 0.44599041424149083, 0.7601013779384793]", "dist_param.dist_param_integrate_points.param_values_keys": "['data_type_A']", "dist_param.dist_param_integrate_points.param_weights": "[0.125, 0.125, 0.125, 0.125, 0.125, 0.125, 0.125, 0.125]", "dist_param.dist_param_integrate_points.title_integrate_loop": "Productivity Loop", "esti_obj.main_obj": 6.9684385084961065, "esti_obj.subsets_main.agg_prob_for": 0.8630712572557733, "esti_obj.subsets_main.agg_prob_inf": 0.2804116189817669, "esti_obj.subsets_main.agg_prob_jnt": 1.8320405893826568, "esti_obj.subsets_main.agg_prob_none": 1.0631293062517595, "esti_obj.subsets_main.equi_BI": 0.006124860271809526, "esti_obj.subsets_main.mean_K": 2.9236608763523395, "esti_obj.subsets_other.agg_prob": 0.4682839004205458, "esti_obj.subsets_other.agg_prob_brr": 0.20027767378549, "esti_obj.subsets_other.agg_prob_sav": 0.16489806467627782, "esti_obj.subsets_other.mean_KYC": 0.6538102929083703,