{"esti_obj.main_allperiods_obj": 19.628301559953023, "ktp_opti_grid_allJ_agg": 3.5700894782186863, "ktp_opti_grid_allJ_agg_var": 4.04365972079109, "ib_probJ_opti_grid_j_agg": 0.2976889538562175, "is_probJ_opti_grid_j_agg": 0.02494433233039561, "fb2_probJ_opti_grid_j_agg": 0.14590211457275198, "fs_probJ_opti_grid_j_agg": 0.15074490996010936, "ibfb2_probJ_opti_grid_j_agg": 0.12974162280902246, "fbis2_probJ_opti_grid_j_agg": 0.018551156912888188, "none_probJ_opti_grid_j_agg": 0.2324269095586181, "period_dictkey": "ce0209", "data_model": "model", "level_0": 6, "P_jp_j.0.0": 0.37694260432839183, "P_jp_j.0.1": 0.019293624792682616, "P_jp_j.0.102": 0.1333211117483836, "P_jp_j.0.104": 0.12793965591811973, "P_jp_j.0.105": 0.014722316183870574, "P_jp_j.0.3": 0.1203246949916485, "P_jp_j.0.6": 0.20745599203690304, "P_jp_j.1.0": 0.1986185629537885, "P_jp_j.1.1": 0.03808106769009807, "P_jp_j.1.102": 0.15892721023647222, "P_jp_j.1.104": 0.1280132372301112, "P_jp_j.1.105": 0.027903602851620742, "P_jp_j.1.3": 0.19188357398745576, "P_jp_j.1.6": 0.2565727450504535, "P_jp_j.102.0": 0.27281273190758354, "P_jp_j.102.1": 0.025356598954086804, "P_jp_j.102.102": 0.15663107984807834, "P_jp_j.102.104": 0.1413347716051202, "P_jp_j.102.105": 0.018798107303489783, "P_jp_j.102.3": 0.1550587062631948, "P_jp_j.102.6": 0.2300080041184466, "P_jp_j.104.0": 0.3354128045070713, "P_jp_j.104.1": 0.02188821753834129, "P_jp_j.104.102": 0.1433639059319439, "P_jp_j.104.104": 0.13466845189215834, "P_jp_j.104.105": 0.016615296508725834, "P_jp_j.104.3": 0.13264311464744902, "P_jp_j.104.6": 0.21540820897431026, "P_jp_j.105.0": 0.24150363035860886, "P_jp_j.105.1": 0.03586246177015582, "P_jp_j.105.102": 0.15680174410155212, "P_jp_j.105.104": 0.13528540442286285, "P_jp_j.105.105": 0.0265429642991506, "P_jp_j.105.3": 0.17013656427450613, "P_jp_j.105.6": 0.23386723077316365, "P_jp_j.3.0": 0.20626794405387155, "P_jp_j.3.1": 0.029503129170127863, "P_jp_j.3.102": 0.1587713756161354, "P_jp_j.3.104": 0.12870685964253106, "P_jp_j.3.105": 0.02142269732538952, "P_jp_j.3.3": 0.1902623205766321, "P_jp_j.3.6": 0.26506567361531264, "P_jp_j.6.0": 0.24065256991729556, "P_jp_j.6.1": 0.028628324367501838, "P_jp_j.6.102": 0.1524564520975643, "P_jp_j.6.104": 0.12662817786821706, "P_jp_j.6.105": 0.02096018472726886, "P_jp_j.6.3": 0.17523962915787256, "P_jp_j.6.6": 0.2554346618642799, "btp_fb_opti_grid_allJ_agg": -0.4578023319111138, "btp_fb_opti_grid_allJ_agg_var": 0.7633862135090007, "btp_fs_opti_grid_allJ_agg": 0.14087952748638527, "btp_fs_opti_grid_allJ_agg_var": 0.2972631187775317, "btp_ib_opti_grid_allJ_agg": -0.6023735889469073, "btp_ib_opti_grid_allJ_agg_var": 1.0785328543294306, "btp_il_opti_grid_allJ_agg": 0.10412212041638892, "btp_il_opti_grid_allJ_agg_var": 0.4871734797087936, "btp_opti_grid_allJ_agg": -0.8151742729552471, "btp_opti_grid_allJ_agg_var": 2.4266013052024427, "cash_grid_centered_allJ_agg": 4.2699211743350025, "cash_grid_centered_allJ_agg_var": 8.88272853125192, "combo_desc": "Angeletos quickBNF_BORR_P-0.500;BNF_SAVE_P-0.300;BNI_BORR_P-0.100;BNI_LEND_P-2.000;R_FORMAL_BORR-1.054;R_FORMAL_SAVE-1.010;R_INFORM_BORR-1.094;R_INFORM_SAVE-1.094;kappa-0.642;kappa_ce0209-0.642;kappa_ce9901-0.638", "consumption_opti_grid_allJ_agg": 1.1284302158658726, "consumption_opti_grid_allJ_agg_var": 1.0491584548271982, "data_param.A": -0.03125, "data_param.Region": 0.0, "data_param.Region_set": "[0, 1]", "data_param.Year": 0.0, "data_param.Year_set": "[0, 1]", "data_param.len_A": 1.0, "data_param.mean_A": -0.03125, "data_param.std_A": 0.0, "dist_param.data__A.dist": "normal", "dist_param.data__A.integrate.method": "grid", "dist_param.data__A.integrate.params.points": 8.0, "dist_param.data__A.params.mu": -0.03125, "dist_param.data__A.params.sd": 0.25, "dist_param.dist_param_integrate_points.combo_desc_integrate_loop": "Productivity", "dist_param.dist_param_integrate_points.file_save_suffix_integrate_loop": "_A", "dist_param.dist_param_integrate_points.param_descs": "['A=-0.4147801360881366', 'A=-0.253036639754719', 'A=-0.15344410277866738', 'A=-0.07057767115254268', 'A=0.008077671152542674', 'A=0.09094410277866738', 'A=0.190536639754719', 'A=0.3522801360881366']", "dist_param.dist_param_integrate_points.param_names": "['A']", "dist_param.dist_param_integrate_points.param_save_suffixs": "['0', '1617', '2613', '3442', '4228', '5057', '6053', '7670']", "dist_param.dist_param_integrate_points.param_types": "['data_type']", "dist_param.dist_param_integrate_points.param_values.data_type_A": "[-0.4147801360881366, -0.253036639754719, -0.15344410277866738, -0.07057767115254268, 0.008077671152542674, 0.09094410277866738, 0.190536639754719, 0.3522801360881366]", "dist_param.dist_param_integrate_points.param_values_keys": "['data_type_A']", "dist_param.dist_param_integrate_points.param_weights": "[0.125, 0.125, 0.125, 0.125, 0.125, 0.125, 0.125, 0.125]", "dist_param.dist_param_integrate_points.title_integrate_loop": "Productivity Loop", "esti_obj.main_obj": 11.870269811393594, "esti_obj.subsets_main.agg_prob_for": 4.543180286967539, "esti_obj.subsets_main.agg_prob_inf": 5.619211133584983, "esti_obj.subsets_main.agg_prob_jnt": 0.05540420631653308, "esti_obj.subsets_main.agg_prob_none": 0.8916441248791442, "esti_obj.subsets_main.equi_BI": 0.24825452589281816, "esti_obj.subsets_main.mean_K": 0.5125755337525756, "esti_obj.subsets_other.agg_prob": 0.6632317268296681, "esti_obj.subsets_other.agg_prob_brr": 0.3460452164744431, "esti_obj.subsets_other.agg_prob_sav": 0.22275960079660687, "esti_obj.subsets_other.mean_KYC": 0.4230673132851656, "esti_param.BNF_BORR_P": 0.5, "esti_param.BNF_BORR_P_ce0209": 0.5, "esti_param.BNF_BORR_P_ce9901": 0.5, "esti_param.BNF_BORR_P_ne0209": 0.5, "esti_param.BNF_BORR_P_ne9901": 0.5, "esti_param.BNF_SAVE_P": 0.3, "esti_param.BNF_SAVE_P_ce0209": 0.3, "esti_param.BNF_SAVE_P_ce9901": 0.3, "esti_param.BNF_SAVE_P_ne0209": 0.3, "esti_param.BNF_SAVE_P_ne9901": 0.3, "esti_param.BNI_BORR_P": 0.1, "esti_param.BNI_BORR_P_ce0209": 0.1, "esti_param.BNI_BORR_P_ce9901": 0.1, "esti_param.BNI_BORR_P_ne0209": 0.1, "esti_param.BNI_BORR_P_ne9901": 0.1, "esti_param.BNI_LEND_P": 2.0, "esti_param.BNI_LEND_P_ce0209": 2.0, "esti_param.BNI_LEND_P_ce9901": 2.0, "esti_param.BNI_LEND_P_ne0209": 2.0, "esti_param.BNI_LEND_P_ne9901": 2.0, "esti_param.K_DEPRECIATION": 0.15, "esti_param.R_AVG_INT": 1.1, "esti_param.R_FORMAL_BORR": 1.054, "esti_param.R_FORMAL_BORR_ce0209": 1.054, "esti_param.R_FORMAL_BORR_ce9901": 1.061, "esti_param.R_FORMAL_BORR_ne0209": 1.061, "esti_param.R_FORMAL_BORR_ne9901": 1.148, "esti_param.R_FORMAL_SAVE": 1.01, "esti_param.R_FORMAL_SAVE_ce0209": 1.01, "esti_param.R_FORMAL_SAVE_ce9901": 1.011, "esti_param.R_FORMAL_SAVE_ne0209": 1.011, "esti_param.R_FORMAL_SAVE_ne9901": 1.033, "esti_param.R_INFORM": 1.1, "esti_param.R_INFORM_BORR": 1.094, "esti_param.R_INFORM_BORR_ce0209": 1.094, "esti_param.R_INFORM_BORR_ce9901": 1.139, "esti_param.R_INFORM_BORR_ne0209": 1.139, "esti_param.R_INFORM_BORR_ne9901": 1.2790000000000001, "esti_param.R_INFORM_SAVE": 1.094, "esti_param.R_INFORM_SAVE_ce0209": 1.094, "esti_param.R_INFORM_SAVE_ce9901": 1.139, "esti_param.R_INFORM_SAVE_ne0209": 1.139, "esti_param.R_INFORM_SAVE_ne9901": 1.2790000000000001, "esti_param.alpha_k": 0.36, "esti_param.beta": 0.96, "esti_param.c_min_bound": 0.001, "esti_param.kappa": 0.6419962599679584, "esti_param.kappa_ce0209": 0.6419962599679584, "esti_param.kappa_ce9901": 0.6378309119282631, "esti_param.kappa_ne0209": 0.25, "esti_param.kappa_ne9901": 0.25, "esti_param.logit_sd_scale": 1.0, "esti_param.rho": 1.0, "fb2_btp_fb_opti_grid_j_agg": -0.14638757912320385, "fb2_btp_fb_opti_grid_j_agg_ifj": -0.9044845223752468, "fb2_btp_fs_opti_grid_j_agg": 0.0, "fb2_btp_fs_opti_grid_j_agg_ifj": 0.0, "fb2_btp_ib_opti_grid_j_agg": 0.0, "fb2_btp_ib_opti_grid_j_agg_ifj": 0.0, "fb2_btp_il_opti_grid_j_agg": 0.0, "fb2_btp_il_opti_grid_j_agg_ifj": 0.0, "fb2_btp_opti_grid_j_agg": -0.14638757912320385, "fb2_btp_opti_grid_j_agg_ifj": -0.9044845223752468,