{"esti_obj.main_allperiods_obj": 19.628301559953023, "ktp_opti_grid_allJ_agg": 3.3512803423153867, "ktp_opti_grid_allJ_agg_var": 3.665671488279214, "ib_probJ_opti_grid_j_agg": 0.292714835390878, "is_probJ_opti_grid_j_agg": 0.025932817409033162, "fb2_probJ_opti_grid_j_agg": 0.14537777140874236, "fs_probJ_opti_grid_j_agg": 0.15164050282661956, "ibfb2_probJ_opti_grid_j_agg": 0.12808594598957862, "fbis2_probJ_opti_grid_j_agg": 0.01945992060439313, "none_probJ_opti_grid_j_agg": 0.2367882063707749, "period_dictkey": "ce9901", "data_model": "model", "level_0": 2, "P_jp_j.0.0": 0.354564337013284, "P_jp_j.0.1": 0.02094916121526789, "P_jp_j.0.102": 0.13543284212327927, "P_jp_j.0.104": 0.1275446973526807, "P_jp_j.0.105": 0.015912747777951645, "P_jp_j.0.3": 0.12632004215111306, "P_jp_j.0.6": 0.2192761723664236, "P_jp_j.1.0": 0.2088336563944424, "P_jp_j.1.1": 0.040132559911729336, "P_jp_j.1.102": 0.15585305355693418, "P_jp_j.1.104": 0.12428848416143735, "P_jp_j.1.105": 0.029899596558156438, "P_jp_j.1.3": 0.18912966814720264, "P_jp_j.1.6": 0.2518629812700976, "P_jp_j.102.0": 0.2744609394489145, "P_jp_j.102.1": 0.02595379531620249, "P_jp_j.102.102": 0.15503245122981316, "P_jp_j.102.104": 0.1390030289361426, "P_jp_j.102.105": 0.019456362167036924, "P_jp_j.102.3": 0.1544391841793144, "P_jp_j.102.6": 0.2316542387225759, "P_jp_j.104.0": 0.32883030189314444, "P_jp_j.104.1": 0.022645691396713432, "P_jp_j.104.102": 0.14264345092873815, "P_jp_j.104.104": 0.13315948221598387, "P_jp_j.104.105": 0.01738901956720399, "P_jp_j.104.3": 0.13297622979602394, "P_jp_j.104.6": 0.22235582420219208, "P_jp_j.105.0": 0.24226515307911986, "P_jp_j.105.1": 0.038290728316693376, "P_jp_j.105.102": 0.15468581506957652, "P_jp_j.105.104": 0.13165289128502855, "P_jp_j.105.105": 0.028809483637099623, "P_jp_j.105.3": 0.17035329722687653, "P_jp_j.105.6": 0.2339426313856056, "P_jp_j.3.0": 0.21812966770771472, "P_jp_j.3.1": 0.029986061229046762, "P_jp_j.3.102": 0.15570206107321527, "P_jp_j.3.104": 0.12522766605798927, "P_jp_j.3.105": 0.02201947834179769, "P_jp_j.3.3": 0.18710577740212364, "P_jp_j.3.6": 0.2618292881881127, "P_jp_j.6.0": 0.2515712585491369, "P_jp_j.6.1": 0.029032836342320595, "P_jp_j.6.102": 0.14920049287805054, "P_jp_j.6.104": 0.12354619587417705, "P_jp_j.6.105": 0.021527889410887683, "P_jp_j.6.3": 0.17120344077757213, "P_jp_j.6.6": 0.2539178861678551, "btp_fb_opti_grid_allJ_agg": -0.42230748630490106, "btp_fb_opti_grid_allJ_agg_var": 0.6832715938393997, "btp_fs_opti_grid_allJ_agg": 0.14118747056324682, "btp_fs_opti_grid_allJ_agg_var": 0.2975528486680128, "btp_ib_opti_grid_allJ_agg": -0.3610730471129628, "btp_ib_opti_grid_allJ_agg_var": 0.3680348539046385, "btp_il_opti_grid_allJ_agg": 0.1229875843118288, "btp_il_opti_grid_allJ_agg_var": 0.6071860407364533, "btp_opti_grid_allJ_agg": -0.5192054785427883, "btp_opti_grid_allJ_agg_var": 1.8781905848164808, "cash_grid_centered_allJ_agg": 4.333002481882733, "cash_grid_centered_allJ_agg_var": 8.704129367831177, "combo_desc": "Angeletos quickBNF_BORR_P-0.500;BNF_SAVE_P-0.300;BNI_BORR_P-0.100;BNI_LEND_P-2.000;R_FORMAL_BORR-1.061;R_FORMAL_SAVE-1.011;R_INFORM_BORR-1.139;R_INFORM_SAVE-1.139;kappa-0.638;kappa_ce0209-0.642;kappa_ce9901-0.638", "consumption_opti_grid_allJ_agg": 1.1246507714930367, "consumption_opti_grid_allJ_agg_var": 1.0352823734561, "data_param.A": -0.03125, "data_param.Region": 0.0, "data_param.Region_set": "[0, 1]", "data_param.Year": 0.0, "data_param.Year_set": "[0, 1]", "data_param.len_A": 1.0, "data_param.mean_A": -0.03125, "data_param.std_A": 0.0, "dist_param.data__A.dist": "normal", "dist_param.data__A.integrate.method": "grid", "dist_param.data__A.integrate.params.points": 8.0, "dist_param.data__A.params.mu": -0.03125, "dist_param.data__A.params.sd": 0.25, "dist_param.dist_param_integrate_points.combo_desc_integrate_loop": "Productivity", "dist_param.dist_param_integrate_points.file_save_suffix_integrate_loop": "_A", "dist_param.dist_param_integrate_points.param_descs": "['A=-0.4147801360881366', 'A=-0.253036639754719', 'A=-0.15344410277866738', 'A=-0.07057767115254268', 'A=0.008077671152542674', 'A=0.09094410277866738', 'A=0.190536639754719', 'A=0.3522801360881366']", "dist_param.dist_param_integrate_points.param_names": "['A']", "dist_param.dist_param_integrate_points.param_save_suffixs": "['0', '1617', '2613', '3442', '4228', '5057', '6053', '7670']", "dist_param.dist_param_integrate_points.param_types": "['data_type']", "dist_param.dist_param_integrate_points.param_values.data_type_A": "[-0.4147801360881366, -0.253036639754719, -0.15344410277866738, -0.07057767115254268, 0.008077671152542674, 0.09094410277866738, 0.190536639754719, 0.3522801360881366]", "dist_param.dist_param_integrate_points.param_values_keys": "['data_type_A']", "dist_param.dist_param_integrate_points.param_weights": "[0.125, 0.125, 0.125, 0.125, 0.125, 0.125, 0.125, 0.125]", "dist_param.dist_param_integrate_points.title_integrate_loop": "Productivity Loop", "esti_obj.main_obj": 7.758031748559429, "esti_obj.subsets_main.agg_prob_for": 2.68577951155516, "esti_obj.subsets_main.agg_prob_inf": 4.030298712021552, "esti_obj.subsets_main.agg_prob_jnt": 0.6103466170467308, "esti_obj.subsets_main.agg_prob_none": 0.3625460092048396, "esti_obj.subsets_main.equi_BI": 0.056684687597230166, "esti_obj.subsets_main.mean_K": 0.01237621113391738, "esti_obj.subsets_other.agg_prob": 0.5635214039696798, "esti_obj.subsets_other.agg_prob_brr": 0.3484230099717143, "esti_obj.subsets_other.agg_prob_sav": 0.15488660036874038, "esti_obj.subsets_other.mean_KYC": 0.1667696171484683, "esti_param.BNF_BORR_P": 0.5, "esti_param.BNF_BORR_P_ce0209": 0.5, "esti_param.BNF_BORR_P_ce9901": 0.5, "esti_param.BNF_BORR_P_ne0209": 0.5, "esti_param.BNF_BORR_P_ne9901": 0.5, "esti_param.BNF_SAVE_P": 0.3, "esti_param.BNF_SAVE_P_ce0209": 0.3, "esti_param.BNF_SAVE_P_ce9901": 0.3, "esti_param.BNF_SAVE_P_ne0209": 0.3, "esti_param.BNF_SAVE_P_ne9901": 0.3, "esti_param.BNI_BORR_P": 0.1, "esti_param.BNI_BORR_P_ce0209": 0.1, "esti_param.BNI_BORR_P_ce9901": 0.1, "esti_param.BNI_BORR_P_ne0209": 0.1, "esti_param.BNI_BORR_P_ne9901": 0.1, "esti_param.BNI_LEND_P": 2.0, "esti_param.BNI_LEND_P_ce0209": 2.0, "esti_param.BNI_LEND_P_ce9901": 2.0, "esti_param.BNI_LEND_P_ne0209": 2.0, "esti_param.BNI_LEND_P_ne9901": 2.0, "esti_param.K_DEPRECIATION": 0.15, "esti_param.R_AVG_INT": 1.1, "esti_param.R_FORMAL_BORR": 1.061, "esti_param.R_FORMAL_BORR_ce0209": 1.054, "esti_param.R_FORMAL_BORR_ce9901": 1.061, "esti_param.R_FORMAL_BORR_ne0209": 1.061, "esti_param.R_FORMAL_BORR_ne9901": 1.148, "esti_param.R_FORMAL_SAVE": 1.011, "esti_param.R_FORMAL_SAVE_ce0209": 1.01, "esti_param.R_FORMAL_SAVE_ce9901": 1.011, "esti_param.R_FORMAL_SAVE_ne0209": 1.011, "esti_param.R_FORMAL_SAVE_ne9901": 1.033, "esti_param.R_INFORM": 1.1, "esti_param.R_INFORM_BORR": 1.139, "esti_param.R_INFORM_BORR_ce0209": 1.094, "esti_param.R_INFORM_BORR_ce9901": 1.139, "esti_param.R_INFORM_BORR_ne0209": 1.139, "esti_param.R_INFORM_BORR_ne9901": 1.2790000000000001, "esti_param.R_INFORM_SAVE": 1.139, "esti_param.R_INFORM_SAVE_ce0209": 1.094, "esti_param.R_INFORM_SAVE_ce9901": 1.139, "esti_param.R_INFORM_SAVE_ne0209": 1.139, "esti_param.R_INFORM_SAVE_ne9901": 1.2790000000000001, "esti_param.alpha_k": 0.36, "esti_param.beta": 0.96, "esti_param.c_min_bound": 0.001, "esti_param.kappa": 0.6378309119282631, "esti_param.kappa_ce0209": 0.6419962599679584, "esti_param.kappa_ce9901": 0.6378309119282631, "esti_param.kappa_ne0209": 0.25, "esti_param.kappa_ne9901": 0.25, "esti_param.logit_sd_scale": 1.0, "esti_param.rho": 1.0, "fb2_btp_fb_opti_grid_j_agg": -0.1272849250934993, "fb2_btp_fb_opti_grid_j_agg_ifj": -0.7879675403955383, "fb2_btp_fs_opti_grid_j_agg": 0.0, "fb2_btp_fs_opti_grid_j_agg_ifj": 0.0, "fb2_btp_ib_opti_grid_j_agg": 0.0, "fb2_btp_ib_opti_grid_j_agg_ifj": 0.0, "fb2_btp_il_opti_grid_j_agg": 0.0, "fb2_btp_il_opti_grid_j_agg_ifj": 0.0, "fb2_btp_opti_grid_j_agg": -0.1272849250934993, "fb2_btp_opti_grid_j_agg_ifj": -0.7879675403955383,