{"esti_obj.main_allperiods_obj": 19.62631298631186, "ktp_opti_grid_allJ_agg": 3.3515850604208435, "ktp_opti_grid_allJ_agg_var": 3.666094143316611, "ib_probJ_opti_grid_j_agg": 0.2927048990905991, "is_probJ_opti_grid_j_agg": 0.02593398834892548, "fb2_probJ_opti_grid_j_agg": 0.14538587217645554, "fs_probJ_opti_grid_j_agg": 0.15164136784603335, "ibfb2_probJ_opti_grid_j_agg": 0.12808358345252735, "fbis2_probJ_opti_grid_j_agg": 0.019463126522195992, "none_probJ_opti_grid_j_agg": 0.23678716256326005, "period_dictkey": "ce9901", "data_model": "model", "level_0": 0, "P_jp_j.0.0": 0.3545451315883936, "P_jp_j.0.1": 0.02095028265607186, "P_jp_j.0.102": 0.135449947540832, "P_jp_j.0.104": 0.12754040908377334, "P_jp_j.0.105": 0.015915625639388822, "P_jp_j.0.3": 0.12632225582866008, "P_jp_j.0.6": 0.21927634766288034, "P_jp_j.1.0": 0.20883435240338055, "P_jp_j.1.1": 0.040133937556942084, "P_jp_j.1.102": 0.15584385190522285, "P_jp_j.1.104": 0.12429098144045984, "P_jp_j.1.105": 0.02990351652758437, "P_jp_j.1.3": 0.1891298557237307, "P_jp_j.1.6": 0.25186350444267963, "P_jp_j.102.0": 0.2744749804473803, "P_jp_j.102.1": 0.02595318897305644, "P_jp_j.102.102": 0.15503757043181693, "P_jp_j.102.104": 0.13899405289468136, "P_jp_j.102.105": 0.0194579950425441, "P_jp_j.102.3": 0.15443263948275934, "P_jp_j.102.6": 0.23164957272776154, "P_jp_j.104.0": 0.3288038827219961, "P_jp_j.104.1": 0.022646902395139945, "P_jp_j.104.102": 0.14266243094648018, "P_jp_j.104.104": 0.13315808788194686, "P_jp_j.104.105": 0.0173921241256904, "P_jp_j.104.3": 0.13298030186043458, "P_jp_j.104.6": 0.222356270068312, "P_jp_j.105.0": 0.24226729080637546, "P_jp_j.105.1": 0.038299505985616385, "P_jp_j.105.102": 0.15468428178341576, "P_jp_j.105.104": 0.13165575456760736, "P_jp_j.105.105": 0.02882017853703168, "P_jp_j.105.3": 0.17034275297025495, "P_jp_j.105.6": 0.2339302353496983, "P_jp_j.3.0": 0.21812791216354285, "P_jp_j.3.1": 0.029986580546196594, "P_jp_j.3.102": 0.15569708938796667, "P_jp_j.3.104": 0.1252289367335351, "P_jp_j.3.105": 0.02202233730555773, "P_jp_j.3.3": 0.18710735067536413, "P_jp_j.3.6": 0.261829793187837, "P_jp_j.6.0": 0.25156722463468995, "P_jp_j.6.1": 0.029034029247421024, "P_jp_j.6.102": 0.14920002828549062, "P_jp_j.6.104": 0.12354623484962715, "P_jp_j.6.105": 0.021531371542134428, "P_jp_j.6.3": 0.17120415594350924, "P_jp_j.6.6": 0.2539169554971277, "btp_fb_opti_grid_allJ_agg": -0.4225890761776832, "btp_fb_opti_grid_allJ_agg_var": 0.6838471034987378, "btp_fs_opti_grid_allJ_agg": 0.14119439983634413, "btp_fs_opti_grid_allJ_agg_var": 0.297571480702152, "btp_ib_opti_grid_allJ_agg": -0.3610423489281384, "btp_ib_opti_grid_allJ_agg_var": 0.3680262115061349, "btp_il_opti_grid_allJ_agg": 0.12298061759918626, "btp_il_opti_grid_allJ_agg_var": 0.6071592098181737, "btp_opti_grid_allJ_agg": -0.5194564076702912, "btp_opti_grid_allJ_agg_var": 1.8783141446731435, "cash_grid_centered_allJ_agg": 4.333072739771402, "cash_grid_centered_allJ_agg_var": 8.704319238655305, "combo_desc": "Angeletos quickBNF_BORR_P-0.500;BNF_SAVE_P-0.300;BNI_BORR_P-0.100;BNI_LEND_P-2.000;R_FORMAL_BORR-1.061;R_FORMAL_SAVE-1.011;R_INFORM_BORR-1.139;R_INFORM_SAVE-1.139;kappa-0.638;kappa_ce0209-0.643;kappa_ce9901-0.638", "consumption_opti_grid_allJ_agg": 1.1246418228477597, "consumption_opti_grid_allJ_agg_var": 1.0354048362737955, "data_param.A": -0.03125, "data_param.Region": 0.0, "data_param.Region_set": "[0, 1]", "data_param.Year": 0.0, "data_param.Year_set": "[0, 1]", "data_param.len_A": 1.0, "data_param.mean_A": -0.03125, "data_param.std_A": 0.0, "dist_param.data__A.dist": "normal", "dist_param.data__A.integrate.method": "grid", "dist_param.data__A.integrate.params.points": 8.0, "dist_param.data__A.params.mu": -0.03125, "dist_param.data__A.params.sd": 0.25, "dist_param.dist_param_integrate_points.combo_desc_integrate_loop": "Productivity", "dist_param.dist_param_integrate_points.file_save_suffix_integrate_loop": "_A", "dist_param.dist_param_integrate_points.param_descs": "['A=-0.4147801360881366', 'A=-0.253036639754719', 'A=-0.15344410277866738', 'A=-0.07057767115254268', 'A=0.008077671152542674', 'A=0.09094410277866738', 'A=0.190536639754719', 'A=0.3522801360881366']", "dist_param.dist_param_integrate_points.param_names": "['A']", "dist_param.dist_param_integrate_points.param_save_suffixs": "['0', '1617', '2613', '3442', '4228', '5057', '6053', '7670']", "dist_param.dist_param_integrate_points.param_types": "['data_type']", "dist_param.dist_param_integrate_points.param_values.data_type_A": "[-0.4147801360881366, -0.253036639754719, -0.15344410277866738, -0.07057767115254268, 0.008077671152542674, 0.09094410277866738, 0.190536639754719, 0.3522801360881366]", "dist_param.dist_param_integrate_points.param_values_keys": "['data_type_A']", "dist_param.dist_param_integrate_points.param_weights": "[0.125, 0.125, 0.125, 0.125, 0.125, 0.125, 0.125, 0.125]", "dist_param.dist_param_integrate_points.title_integrate_loop": "Productivity Loop", "esti_obj.main_obj": 7.757527319344274, "esti_obj.subsets_main.agg_prob_for": 2.6856410527228767, "esti_obj.subsets_main.agg_prob_inf": 4.0298988969714244, "esti_obj.subsets_main.agg_prob_jnt": 0.6103112997052148, "esti_obj.subsets_main.agg_prob_none": 0.3625585792183271, "esti_obj.subsets_main.equi_BI": 0.056673387923338175, "esti_obj.subsets_main.mean_K": 0.012444102803093009, "esti_obj.subsets_other.agg_prob": 0.5635032181306479, "esti_obj.subsets_other.agg_prob_brr": 0.3484026103666709, "esti_obj.subsets_other.agg_prob_sav": 0.15488777032723716, "esti_obj.subsets_other.mean_KYC": 0.16699785845995413, "esti_param.BNF_BORR_P": 0.5, "esti_param.BNF_BORR_P_ce0209": 0.5, "esti_param.BNF_BORR_P_ce9901": 0.5, "esti_param.BNF_BORR_P_ne0209": 0.5, "esti_param.BNF_BORR_P_ne9901": 0.5, "esti_param.BNF_SAVE_P": 0.3, "esti_param.BNF_SAVE_P_ce0209": 0.3, "esti_param.BNF_SAVE_P_ce9901": 0.3, "esti_param.BNF_SAVE_P_ne0209": 0.3, "esti_param.BNF_SAVE_P_ne9901": 0.3, "esti_param.BNI_BORR_P": 0.1, "esti_param.BNI_BORR_P_ce0209": 0.1, "esti_param.BNI_BORR_P_ce9901": 0.1, "esti_param.BNI_BORR_P_ne0209": 0.1, "esti_param.BNI_BORR_P_ne9901": 0.1, "esti_param.BNI_LEND_P": 2.0, "esti_param.BNI_LEND_P_ce0209": 2.0, "esti_param.BNI_LEND_P_ce9901": 2.0, "esti_param.BNI_LEND_P_ne0209": 2.0, "esti_param.BNI_LEND_P_ne9901": 2.0, "esti_param.K_DEPRECIATION": 0.15, "esti_param.R_AVG_INT": 1.1, "esti_param.R_FORMAL_BORR": 1.061, "esti_param.R_FORMAL_BORR_ce0209": 1.054, "esti_param.R_FORMAL_BORR_ce9901": 1.061, "esti_param.R_FORMAL_BORR_ne0209": 1.061, "esti_param.R_FORMAL_BORR_ne9901": 1.148, "esti_param.R_FORMAL_SAVE": 1.011, "esti_param.R_FORMAL_SAVE_ce0209": 1.01, "esti_param.R_FORMAL_SAVE_ce9901": 1.011, "esti_param.R_FORMAL_SAVE_ne0209": 1.011, "esti_param.R_FORMAL_SAVE_ne9901": 1.033, "esti_param.R_INFORM": 1.1, "esti_param.R_INFORM_BORR": 1.139, "esti_param.R_INFORM_BORR_ce0209": 1.094, "esti_param.R_INFORM_BORR_ce9901": 1.139, "esti_param.R_INFORM_BORR_ne0209": 1.139, "esti_param.R_INFORM_BORR_ne9901": 1.2790000000000001, "esti_param.R_INFORM_SAVE": 1.139, "esti_param.R_INFORM_SAVE_ce0209": 1.094, "esti_param.R_INFORM_SAVE_ce9901": 1.139, "esti_param.R_INFORM_SAVE_ne0209": 1.139, "esti_param.R_INFORM_SAVE_ne9901": 1.2790000000000001, "esti_param.alpha_k": 0.36, "esti_param.beta": 0.96, "esti_param.c_min_bound": 0.001, "esti_param.kappa": 0.6379831310546311, "esti_param.kappa_ce0209": 0.6425750432176722, "esti_param.kappa_ce9901": 0.6379831310546311, "esti_param.kappa_ne0209": 0.25, "esti_param.kappa_ne9901": 0.25, "esti_param.logit_sd_scale": 1.0, "esti_param.rho": 1.0, "fb2_btp_fb_opti_grid_j_agg": -0.12746149301503168, "fb2_btp_fb_opti_grid_j_agg_ifj": -0.7889894529112711, "fb2_btp_fs_opti_grid_j_agg": 0.0, "fb2_btp_fs_opti_grid_j_agg_ifj": 0.0, "fb2_btp_ib_opti_grid_j_agg": 0.0, "fb2_btp_ib_opti_grid_j_agg_ifj": 0.0, "fb2_btp_il_opti_grid_j_agg": 0.0, "fb2_btp_il_opti_grid_j_agg_ifj": 0.0, "fb2_btp_opti_grid_j_agg": -0.12746149301503168, "fb2_btp_opti_grid_j_agg_ifj": -0.7889894529112711,