{"esti_obj.main_allperiods_obj": 23.02204089439203, "ktp_opti_grid_allJ_agg": 3.3796890264306705, "ktp_opti_grid_allJ_agg_var": 3.6700469613027584, "ib_probJ_opti_grid_j_agg": 0.29666552134826263, "is_probJ_opti_grid_j_agg": 0.02570581078911701, "fb2_probJ_opti_grid_j_agg": 0.1457332249954655, "fs_probJ_opti_grid_j_agg": 0.14930355556545566, "ibfb2_probJ_opti_grid_j_agg": 0.12761029895312315, "fbis2_probJ_opti_grid_j_agg": 0.01976392879013474, "none_probJ_opti_grid_j_agg": 0.23521765955844495, "period_dictkey": "ne0209", "data_model": "model", "level_0": 7, "P_jp_j.0.0": 0.356048362317553, "P_jp_j.0.1": 0.02064150260192308, "P_jp_j.0.102": 0.13944745484682042, "P_jp_j.0.104": 0.12603446750761388, "P_jp_j.0.105": 0.016070466865853644, "P_jp_j.0.3": 0.12430682270931215, "P_jp_j.0.6": 0.2174509231509238, "P_jp_j.1.0": 0.20983793266071568, "P_jp_j.1.1": 0.040433966506575145, "P_jp_j.1.102": 0.15053784836433515, "P_jp_j.1.104": 0.12507826853493836, "P_jp_j.1.105": 0.030560050046225563, "P_jp_j.1.3": 0.19034507679757146, "P_jp_j.1.6": 0.25320685708963864, "P_jp_j.102.0": 0.29177651865431786, "P_jp_j.102.1": 0.02503374123429172, "P_jp_j.102.102": 0.15535599778674106, "P_jp_j.102.104": 0.13786865458158656, "P_jp_j.102.105": 0.01943983885924279, "P_jp_j.102.3": 0.14478852452348487, "P_jp_j.102.6": 0.2257367243603351, "P_jp_j.104.0": 0.3265214108302472, "P_jp_j.104.1": 0.022586934927451525, "P_jp_j.104.102": 0.1474670783587975, "P_jp_j.104.104": 0.13236270627440214, "P_jp_j.104.105": 0.017750022258596558, "P_jp_j.104.3": 0.13222465086937754, "P_jp_j.104.6": 0.22108719648112754, "P_jp_j.105.0": 0.24640878664109805, "P_jp_j.105.1": 0.03797328687631625, "P_jp_j.105.102": 0.1524396538949128, "P_jp_j.105.104": 0.1307173737146202, "P_jp_j.105.105": 0.0289615960637861, "P_jp_j.105.3": 0.16941933751584254, "P_jp_j.105.6": 0.23407996529342426, "P_jp_j.3.0": 0.21912381266017125, "P_jp_j.3.1": 0.030191898232110805, "P_jp_j.3.102": 0.15099005279357436, "P_jp_j.3.104": 0.12622606969246672, "P_jp_j.3.105": 0.02267024312462659, "P_jp_j.3.3": 0.187953987577492, "P_jp_j.3.6": 0.2628439359195582, "P_jp_j.6.0": 0.2544225483674046, "P_jp_j.6.1": 0.029048687907663663, "P_jp_j.6.102": 0.14595303469180446, "P_jp_j.6.104": 0.12388779286501785, "P_jp_j.6.105": 0.02202877536322, "P_jp_j.6.3": 0.17063358222556174, "P_jp_j.6.6": 0.2540255785793278, "btp_fb_opti_grid_allJ_agg": -0.5165077377173071, "btp_fb_opti_grid_allJ_agg_var": 0.8562596395152656, "btp_fs_opti_grid_allJ_agg": 0.13783612059699005, "btp_fs_opti_grid_allJ_agg_var": 0.2919631205615225, "btp_ib_opti_grid_allJ_agg": -0.3562971436046395, "btp_ib_opti_grid_allJ_agg_var": 0.3671328023696363, "btp_il_opti_grid_allJ_agg": 0.12507515992726187, "btp_il_opti_grid_allJ_agg_var": 0.6250215682765811, "btp_opti_grid_allJ_agg": -0.6098936007976946, "btp_opti_grid_allJ_agg_var": 1.9817835597918552, "cash_grid_centered_allJ_agg": 4.269840981622263, "cash_grid_centered_allJ_agg_var": 8.84062732147553, "combo_desc": "Angeletos quickBNF_BORR_P-0.500;BNF_SAVE_P-0.300;BNI_BORR_P-0.100;BNI_LEND_P-2.000;R_FORMAL_BORR-1.061;R_FORMAL_SAVE-1.011;R_INFORM_BORR-1.139;R_INFORM_SAVE-1.139;kappa-0.700;kappa_ne0209-0.700;kappa_ne9901-0.700", "consumption_opti_grid_allJ_agg": 1.1193205579308745, "consumption_opti_grid_allJ_agg_var": 1.0335622435844187, "data_param.A": -0.03125, "data_param.Region": 0.0, "data_param.Region_set": "[0, 1]", "data_param.Year": 0.0, "data_param.Year_set": "[0, 1]", "data_param.len_A": 1.0, "data_param.mean_A": -0.03125, "data_param.std_A": 0.0, "dist_param.data__A.dist": "normal", "dist_param.data__A.integrate.method": "grid", "dist_param.data__A.integrate.params.points": 8.0, "dist_param.data__A.params.mu": -0.03125, "dist_param.data__A.params.sd": 0.25, "dist_param.dist_param_integrate_points.combo_desc_integrate_loop": "Productivity", "dist_param.dist_param_integrate_points.file_save_suffix_integrate_loop": "_A", "dist_param.dist_param_integrate_points.param_descs": "['A=-0.4147801360881366', 'A=-0.253036639754719', 'A=-0.15344410277866738', 'A=-0.07057767115254268', 'A=0.008077671152542674', 'A=0.09094410277866738', 'A=0.190536639754719', 'A=0.3522801360881366']", "dist_param.dist_param_integrate_points.param_names": "['A']", "dist_param.dist_param_integrate_points.param_save_suffixs": "['0', '1617', '2613', '3442', '4228', '5057', '6053', '7670']", "dist_param.dist_param_integrate_points.param_types": "['data_type']", "dist_param.dist_param_integrate_points.param_values.data_type_A": "[-0.4147801360881366, -0.253036639754719, -0.15344410277866738, -0.07057767115254268, 0.008077671152542674, 0.09094410277866738, 0.190536639754719, 0.3522801360881366]", "dist_param.dist_param_integrate_points.param_values_keys": "['data_type_A']", "dist_param.dist_param_integrate_points.param_weights": "[0.125, 0.125, 0.125, 0.125, 0.125, 0.125, 0.125, 0.125]", "dist_param.dist_param_integrate_points.title_integrate_loop": "Productivity Loop", "esti_obj.main_obj": 17.019611325097255, "esti_obj.subsets_main.agg_prob_for": 2.089945851636849, "esti_obj.subsets_main.agg_prob_inf": 5.5610526160644325, "esti_obj.subsets_main.agg_prob_jnt": 4.235413406933592, "esti_obj.subsets_main.agg_prob_none": 3.2118969497606678, "esti_obj.subsets_main.equi_BI": 0.05346360573570148, "esti_obj.subsets_main.mean_K": 1.8678388949660143, "esti_obj.subsets_other.agg_prob": 0.8463734729443229, "esti_obj.subsets_other.agg_prob_brr": 0.5763219973996739, "esti_obj.subsets_other.agg_prob_sav": 0.09083381598620392, "esti_obj.subsets_other.mean_KYC": 0.584527378834959, "esti_param.BNF_BORR_P": 0.5, "esti_param.BNF_BORR_P_ce0209": 0.5, "esti_param.BNF_BORR_P_ce9901": 0.5, "esti_param.BNF_BORR_P_ne0209": 0.5, "esti_param.BNF_BORR_P_ne9901": 0.5, "esti_param.BNF_SAVE_P": 0.3, "esti_param.BNF_SAVE_P_ce0209": 0.3, "esti_param.BNF_SAVE_P_ce9901": 0.3, "esti_param.BNF_SAVE_P_ne0209": 0.3, "esti_param.BNF_SAVE_P_ne9901": 0.3, "esti_param.BNI_BORR_P": 0.1, "esti_param.BNI_BORR_P_ce0209": 0.1, "esti_param.BNI_BORR_P_ce9901": 0.1, "esti_param.BNI_BORR_P_ne0209": 0.1, "esti_param.BNI_BORR_P_ne9901": 0.1, "esti_param.BNI_LEND_P": 2.0, "esti_param.BNI_LEND_P_ce0209": 2.0, "esti_param.BNI_LEND_P_ce9901": 2.0, "esti_param.BNI_LEND_P_ne0209": 2.0, "esti_param.BNI_LEND_P_ne9901": 2.0, "esti_param.K_DEPRECIATION": 0.15, "esti_param.R_AVG_INT": 1.1, "esti_param.R_FORMAL_BORR": 1.061, "esti_param.R_FORMAL_BORR_ce0209": 1.054, "esti_param.R_FORMAL_BORR_ce9901": 1.061, "esti_param.R_FORMAL_BORR_ne0209": 1.061, "esti_param.R_FORMAL_BORR_ne9901": 1.148, "esti_param.R_FORMAL_SAVE": 1.011, "esti_param.R_FORMAL_SAVE_ce0209": 1.01, "esti_param.R_FORMAL_SAVE_ce9901": 1.011, "esti_param.R_FORMAL_SAVE_ne0209": 1.011, "esti_param.R_FORMAL_SAVE_ne9901": 1.033, "esti_param.R_INFORM": 1.1, "esti_param.R_INFORM_BORR": 1.139, "esti_param.R_INFORM_BORR_ce0209": 1.094, "esti_param.R_INFORM_BORR_ce9901": 1.139, "esti_param.R_INFORM_BORR_ne0209": 1.139, "esti_param.R_INFORM_BORR_ne9901": 1.2790000000000001, "esti_param.R_INFORM_SAVE": 1.139, "esti_param.R_INFORM_SAVE_ce0209": 1.094, "esti_param.R_INFORM_SAVE_ce9901": 1.139, "esti_param.R_INFORM_SAVE_ne0209": 1.139, "esti_param.R_INFORM_SAVE_ne9901": 1.2790000000000001, "esti_param.alpha_k": 0.36, "esti_param.beta": 0.96, "esti_param.c_min_bound": 0.001, "esti_param.kappa": 0.7, "esti_param.kappa_ce0209": 0.25, "esti_param.kappa_ce9901": 0.25, "esti_param.kappa_ne0209": 0.7, "esti_param.kappa_ne9901": 0.6999999999999998, "esti_param.logit_sd_scale": 1.0, "esti_param.rho": 1.0, "fb2_btp_fb_opti_grid_j_agg": -0.20801838387819765, "fb2_btp_fb_opti_grid_j_agg_ifj": -1.2884960804141752, "fb2_btp_fs_opti_grid_j_agg": 0.0, "fb2_btp_fs_opti_grid_j_agg_ifj": 0.0, "fb2_btp_ib_opti_grid_j_agg": 0.0, "fb2_btp_ib_opti_grid_j_agg_ifj": 0.0, "fb2_btp_il_opti_grid_j_agg": 0.0, "fb2_btp_il_opti_grid_j_agg_ifj": 0.0, "fb2_btp_opti_grid_j_agg": -0.20801838387819765, "fb2_btp_opti_grid_j_agg_ifj": -1.2884960804141752, "fb2_consumption_opti_grid_j_agg": 0.17138017830510696,