{"esti_obj.main_allperiods_obj": 15.818591004591774, "ktp_opti_grid_allJ_agg": 3.5646510947756394, "ib_probJ_opti_grid_j_agg": 0.27140756352739526, "is_probJ_opti_grid_j_agg": 0.02216836673117926, "fb2_probJ_opti_grid_j_agg": 0.16313599082997868, "fs_probJ_opti_grid_j_agg": 0.1607743689249259, "ibfb2_probJ_opti_grid_j_agg": 0.1333152859984993, "fbis2_probJ_opti_grid_j_agg": 0.016631411148508267, "none_probJ_opti_grid_j_agg": 0.23256701283957554, "period_dictkey": "ce0209", "data_model": "model", "level_0": 21, "btp_fb_opti_grid_allJ_agg": -0.4211612006055161, "btp_fs_opti_grid_allJ_agg": 0.15285851085361193, "btp_ib_opti_grid_allJ_agg": -0.6004676184018715, "btp_il_opti_grid_allJ_agg": 0.08988686584690839, "consumption_opti_grid_allJ_agg": 1.0570522555821562, "esti_obj.main_obj": 9.271612363246664, "esti_obj.subsets_main.agg_prob_for": 3.870081003877794, "esti_obj.subsets_main.agg_prob_inf": 4.45219834014933, "esti_obj.subsets_main.agg_prob_jnt": 0.055041027479496046, "esti_obj.subsets_main.agg_prob_none": 0.8942919917400443, "esti_obj.subsets_other.agg_prob": 0.6109491527338795, "esti_obj.subsets_other.agg_prob_brr": 0.2989562866989173, "esti_obj.subsets_other.agg_prob_sav": 0.2174258531953866, "esti_obj.subsets_other.mean_KYC": 0.42467110501079564, "esti_obj.subsets_other.mean_fbfs": 0.0, "esti_obj.subsets_other.mean_ibil": 0.0, "esti_param.kappa_ce0209": 0.6851430601327533, "esti_param.kappa_ce9901": 0.11568020306394913, "index": 21.0, "model_option.choice_names_use": "['ib', 'is', 'fb2', 'fs', 'ibfb2', 'fbis2', 'none']", "model_option.choice_set_list": "[0, 1, 102, 3, 104, 105, 6]", "predict": 1.0, "support_arg.param_combo_list_ctr_str": "_c6168", "y_opti_grid_allJ_agg": 2.000180619936809}