{"esti_obj.main_allperiods_obj": 15.957237080030229, "ktp_opti_grid_allJ_agg": 3.5673941660341493, "ib_probJ_opti_grid_j_agg": 0.27047481714982785, "is_probJ_opti_grid_j_agg": 0.02216462013143212, "fb2_probJ_opti_grid_j_agg": 0.1650861681037117, "fs_probJ_opti_grid_j_agg": 0.16052848913753565, "ibfb2_probJ_opti_grid_j_agg": 0.13295869594731283, "fbis2_probJ_opti_grid_j_agg": 0.016738224866343326, "none_probJ_opti_grid_j_agg": 0.23204898466390644, "period_dictkey": "ce0209", "data_model": "model", "level_0": 27, "btp_fb_opti_grid_allJ_agg": -0.4232857636501375, "btp_fs_opti_grid_allJ_agg": 0.15279137035758766, "btp_ib_opti_grid_allJ_agg": -0.6025071662193051, "btp_il_opti_grid_allJ_agg": 0.09000493782306268, "consumption_opti_grid_allJ_agg": 1.0562880118998639, "esti_obj.main_obj": 9.201426443071115, "esti_obj.subsets_main.agg_prob_for": 3.8485703769951094, "esti_obj.subsets_main.agg_prob_inf": 4.4130458275535664, "esti_obj.subsets_main.agg_prob_jnt": 0.05528908689126929, "esti_obj.subsets_main.agg_prob_none": 0.8845211516311707, "esti_obj.subsets_other.agg_prob": 0.6080476036273986, "esti_obj.subsets_other.agg_prob_brr": 0.2964299530988033, "esti_obj.subsets_other.agg_prob_sav": 0.21756866586468893, "esti_obj.subsets_other.mean_KYC": 0.423862925503591, "esti_obj.subsets_other.mean_fbfs": 0.0, "esti_obj.subsets_other.mean_ibil": 0.0, "esti_param.kappa_ce0209": 0.6949866970360482, "esti_param.kappa_ce9901": 0.15691154111982036, "index": 27.0, "model_option.choice_names_use": "['ib', 'is', 'fb2', 'fs', 'ibfb2', 'fbis2', 'none']", "model_option.choice_set_list": "[0, 1, 102, 3, 104, 105, 6]", "predict": 1.0, "support_arg.param_combo_list_ctr_str": "_c3747", "y_opti_grid_allJ_agg": 2.0011132058980663}