{"esti_obj.main_allperiods_obj": 16.03255305053421, "ktp_opti_grid_allJ_agg": 3.552572037502036, "ib_probJ_opti_grid_j_agg": 0.2749284645651271, "is_probJ_opti_grid_j_agg": 0.022177762208058116, "fb2_probJ_opti_grid_j_agg": 0.1560255555574782, "fs_probJ_opti_grid_j_agg": 0.1616691840003631, "ibfb2_probJ_opti_grid_j_agg": 0.1345323407968475, "fbis2_probJ_opti_grid_j_agg": 0.01621616418949066, "none_probJ_opti_grid_j_agg": 0.23445052868267033, "period_dictkey": "ce0209", "data_model": "model", "level_0": 35, "btp_fb_opti_grid_allJ_agg": -0.40902299614991056, "btp_fs_opti_grid_allJ_agg": 0.15315097385573345, "btp_ib_opti_grid_allJ_agg": -0.5953566293178502, "btp_il_opti_grid_allJ_agg": 0.08918097978824374, "consumption_opti_grid_allJ_agg": 1.059772152334384, "esti_obj.main_obj": 9.541581906240005, "esti_obj.subsets_main.agg_prob_for": 3.9551146664295906, "esti_obj.subsets_main.agg_prob_inf": 4.60157311599376, "esti_obj.subsets_main.agg_prob_jnt": 0.0546236754999962, "esti_obj.subsets_main.agg_prob_none": 0.9302704483166611, "esti_obj.subsets_other.agg_prob": 0.6217579864955599, "esti_obj.subsets_other.agg_prob_brr": 0.30837056821080133, "esti_obj.subsets_other.agg_prob_sav": 0.21693688960208815, "esti_obj.subsets_other.mean_KYC": 0.4282117604053992, "esti_obj.subsets_other.mean_fbfs": 0.0, "esti_obj.subsets_other.mean_ibil": 0.0, "esti_param.kappa_ce0209": 0.6436161753630191, "esti_param.kappa_ce9901": 0.10623109031400213, "index": 35.0, "model_option.choice_names_use": "['ib', 'is', 'fb2', 'fs', 'ibfb2', 'fbis2', 'none']", "model_option.choice_set_list": "[0, 1, 102, 3, 104, 105, 6]", "predict": 1.0, "support_arg.param_combo_list_ctr_str": "_c6392", "y_opti_grid_allJ_agg": 1.996292879288866}