{"esti_obj.main_allperiods_obj": 16.009146757361876, "ktp_opti_grid_allJ_agg": 3.56482169999383, "ib_probJ_opti_grid_j_agg": 0.2713511808992951, "is_probJ_opti_grid_j_agg": 0.022168154304995694, "fb2_probJ_opti_grid_j_agg": 0.16325314179452866, "fs_probJ_opti_grid_j_agg": 0.1607596116430758, "ibfb2_probJ_opti_grid_j_agg": 0.1332940901832561, "fbis2_probJ_opti_grid_j_agg": 0.016637899379867212, "none_probJ_opti_grid_j_agg": 0.23253592179504406, "period_dictkey": "ce0209", "data_model": "model", "level_0": 33, "btp_fb_opti_grid_allJ_agg": -0.42130086694642366, "btp_fs_opti_grid_allJ_agg": 0.152854348510114, "btp_ib_opti_grid_allJ_agg": -0.6005837874278114, "btp_il_opti_grid_allJ_agg": 0.08989471974109081, "consumption_opti_grid_allJ_agg": 1.0570065395974275, "esti_obj.main_obj": 9.267351645404, "esti_obj.subsets_main.agg_prob_for": 3.8687665272287473, "esti_obj.subsets_main.agg_prob_inf": 4.449826664383839, "esti_obj.subsets_main.agg_prob_jnt": 0.055054402827544285, "esti_obj.subsets_main.agg_prob_none": 0.8937040509638685, "esti_obj.subsets_other.agg_prob": 0.6107742053886158, "esti_obj.subsets_other.agg_prob_brr": 0.2988039489215103, "esti_obj.subsets_other.agg_prob_sav": 0.2174343346720613, "esti_obj.subsets_other.mean_KYC": 0.42462088517469626, "esti_obj.subsets_other.mean_fbfs": 0.0, "esti_obj.subsets_other.mean_ibil": 0.0, "esti_param.kappa_ce0209": 0.6857498099338827, "esti_param.kappa_ce9901": 0.1537530380242751, "index": 33.0, "model_option.choice_names_use": "['ib', 'is', 'fb2', 'fs', 'ibfb2', 'fbis2', 'none']", "model_option.choice_set_list": "[0, 1, 102, 3, 104, 105, 6]", "predict": 1.0, "support_arg.param_combo_list_ctr_str": "_c3512", "y_opti_grid_allJ_agg": 2.000238019680577}