{"esti_obj.main_allperiods_obj": 16.026207944224257, "ktp_opti_grid_allJ_agg": 3.5536523867175327, "ib_probJ_opti_grid_j_agg": 0.2746474947025275, "is_probJ_opti_grid_j_agg": 0.02217730913554214, "fb2_probJ_opti_grid_j_agg": 0.1565770167392879, "fs_probJ_opti_grid_j_agg": 0.16159966475468823, "ibfb2_probJ_opti_grid_j_agg": 0.13444390248711846, "fbis2_probJ_opti_grid_j_agg": 0.016250168070756764, "none_probJ_opti_grid_j_agg": 0.23430444411011606, "period_dictkey": "ce0209", "data_model": "model", "level_0": 34, "btp_fb_opti_grid_allJ_agg": -0.410275321025207, "btp_fs_opti_grid_allJ_agg": 0.15312487298832772, "btp_ib_opti_grid_allJ_agg": -0.595587742627647, "btp_il_opti_grid_allJ_agg": 0.0892550514034736, "consumption_opti_grid_allJ_agg": 1.0595656101297375, "esti_obj.main_obj": 9.51979838431076, "esti_obj.subsets_main.agg_prob_for": 3.9481566355290156, "esti_obj.subsets_main.agg_prob_inf": 4.58956095388587, "esti_obj.subsets_main.agg_prob_jnt": 0.0546261993600266, "esti_obj.subsets_main.agg_prob_none": 0.9274545955358466, "esti_obj.subsets_other.agg_prob": 0.6209038776252501, "esti_obj.subsets_other.agg_prob_brr": 0.30762657547612116, "esti_obj.subsets_other.agg_prob_sav": 0.2169728580390129, "esti_obj.subsets_other.mean_KYC": 0.4278962776720743, "esti_obj.subsets_other.mean_fbfs": 0.0, "esti_obj.subsets_other.mean_ibil": 0.0, "esti_param.kappa_ce0209": 0.647236678977869, "esti_param.kappa_ce9901": 0.10878371856378873, "index": 34.0, "model_option.choice_names_use": "['ib', 'is', 'fb2', 'fs', 'ibfb2', 'fbis2', 'none']", "model_option.choice_set_list": "[0, 1, 102, 3, 104, 105, 6]", "predict": 1.0, "support_arg.param_combo_list_ctr_str": "_c4673", "y_opti_grid_allJ_agg": 1.9966277697383479}