{"esti_obj.main_allperiods_obj": 15.793153467336179, "ktp_opti_grid_allJ_agg": 3.245600593606387, "ib_probJ_opti_grid_j_agg": 0.28001487910198003, "is_probJ_opti_grid_j_agg": 0.023937830293752058, "fb2_probJ_opti_grid_j_agg": 0.13320855537676946, "fs_probJ_opti_grid_j_agg": 0.17209019982388013, "ibfb2_probJ_opti_grid_j_agg": 0.12334889397582517, "fbis2_probJ_opti_grid_j_agg": 0.014647097986001844, "none_probJ_opti_grid_j_agg": 0.25275254344180703, "period_dictkey": "ce9901", "data_model": "model", "level_0": 0, "btp_fb_opti_grid_allJ_agg": -0.07778291733649184, "btp_fs_opti_grid_allJ_agg": 0.16891963473469992, "btp_ib_opti_grid_allJ_agg": -0.46244415699162883, "btp_il_opti_grid_allJ_agg": 0.09246817922432347, "consumption_opti_grid_allJ_agg": 1.0695319418554523, "esti_obj.main_obj": 6.578053586716291, "esti_obj.subsets_main.agg_prob_for": 2.30507573946499, "esti_obj.subsets_main.agg_prob_inf": 3.5386344665279514, "esti_obj.subsets_main.agg_prob_jnt": 0.5385596395364319, "esti_obj.subsets_main.agg_prob_none": 0.19578374118691727, "esti_obj.subsets_other.agg_prob": 0.5237275461555946, "esti_obj.subsets_other.agg_prob_brr": 0.34315521770103574, "esti_obj.subsets_other.agg_prob_sav": 0.13632487189636597, "esti_obj.subsets_other.mean_KYC": 0.03731176793716437, "esti_obj.subsets_other.mean_fbfs": 0.0, "esti_obj.subsets_other.mean_ibil": 0.0, "esti_param.kappa_ce0209": 0.6930933871501535, "esti_param.kappa_ce9901": 0.12116316911914411, "index": 0.0, "model_option.choice_names_use": "['ib', 'is', 'fb2', 'fs', 'ibfb2', 'fbis2', 'none']", "model_option.choice_set_list": "[0, 1, 102, 3, 104, 105, 6]", "predict": 1.0, "support_arg.param_combo_list_ctr_str": "_c4046", "y_opti_grid_allJ_agg": 1.9343594872669918}