{"esti_obj.main_allperiods_obj": 16.006573664409597, "ktp_opti_grid_allJ_agg": 3.2468106642495362, "ib_probJ_opti_grid_j_agg": 0.2797639672793465, "is_probJ_opti_grid_j_agg": 0.023957265979014184, "fb2_probJ_opti_grid_j_agg": 0.13325995680743538, "fs_probJ_opti_grid_j_agg": 0.17222846966057848, "ibfb2_probJ_opti_grid_j_agg": 0.12321945856042553, "fbis2_probJ_opti_grid_j_agg": 0.014644680879842224, "none_probJ_opti_grid_j_agg": 0.2529262008333748, "period_dictkey": "ce9901", "data_model": "model", "level_0": 12, "btp_fb_opti_grid_allJ_agg": -0.07459838216752245, "btp_fs_opti_grid_allJ_agg": 0.16889019748908685, "btp_ib_opti_grid_allJ_agg": -0.4641653018940004, "btp_il_opti_grid_allJ_agg": 0.09243622505847945, "consumption_opti_grid_allJ_agg": 1.069713749280738, "esti_obj.main_obj": 6.5607957082347585, "esti_obj.subsets_main.agg_prob_for": 2.300699862640004, "esti_obj.subsets_main.agg_prob_inf": 3.5291822042927885, "esti_obj.subsets_main.agg_prob_jnt": 0.5366636640039653, "esti_obj.subsets_main.agg_prob_none": 0.19424997729800106, "esti_obj.subsets_other.agg_prob": 0.522966851679527, "esti_obj.subsets_other.agg_prob_brr": 0.34272346903233664, "esti_obj.subsets_other.agg_prob_sav": 0.1361695834805651, "esti_obj.subsets_other.mean_KYC": 0.041166560305472055, "esti_obj.subsets_other.mean_fbfs": 0.0, "esti_obj.subsets_other.mean_ibil": 0.0, "esti_param.kappa_ce0209": 0.6591394350921902, "esti_param.kappa_ce9901": 0.11809554274964307, "index": 12.0, "model_option.choice_names_use": "['ib', 'is', 'fb2', 'fs', 'ibfb2', 'fbis2', 'none']", "model_option.choice_set_list": "[0, 1, 102, 3, 104, 105, 6]", "predict": 1.0, "support_arg.param_combo_list_ctr_str": "_c5050", "y_opti_grid_allJ_agg": 1.934837066980545}