{"esti_obj.main_allperiods_obj": 15.957237080030229, "ktp_opti_grid_allJ_agg": 3.2331489654590984, "ib_probJ_opti_grid_j_agg": 0.2825266884706745, "is_probJ_opti_grid_j_agg": 0.02373639547257401, "fb2_probJ_opti_grid_j_agg": 0.13284468293966434, "fs_probJ_opti_grid_j_agg": 0.1706015102343141, "ibfb2_probJ_opti_grid_j_agg": 0.12476068295027347, "fbis2_probJ_opti_grid_j_agg": 0.014687167485658703, "none_probJ_opti_grid_j_agg": 0.2508428724468434, "period_dictkey": "ce9901", "data_model": "model", "level_0": 7, "btp_fb_opti_grid_allJ_agg": -0.11150887329883956, "btp_fs_opti_grid_allJ_agg": 0.16908157625832188, "btp_ib_opti_grid_allJ_agg": -0.44348482298205966, "btp_il_opti_grid_allJ_agg": 0.09289947579779098, "consumption_opti_grid_allJ_agg": 1.0676554088776893, "esti_obj.main_obj": 6.755810636959112, "esti_obj.subsets_main.agg_prob_for": 2.349346527492459, "esti_obj.subsets_main.agg_prob_inf": 3.6339651761277456, "esti_obj.subsets_main.agg_prob_jnt": 0.5594508909430705, "esti_obj.subsets_main.agg_prob_none": 0.21304804239583677, "esti_obj.subsets_other.agg_prob": 0.5315747428418935, "esti_obj.subsets_other.agg_prob_brr": 0.3474426884812837, "esti_obj.subsets_other.agg_prob_sav": 0.13797492680745319, "esti_obj.subsets_other.mean_KYC": 0.041481791309264875, "esti_obj.subsets_other.mean_fbfs": 0.0, "esti_obj.subsets_other.mean_ibil": 0.0, "esti_param.kappa_ce0209": 0.6949866970360482, "esti_param.kappa_ce9901": 0.15691154111982036, "index": 7.0, "model_option.choice_names_use": "['ib', 'is', 'fb2', 'fs', 'ibfb2', 'fbis2', 'none']", "model_option.choice_set_list": "[0, 1, 102, 3, 104, 105, 6]", "predict": 1.0, "support_arg.param_combo_list_ctr_str": "_c3747", "y_opti_grid_allJ_agg": 1.9294281203007138}