{"esti_obj.main_allperiods_obj": 15.818591004591774, "ktp_opti_grid_allJ_agg": 3.2477793145472478, "ib_probJ_opti_grid_j_agg": 0.27956230309316205, "is_probJ_opti_grid_j_agg": 0.02397281826349915, "fb2_probJ_opti_grid_j_agg": 0.13330276456829965, "fs_probJ_opti_grid_j_agg": 0.17233855896723002, "ibfb2_probJ_opti_grid_j_agg": 0.12311660161683342, "fbis2_probJ_opti_grid_j_agg": 0.014642892789145158, "none_probJ_opti_grid_j_agg": 0.2530640607018486, "period_dictkey": "ce9901", "data_model": "model", "level_0": 1, "btp_fb_opti_grid_allJ_agg": -0.07205672933141093, "btp_fs_opti_grid_allJ_agg": 0.16886523595114086, "btp_ib_opti_grid_allJ_agg": -0.46553115110026855, "btp_il_opti_grid_allJ_agg": 0.09241164359634357, "consumption_opti_grid_allJ_agg": 1.0698593444137294, "esti_obj.main_obj": 6.54697864134511, "esti_obj.subsets_main.agg_prob_for": 2.297188180374608, "esti_obj.subsets_main.agg_prob_inf": 3.521594446129599, "esti_obj.subsets_main.agg_prob_jnt": 0.5351593386398191, "esti_obj.subsets_main.agg_prob_none": 0.1930366762010842, "esti_obj.subsets_other.agg_prob": 0.5223578094199729, "esti_obj.subsets_other.agg_prob_brr": 0.3423761401416958, "esti_obj.subsets_other.agg_prob_sav": 0.13604572998012565, "esti_obj.subsets_other.mean_KYC": 0.04400963828313012, "esti_obj.subsets_other.mean_fbfs": 0.0, "esti_obj.subsets_other.mean_ibil": 0.0, "esti_param.kappa_ce0209": 0.6851430601327533, "esti_param.kappa_ce9901": 0.11568020306394913, "index": 1.0, "model_option.choice_names_use": "['ib', 'is', 'fb2', 'fs', 'ibfb2', 'fbis2', 'none']", "model_option.choice_set_list": "[0, 1, 102, 3, 104, 105, 6]", "predict": 1.0, "support_arg.param_combo_list_ctr_str": "_c6168", "y_opti_grid_allJ_agg": 1.935219281539771}