{"esti_obj.main_allperiods_obj": 15.834378826535175, "ktp_opti_grid_allJ_agg": 3.2497469308666145, "ib_probJ_opti_grid_j_agg": 0.27915048065409154, "is_probJ_opti_grid_j_agg": 0.02400439983260836, "fb2_probJ_opti_grid_j_agg": 0.13339405311411265, "fs_probJ_opti_grid_j_agg": 0.17256067531094352, "ibfb2_probJ_opti_grid_j_agg": 0.12290960702188562, "fbis2_probJ_opti_grid_j_agg": 0.01463963964354024, "none_probJ_opti_grid_j_agg": 0.2533411444228384, "period_dictkey": "ce9901", "data_model": "model", "level_0": 2, "btp_fb_opti_grid_allJ_agg": -0.06691224088046324, "btp_fs_opti_grid_allJ_agg": 0.1688109006373715, "btp_ib_opti_grid_allJ_agg": -0.46827493691636557, "btp_il_opti_grid_allJ_agg": 0.0923642920643285, "consumption_opti_grid_allJ_agg": 1.0701553206546324, "esti_obj.main_obj": 6.518903944217533, "esti_obj.subsets_main.agg_prob_for": 2.2900312044345026, "esti_obj.subsets_main.agg_prob_inf": 3.506124963042472, "esti_obj.subsets_main.agg_prob_jnt": 0.5321382097098141, "esti_obj.subsets_main.agg_prob_none": 0.19060956703074539, "esti_obj.subsets_other.agg_prob": 0.521120175351934, "esti_obj.subsets_other.agg_prob_brr": 0.3416660345618645, "esti_obj.subsets_other.agg_prob_sav": 0.13579528521290787, "esti_obj.subsets_other.mean_KYC": 0.04928237353916335, "esti_obj.subsets_other.mean_fbfs": 0.0, "esti_obj.subsets_other.mean_ibil": 0.0, "esti_param.kappa_ce0209": 0.6788224046768329, "esti_param.kappa_ce9901": 0.11087781964038762, "index": 2.0, "model_option.choice_names_use": "['ib', 'is', 'fb2', 'fs', 'ibfb2', 'fbis2', 'none']", "model_option.choice_set_list": "[0, 1, 102, 3, 104, 105, 6]", "predict": 1.0, "support_arg.param_combo_list_ctr_str": "_c3752", "y_opti_grid_allJ_agg": 1.9359955094831913}