{"esti_obj.main_allperiods_obj": 18.210477550453284, "ktp_opti_grid_allJ_agg": 3.365114123288497, "ib_probJ_opti_grid_j_agg": 0.28470648717809666, "is_probJ_opti_grid_j_agg": 0.02297308188399428, "fb2_probJ_opti_grid_j_agg": 0.14904624152617937, "fs_probJ_opti_grid_j_agg": 0.15925214709719607, "ibfb2_probJ_opti_grid_j_agg": 0.13192072426280543, "fbis2_probJ_opti_grid_j_agg": 0.01742372745479519, "none_probJ_opti_grid_j_agg": 0.23467759059692903, "period_dictkey": "ne0209", "data_model": "model", "level_0": 20, "btp_fb_opti_grid_allJ_agg": -0.5010176446792485, "btp_fs_opti_grid_allJ_agg": 0.14973790905880985, "btp_ib_opti_grid_allJ_agg": -0.33558951871747333, "btp_il_opti_grid_allJ_agg": 0.10725405193542167, "consumption_opti_grid_allJ_agg": 1.0495706718949342, "esti_obj.main_obj": 14.338895998976756, "esti_obj.subsets_main.agg_prob_for": 2.023860719574823, "esti_obj.subsets_main.agg_prob_inf": 5.027557989782499, "esti_obj.subsets_main.agg_prob_jnt": 4.094909151467055, "esti_obj.subsets_main.agg_prob_none": 3.192568138152378, "esti_obj.subsets_other.agg_prob": 0.8412724497444474, "esti_obj.subsets_other.agg_prob_brr": 0.5567395213891118, "esti_obj.subsets_other.agg_prob_sav": 0.10585533775840658, "esti_obj.subsets_other.mean_KYC": 0.5814022108851361, "esti_obj.subsets_other.mean_fbfs": 0.0, "esti_obj.subsets_other.mean_ibil": 0.0, "esti_param.kappa_ne0209": 0.6900393507133841, "esti_param.kappa_ne9901": 0.6839472261989961, "index": 20.0, "model_option.choice_names_use": "['ib', 'is', 'fb2', 'fs', 'ibfb2', 'fbis2', 'none']", "model_option.choice_set_list": "[0, 1, 102, 3, 104, 105, 6]", "predict": 1.0, "support_arg.param_combo_list_ctr_str": "_c4281", "y_opti_grid_allJ_agg": 1.952008057066385}