{"esti_obj.main_allperiods_obj": 18.232951366306988, "ktp_opti_grid_allJ_agg": 3.3566955209346245, "ib_probJ_opti_grid_j_agg": 0.2839215906843434, "is_probJ_opti_grid_j_agg": 0.02306577506517641, "fb2_probJ_opti_grid_j_agg": 0.14856353493766675, "fs_probJ_opti_grid_j_agg": 0.15994631382996008, "ibfb2_probJ_opti_grid_j_agg": 0.13180600609763524, "fbis2_probJ_opti_grid_j_agg": 0.017289446399872545, "none_probJ_opti_grid_j_agg": 0.23540733298534583, "period_dictkey": "ne0209", "data_model": "model", "level_0": 38, "btp_fb_opti_grid_allJ_agg": -0.47463740099426677, "btp_fs_opti_grid_allJ_agg": 0.150813076393611, "btp_ib_opti_grid_allJ_agg": -0.33689799939157683, "btp_il_opti_grid_allJ_agg": 0.10704794704555957, "consumption_opti_grid_allJ_agg": 1.0514637126561492, "esti_obj.main_obj": 14.352058724686684, "esti_obj.subsets_main.agg_prob_for": 2.0402129084731864, "esti_obj.subsets_main.agg_prob_inf": 4.992177643483929, "esti_obj.subsets_main.agg_prob_jnt": 4.100969059838091, "esti_obj.subsets_main.agg_prob_none": 3.218699112891476, "esti_obj.subsets_other.agg_prob": 0.8425504749992984, "esti_obj.subsets_other.agg_prob_brr": 0.5565520496490415, "esti_obj.subsets_other.agg_prob_sav": 0.10659109236491111, "esti_obj.subsets_other.mean_KYC": 0.5795894065919909, "esti_obj.subsets_other.mean_fbfs": 0.0, "esti_obj.subsets_other.mean_ibil": 0.0, "esti_param.kappa_ne0209": 0.671349470858932, "esti_param.kappa_ne9901": 0.6504276213468062, "index": 38.0, "model_option.choice_names_use": "['ib', 'is', 'fb2', 'fs', 'ibfb2', 'fbis2', 'none']", "model_option.choice_set_list": "[0, 1, 102, 3, 104, 105, 6]", "predict": 1.0, "support_arg.param_combo_list_ctr_str": "_c3663", "y_opti_grid_allJ_agg": 1.950791917579944}