{"esti_obj.main_allperiods_obj": 18.219639404673256, "ktp_opti_grid_allJ_agg": 3.3686985755624015, "ib_probJ_opti_grid_j_agg": 0.2851243009409029, "is_probJ_opti_grid_j_agg": 0.022925524913427003, "fb2_probJ_opti_grid_j_agg": 0.14923854380784488, "fs_probJ_opti_grid_j_agg": 0.15891613084534584, "ibfb2_probJ_opti_grid_j_agg": 0.13198000402904153, "fbis2_probJ_opti_grid_j_agg": 0.01748332066638219, "none_probJ_opti_grid_j_agg": 0.2343321747970494, "period_dictkey": "ne0209", "data_model": "model", "level_0": 28, "btp_fb_opti_grid_allJ_agg": -0.5134573080320342, "btp_fs_opti_grid_allJ_agg": 0.1492501734958298, "btp_ib_opti_grid_allJ_agg": -0.33496069693196673, "btp_il_opti_grid_allJ_agg": 0.10730886868163059, "consumption_opti_grid_allJ_agg": 1.0486516670666646, "esti_obj.main_obj": 14.33572913669433, "esti_obj.subsets_main.agg_prob_for": 2.0171607555494244, "esti_obj.subsets_main.agg_prob_inf": 5.046433192140693, "esti_obj.subsets_main.agg_prob_jnt": 4.091898732219675, "esti_obj.subsets_main.agg_prob_none": 3.1802364567845385, "esti_obj.subsets_other.agg_prob": 0.8407452131666027, "esti_obj.subsets_other.agg_prob_brr": 0.5569057531040165, "esti_obj.subsets_other.agg_prob_sav": 0.10550728526553663, "esti_obj.subsets_other.mean_KYC": 0.5821723489574203, "esti_obj.subsets_other.mean_fbfs": 0.0, "esti_obj.subsets_other.mean_ibil": 0.0, "esti_param.kappa_ne0209": 0.6983846130743959, "esti_param.kappa_ne9901": 0.6411162933515981, "index": 28.0, "model_option.choice_names_use": "['ib', 'is', 'fb2', 'fs', 'ibfb2', 'fbis2', 'none']", "model_option.choice_set_list": "[0, 1, 102, 3, 104, 105, 6]", "predict": 1.0, "support_arg.param_combo_list_ctr_str": "_c5376", "y_opti_grid_allJ_agg": 1.9524678526547787}