{"esti_obj.main_allperiods_obj": 18.229999200521334, "ktp_opti_grid_allJ_agg": 3.367244872019984, "ib_probJ_opti_grid_j_agg": 0.28494799869552256, "is_probJ_opti_grid_j_agg": 0.02294547579411467, "fb2_probJ_opti_grid_j_agg": 0.1491616253791228, "fs_probJ_opti_grid_j_agg": 0.15905573535360135, "ibfb2_probJ_opti_grid_j_agg": 0.13195508499003364, "fbis2_probJ_opti_grid_j_agg": 0.017458950615640182, "none_probJ_opti_grid_j_agg": 0.2344751291719595, "period_dictkey": "ne0209", "data_model": "model", "level_0": 36, "btp_fb_opti_grid_allJ_agg": -0.5083129892957143, "btp_fs_opti_grid_allJ_agg": 0.1494504530780193, "btp_ib_opti_grid_allJ_agg": -0.3352218984139539, "btp_il_opti_grid_allJ_agg": 0.1072893097351567, "consumption_opti_grid_allJ_agg": 1.0490336347449307, "esti_obj.main_obj": 14.336814677436308, "esti_obj.subsets_main.agg_prob_for": 2.0198568815717035, "esti_obj.subsets_main.agg_prob_inf": 5.038464835393379, "esti_obj.subsets_main.agg_prob_jnt": 4.093155787176463, "esti_obj.subsets_main.agg_prob_none": 3.1853371732947635, "esti_obj.subsets_other.agg_prob": 0.840957726442172, "esti_obj.subsets_other.agg_prob_brr": 0.5568312883263661, "esti_obj.subsets_other.agg_prob_sav": 0.10565130894384649, "esti_obj.subsets_other.mean_KYC": 0.5818601361194939, "esti_obj.subsets_other.mean_fbfs": 0.0, "esti_obj.subsets_other.mean_ibil": 0.0, "esti_param.kappa_ne0209": 0.6949674195153425, "esti_param.kappa_ne9901": 0.6154983171793978, "index": 36.0, "model_option.choice_names_use": "['ib', 'is', 'fb2', 'fs', 'ibfb2', 'fbis2', 'none']", "model_option.choice_set_list": "[0, 1, 102, 3, 104, 105, 6]", "predict": 1.0, "support_arg.param_combo_list_ctr_str": "_c4209", "y_opti_grid_allJ_agg": 1.9522861398385198}