{"esti_obj.main_allperiods_obj": 18.221812797968568, "ktp_opti_grid_allJ_agg": 3.3577162947995487, "ib_probJ_opti_grid_j_agg": 0.28400391637642175, "is_probJ_opti_grid_j_agg": 0.023055777130130364, "fb2_probJ_opti_grid_j_agg": 0.14862412395702038, "fs_probJ_opti_grid_j_agg": 0.15986832630277115, "ibfb2_probJ_opti_grid_j_agg": 0.13181836362139257, "fbis2_probJ_opti_grid_j_agg": 0.017305363988636836, "none_probJ_opti_grid_j_agg": 0.2353241286236268, "period_dictkey": "ne0209", "data_model": "model", "level_0": 32, "btp_fb_opti_grid_allJ_agg": -0.4776513307190541, "btp_fs_opti_grid_allJ_agg": 0.15068726729694285, "btp_ib_opti_grid_allJ_agg": -0.3367496738162483, "btp_il_opti_grid_allJ_agg": 0.10707805961094104, "consumption_opti_grid_allJ_agg": 1.051251542052413, "esti_obj.main_obj": 14.350085688487548, "esti_obj.subsets_main.agg_prob_for": 2.038188871699332, "esti_obj.subsets_main.agg_prob_inf": 4.995884158679074, "esti_obj.subsets_main.agg_prob_jnt": 4.100298347446837, "esti_obj.subsets_main.agg_prob_none": 3.2157143106623054, "esti_obj.subsets_other.agg_prob": 0.8423927426056395, "esti_obj.subsets_other.agg_prob_brr": 0.5565614287980087, "esti_obj.subsets_other.agg_prob_sav": 0.10650718518400393, "esti_obj.subsets_other.mean_KYC": 0.5798095150132389, "esti_obj.subsets_other.mean_fbfs": 0.0, "esti_obj.subsets_other.mean_ibil": 0.0, "esti_param.kappa_ne0209": 0.6735582678592266, "esti_param.kappa_ne9901": 0.6833458589870878, "index": 32.0, "model_option.choice_names_use": "['ib', 'is', 'fb2', 'fs', 'ibfb2', 'fbis2', 'none']", "model_option.choice_set_list": "[0, 1, 102, 3, 104, 105, 6]", "predict": 1.0, "support_arg.param_combo_list_ctr_str": "_c6354", "y_opti_grid_allJ_agg": 1.9509482739921649}