{"esti_obj.main_allperiods_obj": 18.214910319006357, "ktp_opti_grid_allJ_agg": 3.3640386617742495, "ib_probJ_opti_grid_j_agg": 0.28459176116754015, "is_probJ_opti_grid_j_agg": 0.022986321286575875, "fb2_probJ_opti_grid_j_agg": 0.14898687633930024, "fs_probJ_opti_grid_j_agg": 0.1593478043056961, "ibfb2_probJ_opti_grid_j_agg": 0.1319042892176032, "fbis2_probJ_opti_grid_j_agg": 0.01740615851837645, "none_probJ_opti_grid_j_agg": 0.2347767891649046, "period_dictkey": "ne0209", "data_model": "model", "level_0": 24, "btp_fb_opti_grid_allJ_agg": -0.4974392090229971, "btp_fs_opti_grid_allJ_agg": 0.14988041741768338, "btp_ib_opti_grid_allJ_agg": -0.3357687454689795, "btp_il_opti_grid_allJ_agg": 0.10723344657365433, "consumption_opti_grid_allJ_agg": 1.0498320428615902, "esti_obj.main_obj": 14.34015496880437, "esti_obj.subsets_main.agg_prob_for": 2.0259038575999306, "esti_obj.subsets_main.agg_prob_inf": 5.022380361987248, "esti_obj.subsets_main.agg_prob_jnt": 4.095756714805916, "esti_obj.subsets_main.agg_prob_none": 3.1961140344112753, "esti_obj.subsets_other.agg_prob": 0.841432709276285, "esti_obj.subsets_other.agg_prob_brr": 0.5567005956106367, "esti_obj.subsets_other.agg_prob_sav": 0.10595532450074374, "esti_obj.subsets_other.mean_KYC": 0.5811709433923572, "esti_obj.subsets_other.mean_fbfs": 0.0, "esti_obj.subsets_other.mean_ibil": 0.0, "esti_param.kappa_ne0209": 0.6875857704340067, "esti_param.kappa_ne9901": 0.671498863087189, "index": 24.0, "model_option.choice_names_use": "['ib', 'is', 'fb2', 'fs', 'ibfb2', 'fbis2', 'none']", "model_option.choice_set_list": "[0, 1, 102, 3, 104, 105, 6]", "predict": 1.0, "support_arg.param_combo_list_ctr_str": "_c4150", "y_opti_grid_allJ_agg": 1.951862719748537}