{"esti_obj.main_allperiods_obj": 18.216353144192126, "ktp_opti_grid_allJ_agg": 3.366015747751997, "ib_probJ_opti_grid_j_agg": 0.2848063175728899, "is_probJ_opti_grid_j_agg": 0.022961629355042708, "fb2_probJ_opti_grid_j_agg": 0.14909543685857402, "fs_probJ_opti_grid_j_agg": 0.15917018344951334, "ibfb2_probJ_opti_grid_j_agg": 0.13193496314536649, "fbis2_probJ_opti_grid_j_agg": 0.017438562854515165, "none_probJ_opti_grid_j_agg": 0.2345929067640938, "period_dictkey": "ne0209", "data_model": "model", "level_0": 27, "btp_fb_opti_grid_allJ_agg": -0.5040704271611349, "btp_fs_opti_grid_allJ_agg": 0.1496171243659452, "btp_ib_opti_grid_allJ_agg": -0.33543606521249014, "btp_il_opti_grid_allJ_agg": 0.10726989575462513, "consumption_opti_grid_allJ_agg": 1.049346619660916, "esti_obj.main_obj": 14.337946621505553, "esti_obj.subsets_main.agg_prob_for": 2.022159184756409, "esti_obj.subsets_main.agg_prob_inf": 5.032065189623562, "esti_obj.subsets_main.agg_prob_jnt": 4.094179612480751, "esti_obj.subsets_main.agg_prob_none": 3.1895426346448303, "esti_obj.subsets_other.agg_prob": 0.8411388155729985, "esti_obj.subsets_other.agg_prob_brr": 0.5567759175689494, "esti_obj.subsets_other.agg_prob_sav": 0.10576999123995545, "esti_obj.subsets_other.mean_KYC": 0.5815960255521003, "esti_obj.subsets_other.mean_fbfs": 0.0, "esti_obj.subsets_other.mean_ibil": 0.0, "esti_param.kappa_ne0209": 0.6921134582886073, "esti_param.kappa_ne9901": 0.658572832092854, "index": 27.0, "model_option.choice_names_use": "['ib', 'is', 'fb2', 'fs', 'ibfb2', 'fbis2', 'none']", "model_option.choice_set_list": "[0, 1, 102, 3, 104, 105, 6]", "predict": 1.0, "support_arg.param_combo_list_ctr_str": "_c6387", "y_opti_grid_allJ_agg": 1.9521273696894976}