{"esti_obj.main_allperiods_obj": 18.229921411164167, "ktp_opti_grid_allJ_agg": 3.3637423499229073, "ib_probJ_opti_grid_j_agg": 0.284560959996188, "is_probJ_opti_grid_j_agg": 0.02298989080810534, "fb2_probJ_opti_grid_j_agg": 0.1489703924967255, "fs_probJ_opti_grid_j_agg": 0.15937376850128634, "ibfb2_probJ_opti_grid_j_agg": 0.13189986240489865, "fbis2_probJ_opti_grid_j_agg": 0.01740134137267171, "none_probJ_opti_grid_j_agg": 0.23480378442012123, "period_dictkey": "ne0209", "data_model": "model", "level_0": 35, "btp_fb_opti_grid_allJ_agg": -0.49646495486911024, "btp_fs_opti_grid_allJ_agg": 0.1499193914603681, "btp_ib_opti_grid_allJ_agg": -0.33581742609003584, "btp_il_opti_grid_allJ_agg": 0.10722745166996894, "consumption_opti_grid_allJ_agg": 1.0499029639954034, "esti_obj.main_obj": 14.34052536827039, "esti_obj.subsets_main.agg_prob_for": 2.0264693098469087, "esti_obj.subsets_main.agg_prob_inf": 5.020990669459908, "esti_obj.subsets_main.agg_prob_jnt": 4.095986056667854, "esti_obj.subsets_main.agg_prob_none": 3.197079332295719, "esti_obj.subsets_other.agg_prob": 0.8414770258351943, "esti_obj.subsets_other.agg_prob_brr": 0.5566907050945639, "esti_obj.subsets_other.agg_prob_sav": 0.10598253632050927, "esti_obj.subsets_other.mean_KYC": 0.5811072082505317, "esti_obj.subsets_other.mean_fbfs": 0.0, "esti_obj.subsets_other.mean_ibil": 0.0, "esti_param.kappa_ne0209": 0.6869135259901565, "esti_param.kappa_ne9901": 0.6254923955571876, "index": 35.0, "model_option.choice_names_use": "['ib', 'is', 'fb2', 'fs', 'ibfb2', 'fbis2', 'none']", "model_option.choice_set_list": "[0, 1, 102, 3, 104, 105, 6]", "predict": 1.0, "support_arg.param_combo_list_ctr_str": "_c4895", "y_opti_grid_allJ_agg": 1.9518221155138402}