{"esti_obj.main_allperiods_obj": 18.221812797968568, "ktp_opti_grid_allJ_agg": 3.10646817200632, "ib_probJ_opti_grid_j_agg": 0.27123608694001294, "is_probJ_opti_grid_j_agg": 0.02780981500433565, "fb2_probJ_opti_grid_j_agg": 0.14279225203479817, "fs_probJ_opti_grid_j_agg": 0.16819601035178977, "ibfb2_probJ_opti_grid_j_agg": 0.12328572900846708, "fbis2_probJ_opti_grid_j_agg": 0.02002654348205976, "none_probJ_opti_grid_j_agg": 0.24665356317852077, "period_dictkey": "ne9901", "data_model": "model", "level_0": 12, "btp_fb_opti_grid_allJ_agg": -0.2269420296075566, "btp_fs_opti_grid_allJ_agg": 0.19271380773075808, "btp_ib_opti_grid_allJ_agg": -0.1047848871361014, "btp_il_opti_grid_allJ_agg": 0.1547482549751382, "consumption_opti_grid_allJ_agg": 1.0751958752718271, "esti_obj.main_obj": 3.8717271094810206, "esti_obj.subsets_main.agg_prob_for": 1.131612874943691, "esti_obj.subsets_main.agg_prob_inf": 0.22309830984921697, "esti_obj.subsets_main.agg_prob_jnt": 1.6769783603562032, "esti_obj.subsets_main.agg_prob_none": 0.84003756433191, "esti_obj.subsets_other.agg_prob": 0.4391713209406628, "esti_obj.subsets_other.agg_prob_brr": 0.14515810589674766, "esti_obj.subsets_other.agg_prob_sav": 0.20235965186539434, "esti_obj.subsets_other.mean_KYC": 0.6235920485394116, "esti_obj.subsets_other.mean_fbfs": 0.0, "esti_obj.subsets_other.mean_ibil": 0.0, "esti_param.kappa_ne0209": 0.6735582678592266, "esti_param.kappa_ne9901": 0.6833458589870878, "index": 12.0, "model_option.choice_names_use": "['ib', 'is', 'fb2', 'fs', 'ibfb2', 'fbis2', 'none']", "model_option.choice_set_list": "[0, 1, 102, 3, 104, 105, 6]", "predict": 1.0, "support_arg.param_combo_list_ctr_str": "_c6354", "y_opti_grid_allJ_agg": 1.9061502400877948}