{"esti_obj.main_allperiods_obj": 18.232951366306988, "ktp_opti_grid_allJ_agg": 3.104150081000451, "ib_probJ_opti_grid_j_agg": 0.2713037955400309, "is_probJ_opti_grid_j_agg": 0.027950051840630305, "fb2_probJ_opti_grid_j_agg": 0.14287669551561125, "fs_probJ_opti_grid_j_agg": 0.16841984822247522, "ibfb2_probJ_opti_grid_j_agg": 0.12306491155007922, "fbis2_probJ_opti_grid_j_agg": 0.019833908066294287, "none_probJ_opti_grid_j_agg": 0.2465507892648743, "period_dictkey": "ne9901", "data_model": "model", "level_0": 18, "btp_fb_opti_grid_allJ_agg": -0.19599020997301353, "btp_fs_opti_grid_allJ_agg": 0.19055209348419513, "btp_ib_opti_grid_allJ_agg": -0.10963479595639414, "btp_il_opti_grid_allJ_agg": 0.15374382169797932, "consumption_opti_grid_allJ_agg": 1.0787948461009396, "esti_obj.main_obj": 3.880892641620304, "esti_obj.subsets_main.agg_prob_for": 1.1362678953503196, "esti_obj.subsets_main.agg_prob_inf": 0.22220498446171205, "esti_obj.subsets_main.agg_prob_jnt": 1.6842650603061295, "esti_obj.subsets_main.agg_prob_none": 0.8381547015021426, "esti_obj.subsets_other.agg_prob": 0.4395488660547654, "esti_obj.subsets_other.agg_prob_brr": 0.14536218847434046, "esti_obj.subsets_other.agg_prob_sav": 0.20263588831555063, "esti_obj.subsets_other.mean_KYC": 0.6231272103271632, "esti_obj.subsets_other.mean_fbfs": 0.0, "esti_obj.subsets_other.mean_ibil": 0.0, "esti_param.kappa_ne0209": 0.671349470858932, "esti_param.kappa_ne9901": 0.6504276213468062, "index": 18.0, "model_option.choice_names_use": "['ib', 'is', 'fb2', 'fs', 'ibfb2', 'fbis2', 'none']", "model_option.choice_set_list": "[0, 1, 102, 3, 104, 105, 6]", "predict": 1.0, "support_arg.param_combo_list_ctr_str": "_c3663", "y_opti_grid_allJ_agg": 1.9061555657601927}