{"esti_obj.main_allperiods_obj": 18.219639404673256, "ktp_opti_grid_allJ_agg": 3.1036911548984283, "ib_probJ_opti_grid_j_agg": 0.2713493801194675, "is_probJ_opti_grid_j_agg": 0.027985210479101737, "fb2_probJ_opti_grid_j_agg": 0.14284405632957708, "fs_probJ_opti_grid_j_agg": 0.16848775369371488, "ibfb2_probJ_opti_grid_j_agg": 0.1230115192988002, "fbis2_probJ_opti_grid_j_agg": 0.019781768735304767, "none_probJ_opti_grid_j_agg": 0.24654031134403187, "period_dictkey": "ne9901", "data_model": "model", "level_0": 8, "btp_fb_opti_grid_allJ_agg": -0.18866458909690653, "btp_fs_opti_grid_allJ_agg": 0.19018757934641345, "btp_ib_opti_grid_allJ_agg": -0.11075254131169154, "btp_il_opti_grid_allJ_agg": 0.15345161151985012, "consumption_opti_grid_allJ_agg": 1.0796746662081362, "esti_obj.main_obj": 3.8839102679789264, "esti_obj.subsets_main.agg_prob_for": 1.1377537329206708, "esti_obj.subsets_main.agg_prob_inf": 0.22210385699708976, "esti_obj.subsets_main.agg_prob_jnt": 1.6860898179649368, "esti_obj.subsets_main.agg_prob_none": 0.8379628600962289, "esti_obj.subsets_other.agg_prob": 0.4397548903144305, "esti_obj.subsets_other.agg_prob_brr": 0.14549380449109023, "esti_obj.subsets_other.agg_prob_sav": 0.20272077447930836, "esti_obj.subsets_other.mean_KYC": 0.6230351424475244, "esti_obj.subsets_other.mean_fbfs": 0.0, "esti_obj.subsets_other.mean_ibil": 0.0, "esti_param.kappa_ne0209": 0.6983846130743959, "esti_param.kappa_ne9901": 0.6411162933515981, "index": 8.0, "model_option.choice_names_use": "['ib', 'is', 'fb2', 'fs', 'ibfb2', 'fbis2', 'none']", "model_option.choice_set_list": "[0, 1, 102, 3, 104, 105, 6]", "predict": 1.0, "support_arg.param_combo_list_ctr_str": "_c5376", "y_opti_grid_allJ_agg": 1.9061635919805517}