{"esti_obj.main_allperiods_obj": 17.21857055795958, "ktp_opti_grid_allJ_agg": 3.242493640605402, "ktp_opti_grid_allJ_agg_var": 2.7705298121336863, "ib_probJ_opti_grid_j_agg": 0.2792850411823447, "is_probJ_opti_grid_j_agg": 0.023950078902596882, "fb2_probJ_opti_grid_j_agg": 0.13451722993014206, "fs_probJ_opti_grid_j_agg": 0.17188412037878625, "ibfb2_probJ_opti_grid_j_agg": 0.12339654354182752, "fbis2_probJ_opti_grid_j_agg": 0.014678735733210444, "none_probJ_opti_grid_j_agg": 0.2522882503310286, "period_dictkey": "ce9901", "data_model": "model", "level_0": 6, "P_jp_j.0.0": 0.3612304486106888, "P_jp_j.0.1": 0.017809101698121152, "P_jp_j.0.102": 0.11040954869575917, "P_jp_j.0.104": 0.13039634023266422, "P_jp_j.0.105": 0.010913545920972509, "P_jp_j.0.3": 0.1421319004906864, "P_jp_j.0.6": 0.2271091143511077, "P_jp_j.1.0": 0.20809246935564, "P_jp_j.1.1": 0.03936520958538589, "P_jp_j.1.102": 0.1561928817200282, "P_jp_j.1.104": 0.11570595222727115, "P_jp_j.1.105": 0.025595929622426745, "P_jp_j.1.3": 0.19638431836587, "P_jp_j.1.6": 0.25866323912337785, "P_jp_j.102.0": 0.22784541585027415, "P_jp_j.102.1": 0.02735520298411808, "P_jp_j.102.102": 0.14951843580203744, "P_jp_j.102.104": 0.1192961421341158, "P_jp_j.102.105": 0.016761959152239315, "P_jp_j.102.3": 0.190216911987858, "P_jp_j.102.6": 0.2690059320893573, "P_jp_j.104.0": 0.34651260444035714, "P_jp_j.104.1": 0.01850925579234525, "P_jp_j.104.102": 0.11256047774595117, "P_jp_j.104.104": 0.13651044577317858, "P_jp_j.104.105": 0.011715375758750958, "P_jp_j.104.3": 0.14336714783087173, "P_jp_j.104.6": 0.2308246926585455, "P_jp_j.105.0": 0.21485157067623611, "P_jp_j.105.1": 0.04099463084653921, "P_jp_j.105.102": 0.1532553206555614, "P_jp_j.105.104": 0.11890993401292015, "P_jp_j.105.105": 0.02712996894276334, "P_jp_j.105.3": 0.19179932533079452, "P_jp_j.105.6": 0.2530592495351851, "P_jp_j.3.0": 0.22179324911381187, "P_jp_j.3.1": 0.02707092507557605, "P_jp_j.3.102": 0.15223478556651626, "P_jp_j.3.104": 0.11589394885308647, "P_jp_j.3.105": 0.016201247127658795, "P_jp_j.3.3": 0.1950948537354644, "P_jp_j.3.6": 0.2717109905278861, "P_jp_j.6.0": 0.2327927301285283, "P_jp_j.6.1": 0.027012464916014174, "P_jp_j.6.102": 0.14872649211630415, "P_jp_j.6.104": 0.1175225119101278, "P_jp_j.6.105": 0.016387370903464583, "P_jp_j.6.3": 0.18969510150667312, "P_jp_j.6.6": 0.267863328518888, "btp_fb_opti_grid_allJ_agg": -0.07582482360472084, "btp_fb_opti_grid_allJ_agg_var": 0.03922737955555697, "btp_fs_opti_grid_allJ_agg": 0.16936626084481676, "btp_fs_opti_grid_allJ_agg_var": 0.33455225208533584, "btp_ib_opti_grid_allJ_agg": -0.4586251246180464, "btp_ib_opti_grid_allJ_agg_var": 0.4217692648387156, "btp_il_opti_grid_allJ_agg": 0.09283096379714106, "btp_il_opti_grid_allJ_agg_var": 0.3906502726603777, "btp_opti_grid_allJ_agg": -0.2722527235808094, "btp_opti_grid_allJ_agg_var": 1.5144788829728717, "cash_grid_centered_allJ_agg": 4.392190703029879, "cash_grid_centered_allJ_agg_var": 5.887195531295504, "combo_desc": "Angeletos quickBNF_BORR_P-0.500;BNF_SAVE_P-0.300;BNI_BORR_P-0.100;BNI_LEND_P-2.000;R_FORMAL_BORR-1.061;R_FORMAL_SAVE-1.011;R_INFORM_BORR-1.139;R_INFORM_SAVE-1.139;kappa-0.131;kappa_ce0209-0.632;kappa_ce9901-0.131", "consumption_opti_grid_allJ_agg": 1.069530993840227, "consumption_opti_grid_allJ_agg_var": 0.6239940905868939, "data_param.A": -0.03125, "data_param.Region": 0.0, "data_param.Region_set": "[0, 1]", "data_param.Year": 0.0, "data_param.Year_set": "[0, 1]", "data_param.len_A": 1.0, "data_param.mean_A": -0.03125, "data_param.std_A": 0.0, "esti_obj.main_obj": 6.673313879685298, "esti_obj.subsets_main.agg_prob_for": 2.2891154889234957, "esti_obj.subsets_main.agg_prob_inf": 3.5112288195957357, "esti_obj.subsets_main.agg_prob_jnt": 0.5392440871683655, "esti_obj.subsets_main.agg_prob_none": 0.1999140558460764, "esti_obj.subsets_main.equi_BI": 0.13380536809067034, "esti_obj.subsets_main.mean_K": 6.060060953902013e-06, "esti_obj.subsets_other.agg_prob": 0.5223631694484081, "esti_obj.subsets_other.agg_prob_brr": 0.3411643547940302, "esti_obj.subsets_other.agg_prob_sav": 0.1364870649854064, "esti_obj.subsets_other.mean_KYC": 0.02480785714951092, "esti_param.BNF_BORR_P": 0.5, "esti_param.BNF_BORR_P_ce0209": 0.5, "esti_param.BNF_BORR_P_ce9901": 0.5, "esti_param.BNF_BORR_P_ne0209": 0.5, "esti_param.BNF_BORR_P_ne9901": 0.5, "esti_param.BNF_SAVE_P": 0.3, "esti_param.BNF_SAVE_P_ce0209": 0.3, "esti_param.BNF_SAVE_P_ce9901": 0.3, "esti_param.BNF_SAVE_P_ne0209": 0.3, "esti_param.BNF_SAVE_P_ne9901": 0.3, "esti_param.BNI_BORR_P": 0.1, "esti_param.BNI_BORR_P_ce0209": 0.1, "esti_param.BNI_BORR_P_ce9901": 0.1, "esti_param.BNI_BORR_P_ne0209": 0.1, "esti_param.BNI_BORR_P_ne9901": 0.1, "esti_param.BNI_LEND_P": 2.0, "esti_param.BNI_LEND_P_ce0209": 2.0, "esti_param.BNI_LEND_P_ce9901": 2.0, "esti_param.BNI_LEND_P_ne0209": 2.0, "esti_param.BNI_LEND_P_ne9901": 2.0, "esti_param.K_DEPRECIATION": 0.15, "esti_param.R_AVG_INT": 1.1, "esti_param.R_FORMAL_BORR": 1.061, "esti_param.R_FORMAL_BORR_ce0209": 1.054, "esti_param.R_FORMAL_BORR_ce9901": 1.061, "esti_param.R_FORMAL_BORR_ne0209": 1.061, "esti_param.R_FORMAL_BORR_ne9901": 1.148, "esti_param.R_FORMAL_SAVE": 1.011, "esti_param.R_FORMAL_SAVE_ce0209": 1.01, "esti_param.R_FORMAL_SAVE_ce9901": 1.011, "esti_param.R_FORMAL_SAVE_ne0209": 1.011, "esti_param.R_FORMAL_SAVE_ne9901": 1.033, "esti_param.R_INFORM": 1.1, "esti_param.R_INFORM_BORR": 1.139, "esti_param.R_INFORM_BORR_ce0209": 1.094, "esti_param.R_INFORM_BORR_ce9901": 1.139, "esti_param.R_INFORM_BORR_ne0209": 1.139, "esti_param.R_INFORM_BORR_ne9901": 1.2790000000000001, "esti_param.R_INFORM_SAVE": 1.139, "esti_param.R_INFORM_SAVE_ce0209": 1.094, "esti_param.R_INFORM_SAVE_ce9901": 1.139, "esti_param.R_INFORM_SAVE_ne0209": 1.139, "esti_param.R_INFORM_SAVE_ne9901": 1.2790000000000001, "esti_param.alpha_k": 0.36, "esti_param.beta": 0.96, "esti_param.c_min_bound": 0.001, "esti_param.kappa": 0.1314891923955294, "esti_param.kappa_ce0209": 0.6322638987595787, "esti_param.kappa_ce9901": 0.1314891923955294, "esti_param.kappa_ne0209": 0.25, "esti_param.kappa_ne9901": 0.25, "esti_param.logit_sd_scale": 1.0, "esti_param.rho": 1.0, "fb2_btp_fb_opti_grid_j_agg": -0.007610812061729049, "fb2_btp_fb_opti_grid_j_agg_ifj": -0.06861302058003445, "fb2_btp_fs_opti_grid_j_agg": 0.0, "fb2_btp_fs_opti_grid_j_agg_ifj": 0.0, "fb2_btp_ib_opti_grid_j_agg": 0.0, "fb2_btp_ib_opti_grid_j_agg_ifj": 0.0, "fb2_btp_il_opti_grid_j_agg": 0.0, "fb2_btp_il_opti_grid_j_agg_ifj": 0.0, "fb2_btp_opti_grid_j_agg": -0.007610812061729049, "fb2_btp_opti_grid_j_agg_ifj": -0.06861302058003445, "fb2_consumption_opti_grid_j_agg": 0.1501360843346964, "fb2_consumption_opti_grid_j_agg_ifj": 0.9534415148614894, "fb2_ktp_opti_grid_j_agg": 0.4586595142424775, "fb2_ktp_opti_grid_j_agg_ifj": 3.0065773939273814, "fbis2_btp_fb_opti_grid_j_agg": -0.0038037613881302585, "fbis2_btp_fb_opti_grid_j_agg_ifj": -0.15672933944190967, "fbis2_btp_fs_opti_grid_j_agg": 0.0, "fbis2_btp_fs_opti_grid_j_agg_ifj": 0.0, "fbis2_btp_ib_opti_grid_j_agg": 0.0, "fbis2_btp_ib_opti_grid_j_agg_ifj": 0.0, "fbis2_btp_il_opti_grid_j_agg": 0.0386994006515222, "fbis2_btp_il_opti_grid_j_agg_ifj": 0.5942575417151916, "fbis2_btp_opti_grid_j_agg": 0.03489563926339193, "fbis2_btp_opti_grid_j_agg_ifj": 0.4375282022732819, "fbis2_consumption_opti_grid_j_agg": 0.02290718241475851, "fbis2_consumption_opti_grid_j_agg_ifj": 0.4938856197836368, "fbis2_ktp_opti_grid_j_agg": 0.028928319649939426, "fbis2_ktp_opti_grid_j_agg_ifj": 1.1919560580344586, "file_save_suffix": "_20180901x_list_tKap_mlt_ce1a2_c0_kapp_ce99014122_kapp_ce02094679_20180912133839837121_exo_wgtJ", "fs_btp_fb_opti_grid_j_agg": 0.0, "fs_btp_fb_opti_grid_j_agg_ifj": 0.0, "fs_btp_fs_opti_grid_j_agg": 0.1693662608448168, "fs_btp_fs_opti_grid_j_agg_ifj": 0.8153787239296267, "fs_btp_ib_opti_grid_j_agg": 0.0, "fs_btp_ib_opti_grid_j_agg_ifj": 0.0, "fs_btp_il_opti_grid_j_agg": 0.0, "fs_btp_il_opti_grid_j_agg_ifj": 0.0, "fs_btp_opti_grid_j_agg": 0.1693662608448168,