{"esti_obj.main_allperiods_obj": 22.32601056689916, "ktp_opti_grid_allJ_agg": 3.3127831728089525, "ktp_opti_grid_allJ_agg_var": 2.9199600546762716, "ib_probJ_opti_grid_j_agg": 0.28078760055794394, "is_probJ_opti_grid_j_agg": 0.02322093883484594, "fb2_probJ_opti_grid_j_agg": 0.1494021789327898, "fs_probJ_opti_grid_j_agg": 0.16166204854595972, "ibfb2_probJ_opti_grid_j_agg": 0.13122819774214006, "fbis2_probJ_opti_grid_j_agg": 0.016720096361403185, "none_probJ_opti_grid_j_agg": 0.236978939024898, "period_dictkey": "ne0209", "data_model": "model", "level_0": 4, "P_jp_j.0.0": 0.3586137993297219, "P_jp_j.0.1": 0.016873962743588974, "P_jp_j.0.102": 0.13624385930860528, "P_jp_j.0.104": 0.13344001592002994, "P_jp_j.0.105": 0.012244259559928557, "P_jp_j.0.3": 0.13141821249059654, "P_jp_j.0.6": 0.21116589064752894, "P_jp_j.1.0": 0.2032957693190801, "P_jp_j.1.1": 0.039412619980386816, "P_jp_j.1.102": 0.1596075948422805, "P_jp_j.1.104": 0.12399480352045306, "P_jp_j.1.105": 0.028681269701493026, "P_jp_j.1.3": 0.19274637659177984, "P_jp_j.1.6": 0.25226156604452665, "P_jp_j.102.0": 0.2617390842602646, "P_jp_j.102.1": 0.023724957726480863, "P_jp_j.102.102": 0.15590870751566707, "P_jp_j.102.104": 0.13851125712176632, "P_jp_j.102.105": 0.017068085505905384, "P_jp_j.102.3": 0.1649936363011369, "P_jp_j.102.6": 0.23805427156877906, "P_jp_j.104.0": 0.3299613023303221, "P_jp_j.104.1": 0.01930758389451355, "P_jp_j.104.102": 0.14274950105631445, "P_jp_j.104.104": 0.13685147084617502, "P_jp_j.104.105": 0.014220793491943915, "P_jp_j.104.3": 0.1383433428993784, "P_jp_j.104.6": 0.21856600548135274, "P_jp_j.105.0": 0.2318197022471572, "P_jp_j.105.1": 0.037736555276512734, "P_jp_j.105.102": 0.15800130029303633, "P_jp_j.105.104": 0.1334009504511134, "P_jp_j.105.105": 0.027748986692549788, "P_jp_j.105.3": 0.1768395773525636, "P_jp_j.105.6": 0.234452927687067, "P_jp_j.3.0": 0.2159485453423912, "P_jp_j.3.1": 0.027457848636300863, "P_jp_j.3.102": 0.15842002035798114, "P_jp_j.3.104": 0.12457435107265899, "P_jp_j.3.105": 0.01952772317627515, "P_jp_j.3.3": 0.19083622754179688, "P_jp_j.3.6": 0.2632352838725959, "P_jp_j.6.0": 0.2286330819310565, "P_jp_j.6.1": 0.0270894561190224, "P_jp_j.6.102": 0.15681643349716756, "P_jp_j.6.104": 0.12599661047037827, "P_jp_j.6.105": 0.019322469665910086, "P_jp_j.6.3": 0.18429057773048887, "P_jp_j.6.6": 0.2578513705859766, "btp_fb_opti_grid_allJ_agg": -0.3706694935982811, "btp_fb_opti_grid_allJ_agg_var": 0.6404804493767428, "btp_fs_opti_grid_allJ_agg": 0.15283070187710518, "btp_fs_opti_grid_allJ_agg_var": 0.3229784477669718, "btp_ib_opti_grid_allJ_agg": -0.34500004814165985, "btp_ib_opti_grid_allJ_agg_var": 0.33743642633455057, "btp_il_opti_grid_allJ_agg": 0.10482983490474068, "btp_il_opti_grid_allJ_agg_var": 0.4655275668691709, "btp_opti_grid_allJ_agg": -0.4580090049580951, "btp_opti_grid_allJ_agg_var": 1.8107103853460755, "cash_grid_centered_allJ_agg": 4.278121120258988, "cash_grid_centered_allJ_agg_var": 6.1761648867652585, "combo_desc": "Angeletos quickBNF_BORR_P-0.500;BNF_SAVE_P-0.300;BNI_BORR_P-0.100;BNI_LEND_P-2.000;R_FORMAL_BORR-1.061;R_FORMAL_SAVE-1.011;R_INFORM_BORR-1.139;R_INFORM_SAVE-1.139;kappa-0.603;kappa_ne0209-0.603;kappa_ne9901-0.692", "consumption_opti_grid_allJ_agg": 1.0563958529301158, "consumption_opti_grid_allJ_agg_var": 0.627237804000008, "data_param.A": -0.03125, "data_param.Region": 0.0, "data_param.Region_set": "[0, 1]", "data_param.Year": 0.0, "data_param.Year_set": "[0, 1]", "data_param.len_A": 1.0, "data_param.mean_A": -0.03125, "data_param.std_A": 0.0, "esti_obj.main_obj": 16.029686037574233, "esti_obj.subsets_main.agg_prob_for": 2.0236991636054764, "esti_obj.subsets_main.agg_prob_inf": 4.853257415245921, "esti_obj.subsets_main.agg_prob_jnt": 4.130273794021488, "esti_obj.subsets_main.agg_prob_none": 3.275337637057776, "esti_obj.subsets_main.equi_BI": 0.05768173132626722, "esti_obj.subsets_main.mean_K": 1.6894362963173075, "esti_obj.subsets_other.agg_prob": 0.8428571762576227, "esti_obj.subsets_other.agg_prob_brr": 0.5531572238830141, "esti_obj.subsets_other.agg_prob_sav": 0.1087210133497106, "esti_obj.subsets_other.mean_KYC": 0.5700401680603202, "esti_param.BNF_BORR_P": 0.5, "esti_param.BNF_BORR_P_ce0209": 0.5, "esti_param.BNF_BORR_P_ce9901": 0.5, "esti_param.BNF_BORR_P_ne0209": 0.5, "esti_param.BNF_BORR_P_ne9901": 0.5, "esti_param.BNF_SAVE_P": 0.3, "esti_param.BNF_SAVE_P_ce0209": 0.3, "esti_param.BNF_SAVE_P_ce9901": 0.3, "esti_param.BNF_SAVE_P_ne0209": 0.3, "esti_param.BNF_SAVE_P_ne9901": 0.3, "esti_param.BNI_BORR_P": 0.1, "esti_param.BNI_BORR_P_ce0209": 0.1, "esti_param.BNI_BORR_P_ce9901": 0.1, "esti_param.BNI_BORR_P_ne0209": 0.1, "esti_param.BNI_BORR_P_ne9901": 0.1, "esti_param.BNI_LEND_P": 2.0, "esti_param.BNI_LEND_P_ce0209": 2.0, "esti_param.BNI_LEND_P_ce9901": 2.0, "esti_param.BNI_LEND_P_ne0209": 2.0, "esti_param.BNI_LEND_P_ne9901": 2.0, "esti_param.K_DEPRECIATION": 0.15, "esti_param.R_AVG_INT": 1.1, "esti_param.R_FORMAL_BORR": 1.061, "esti_param.R_FORMAL_BORR_ce0209": 1.054, "esti_param.R_FORMAL_BORR_ce9901": 1.061, "esti_param.R_FORMAL_BORR_ne0209": 1.061, "esti_param.R_FORMAL_BORR_ne9901": 1.148, "esti_param.R_FORMAL_SAVE": 1.011, "esti_param.R_FORMAL_SAVE_ce0209": 1.01, "esti_param.R_FORMAL_SAVE_ce9901": 1.011, "esti_param.R_FORMAL_SAVE_ne0209": 1.011, "esti_param.R_FORMAL_SAVE_ne9901": 1.033, "esti_param.R_INFORM": 1.1, "esti_param.R_INFORM_BORR": 1.139, "esti_param.R_INFORM_BORR_ce0209": 1.094, "esti_param.R_INFORM_BORR_ce9901": 1.139, "esti_param.R_INFORM_BORR_ne0209": 1.139, "esti_param.R_INFORM_BORR_ne9901": 1.2790000000000001, "esti_param.R_INFORM_SAVE": 1.139, "esti_param.R_INFORM_SAVE_ce0209": 1.094, "esti_param.R_INFORM_SAVE_ce9901": 1.139, "esti_param.R_INFORM_SAVE_ne0209": 1.139, "esti_param.R_INFORM_SAVE_ne9901": 1.2790000000000001, "esti_param.alpha_k": 0.36, "esti_param.beta": 0.96, "esti_param.c_min_bound": 0.001, "esti_param.kappa": 0.6032341432031361, "esti_param.kappa_ce0209": 0.25, "esti_param.kappa_ce9901": 0.25, "esti_param.kappa_ne0209": 0.6032341432031361, "esti_param.kappa_ne9901": 0.6924766429314868, "esti_param.logit_sd_scale": 1.0, "esti_param.rho": 1.0, "fb2_btp_fb_opti_grid_j_agg": -0.07620932631810462, "fb2_btp_fb_opti_grid_j_agg_ifj": -0.4775889025700082, "fb2_btp_fs_opti_grid_j_agg": 0.0, "fb2_btp_fs_opti_grid_j_agg_ifj": 0.0, "fb2_btp_ib_opti_grid_j_agg": 0.0, "fb2_btp_ib_opti_grid_j_agg_ifj": 0.0, "fb2_btp_il_opti_grid_j_agg": 0.0, "fb2_btp_il_opti_grid_j_agg_ifj": 0.0, "fb2_btp_opti_grid_j_agg": -0.07620932631810462, "fb2_btp_opti_grid_j_agg_ifj": -0.4775889025700082, "fb2_consumption_opti_grid_j_agg": 0.16114127225368816, "fb2_consumption_opti_grid_j_agg_ifj": 1.0098000403894027, "fb2_ktp_opti_grid_j_agg": 0.5125492158283126, "fb2_ktp_opti_grid_j_agg_ifj": 3.2228695397279896, "fbis2_btp_fb_opti_grid_j_agg": -0.02273096469737876, "fbis2_btp_fb_opti_grid_j_agg_ifj": -0.899962445051749, "fbis2_btp_fs_opti_grid_j_agg": 0.0, "fbis2_btp_fs_opti_grid_j_agg_ifj": 0.0, "fbis2_btp_ib_opti_grid_j_agg": 0.0, "fbis2_btp_ib_opti_grid_j_agg_ifj": 0.0, "fbis2_btp_il_opti_grid_j_agg": 0.05211640389829554, "fbis2_btp_il_opti_grid_j_agg_ifj": 0.9539892071330291, "fbis2_btp_opti_grid_j_agg": 0.02938543920091676, "fbis2_btp_opti_grid_j_agg_ifj": 0.05402676208128004, "fbis2_consumption_opti_grid_j_agg": 0.02434028255875548, "fbis2_consumption_opti_grid_j_agg_ifj": 0.5144709064474461, "fbis2_ktp_opti_grid_j_agg": 0.037681827120525285, "fbis2_ktp_opti_grid_j_agg_ifj": 1.4918957343379209, "file_save_suffix": "_20180901x_list_tKap_mlt_ne1a2_c2_kapp_ne99016398_kapp_ne02094346_20180912133950657716_exo_wgtJ", "fs_btp_fb_opti_grid_j_agg": 0.0, "fs_btp_fb_opti_grid_j_agg_ifj": 0.0, "fs_btp_fs_opti_grid_j_agg": 0.1528307018771052, "fs_btp_fs_opti_grid_j_agg_ifj": 0.7438402725757738, "fs_btp_ib_opti_grid_j_agg": 0.0, "fs_btp_ib_opti_grid_j_agg_ifj": 0.0, "fs_btp_il_opti_grid_j_agg": 0.0, "fs_btp_il_opti_grid_j_agg_ifj": 0.0, "fs_btp_opti_grid_j_agg": 0.1528307018771052,