{"esti_obj.main_allperiods_obj": 22.32627845040836, "ktp_opti_grid_allJ_agg": 3.1048527923995444, "ktp_opti_grid_allJ_agg_var": 2.138164964817008, "ib_probJ_opti_grid_j_agg": 0.2713293867595949, "is_probJ_opti_grid_j_agg": 0.027852645209360274, "fb2_probJ_opti_grid_j_agg": 0.14260753483787658, "fs_probJ_opti_grid_j_agg": 0.16833462317180894, "ibfb2_probJ_opti_grid_j_agg": 0.12326055488133204, "fbis2_probJ_opti_grid_j_agg": 0.019906021121793984, "none_probJ_opti_grid_j_agg": 0.2467092340182035, "period_dictkey": "ne9901", "data_model": "model", "level_0": 1, "P_jp_j.0.0": 0.3118415813746328, "P_jp_j.0.1": 0.023797409007953504, "P_jp_j.0.102": 0.13659307070822366, "P_jp_j.0.104": 0.12260922652692445, "P_jp_j.0.105": 0.016934872303821912, "P_jp_j.0.3": 0.14977670582687647, "P_jp_j.0.6": 0.23844713425156705, "P_jp_j.1.0": 0.21821922386898168, "P_jp_j.1.1": 0.04853307195028902, "P_jp_j.1.102": 0.14680432670785665, "P_jp_j.1.104": 0.12247617007774522, "P_jp_j.1.105": 0.0360967991015486, "P_jp_j.1.3": 0.18875529715479014, "P_jp_j.1.6": 0.23911511113878875, "P_jp_j.102.0": 0.26975843467878563, "P_jp_j.102.1": 0.026463114454038747, "P_jp_j.102.102": 0.1466996465309511, "P_jp_j.102.104": 0.12799252409193618, "P_jp_j.102.105": 0.01897772374093514, "P_jp_j.102.3": 0.166874358579955, "P_jp_j.102.6": 0.24323419792339834, "P_jp_j.104.0": 0.2900714882980168, "P_jp_j.104.1": 0.023856525802181585, "P_jp_j.104.102": 0.1422309876027456, "P_jp_j.104.104": 0.12590313011530785, "P_jp_j.104.105": 0.017251644480027747, "P_jp_j.104.3": 0.15680066011259766, "P_jp_j.104.6": 0.2438855635891227, "P_jp_j.105.0": 0.2366578124390049, "P_jp_j.105.1": 0.04891117239901995, "P_jp_j.105.102": 0.14738070374909018, "P_jp_j.105.104": 0.12668100158080428, "P_jp_j.105.105": 0.03648355586521043, "P_jp_j.105.3": 0.1771547023584838, "P_jp_j.105.6": 0.22673105160838655, "P_jp_j.3.0": 0.2354490501667172, "P_jp_j.3.1": 0.030575007956086482, "P_jp_j.3.102": 0.14594133507382395, "P_jp_j.3.104": 0.12099258581255425, "P_jp_j.3.105": 0.02154670337637189, "P_jp_j.3.3": 0.18815991813729915, "P_jp_j.3.6": 0.2573353994771472, "P_jp_j.6.0": 0.2515938198367281, "P_jp_j.6.1": 0.029220904574292817, "P_jp_j.6.102": 0.14391128726123334, "P_jp_j.6.104": 0.12128139181224898, "P_jp_j.6.105": 0.02075150931699285, "P_jp_j.6.3": 0.17880690944873476, "P_jp_j.6.6": 0.25443417774976923, "btp_fb_opti_grid_allJ_agg": -0.21265114282601807, "btp_fb_opti_grid_allJ_agg_var": 0.1874116371864944, "btp_fs_opti_grid_allJ_agg": 0.19126947798729685, "btp_fs_opti_grid_allJ_agg_var": 0.43963134447227786, "btp_ib_opti_grid_allJ_agg": -0.10754949088038623, "btp_ib_opti_grid_allJ_agg_var": 0.10519751793130652, "btp_il_opti_grid_allJ_agg": 0.15408571424428874, "btp_il_opti_grid_allJ_agg_var": 0.7610647553844692, "btp_opti_grid_allJ_agg": 0.02515455852518129, "btp_opti_grid_allJ_agg_var": 1.4196266677692224, "cash_grid_centered_allJ_agg": 4.545982772340015, "cash_grid_centered_allJ_agg_var": 6.047332644056794, "combo_desc": "Angeletos quickBNF_BORR_P-0.500;BNF_SAVE_P-0.300;BNI_BORR_P-0.100;BNI_LEND_P-2.000;R_FORMAL_BORR-1.148;R_FORMAL_SAVE-1.033;R_INFORM_BORR-1.279;R_INFORM_SAVE-1.279;kappa-0.671;kappa_ne0209-0.619;kappa_ne9901-0.671", "consumption_opti_grid_allJ_agg": 1.0766222001875403, "consumption_opti_grid_allJ_agg_var": 0.6726832333349981, "data_param.A": -0.03125, "data_param.Region": 0.0, "data_param.Region_set": "[0, 1]", "data_param.Year": 0.0, "data_param.Year_set": "[0, 1]", "data_param.len_A": 1.0, "data_param.mean_A": -0.03125, "data_param.std_A": 0.0, "esti_obj.main_obj": 6.294481824858963, "esti_obj.subsets_main.agg_prob_for": 1.1347915695939577, "esti_obj.subsets_main.agg_prob_inf": 0.2231342255388444, "esti_obj.subsets_main.agg_prob_jnt": 1.6788735487727622, "esti_obj.subsets_main.agg_prob_none": 0.8410583604205608, "esti_obj.subsets_main.equi_BI": 0.002165620084975028, "esti_obj.subsets_main.mean_K": 2.4144585004478616, "esti_obj.subsets_other.agg_prob": 0.4397464878992444, "esti_obj.subsets_other.agg_prob_brr": 0.14546129704038627, "esti_obj.subsets_other.agg_prob_sav": 0.20257595684065471, "esti_obj.subsets_other.mean_KYC": 0.6232681590614798, "esti_param.BNF_BORR_P": 0.5, "esti_param.BNF_BORR_P_ce0209": 0.5, "esti_param.BNF_BORR_P_ce9901": 0.5, "esti_param.BNF_BORR_P_ne0209": 0.5, "esti_param.BNF_BORR_P_ne9901": 0.5, "esti_param.BNF_SAVE_P": 0.3, "esti_param.BNF_SAVE_P_ce0209": 0.3, "esti_param.BNF_SAVE_P_ce9901": 0.3, "esti_param.BNF_SAVE_P_ne0209": 0.3, "esti_param.BNF_SAVE_P_ne9901": 0.3, "esti_param.BNI_BORR_P": 0.1, "esti_param.BNI_BORR_P_ce0209": 0.1, "esti_param.BNI_BORR_P_ce9901": 0.1, "esti_param.BNI_BORR_P_ne0209": 0.1, "esti_param.BNI_BORR_P_ne9901": 0.1, "esti_param.BNI_LEND_P": 2.0, "esti_param.BNI_LEND_P_ce0209": 2.0, "esti_param.BNI_LEND_P_ce9901": 2.0, "esti_param.BNI_LEND_P_ne0209": 2.0, "esti_param.BNI_LEND_P_ne9901": 2.0, "esti_param.K_DEPRECIATION": 0.15, "esti_param.R_AVG_INT": 1.1, "esti_param.R_FORMAL_BORR": 1.148, "esti_param.R_FORMAL_BORR_ce0209": 1.054, "esti_param.R_FORMAL_BORR_ce9901": 1.061, "esti_param.R_FORMAL_BORR_ne0209": 1.061, "esti_param.R_FORMAL_BORR_ne9901": 1.148, "esti_param.R_FORMAL_SAVE": 1.033, "esti_param.R_FORMAL_SAVE_ce0209": 1.01, "esti_param.R_FORMAL_SAVE_ce9901": 1.011, "esti_param.R_FORMAL_SAVE_ne0209": 1.011, "esti_param.R_FORMAL_SAVE_ne9901": 1.033, "esti_param.R_INFORM": 1.1, "esti_param.R_INFORM_BORR": 1.2790000000000001, "esti_param.R_INFORM_BORR_ce0209": 1.094, "esti_param.R_INFORM_BORR_ce9901": 1.139, "esti_param.R_INFORM_BORR_ne0209": 1.139, "esti_param.R_INFORM_BORR_ne9901": 1.2790000000000001, "esti_param.R_INFORM_SAVE": 1.2790000000000001, "esti_param.R_INFORM_SAVE_ce0209": 1.094, "esti_param.R_INFORM_SAVE_ce9901": 1.139, "esti_param.R_INFORM_SAVE_ne0209": 1.139, "esti_param.R_INFORM_SAVE_ne9901": 1.2790000000000001, "esti_param.alpha_k": 0.36, "esti_param.beta": 0.96, "esti_param.c_min_bound": 0.001, "esti_param.kappa": 0.6709382581567512, "esti_param.kappa_ce0209": 0.25, "esti_param.kappa_ce9901": 0.25, "esti_param.kappa_ne0209": 0.6187907116230067, "esti_param.kappa_ne9901": 0.6709382581567512, "esti_param.logit_sd_scale": 1.0, "esti_param.rho": 1.0, "fb2_btp_fb_opti_grid_j_agg": -0.058563408484449124, "fb2_btp_fb_opti_grid_j_agg_ifj": -0.3833031447152813, "fb2_btp_fs_opti_grid_j_agg": 0.0, "fb2_btp_fs_opti_grid_j_agg_ifj": 0.0, "fb2_btp_ib_opti_grid_j_agg": 0.0, "fb2_btp_ib_opti_grid_j_agg_ifj": 0.0, "fb2_btp_il_opti_grid_j_agg": 0.0, "fb2_btp_il_opti_grid_j_agg_ifj": 0.0, "fb2_btp_opti_grid_j_agg": -0.058563408484449124, "fb2_btp_opti_grid_j_agg_ifj": -0.3833031447152813, "fb2_consumption_opti_grid_j_agg": 0.15570649036293166, "fb2_consumption_opti_grid_j_agg_ifj": 1.0554556299066262, "fb2_ktp_opti_grid_j_agg": 0.4908022147123916, "fb2_ktp_opti_grid_j_agg_ifj": 3.327701008660221, "fbis2_btp_fb_opti_grid_j_agg": -0.026308498479243957, "fbis2_btp_fb_opti_grid_j_agg_ifj": -1.0134492093086154, "fbis2_btp_fs_opti_grid_j_agg": 0.0, "fbis2_btp_fs_opti_grid_j_agg_ifj": 0.0, "fbis2_btp_ib_opti_grid_j_agg": 0.0, "fbis2_btp_ib_opti_grid_j_agg_ifj": 0.0, "fbis2_btp_il_opti_grid_j_agg": 0.0775824623315084, "fbis2_btp_il_opti_grid_j_agg_ifj": 1.3079822552410492, "fbis2_btp_opti_grid_j_agg": 0.05127396385226445, "fbis2_btp_opti_grid_j_agg_ifj": 0.2945330459324335, "fbis2_consumption_opti_grid_j_agg": 0.029850902259745193, "fbis2_consumption_opti_grid_j_agg_ifj": 0.5630485573137698, "fbis2_ktp_opti_grid_j_agg": 0.039211504425937065, "fbis2_ktp_opti_grid_j_agg_ifj": 1.510495484476969, "file_save_suffix": "_20180901x_list_tKap_mlt_ne1a2_c0_kapp_ne99012797_kapp_ne02092265_20180912134035687816_exo_wgtJ", "fs_btp_fb_opti_grid_j_agg": 0.0, "fs_btp_fb_opti_grid_j_agg_ifj": 0.0, "fs_btp_fs_opti_grid_j_agg": 0.19126947798729688, "fs_btp_fs_opti_grid_j_agg_ifj": 0.975609406313806, "fs_btp_ib_opti_grid_j_agg": 0.0, "fs_btp_ib_opti_grid_j_agg_ifj": 0.0, "fs_btp_il_opti_grid_j_agg": 0.0, "fs_btp_il_opti_grid_j_agg_ifj": 0.0, "fs_btp_opti_grid_j_agg": 0.19126947798729688,