{"esti_obj.main_allperiods_obj": 15.415139511091436, "ktp_opti_grid_allJ_agg": 4.1573883678667745, "ktp_opti_grid_allJ_agg_var": 6.687496490201711, "ib_probJ_opti_grid_j_agg": 0.23878800751233276, "is_probJ_opti_grid_j_agg": 0.030807558459848762, "fb2_probJ_opti_grid_j_agg": 0.1330993956948289, "fs_probJ_opti_grid_j_agg": 0.18453024794211687, "ibfb2_probJ_opti_grid_j_agg": 0.11446936425645285, "fbis2_probJ_opti_grid_j_agg": 0.018803504630790467, "none_probJ_opti_grid_j_agg": 0.2795019215033624, "period_dictkey": "ce9901", "data_model": "model", "level_0": 6, "P_jp_j.0.0": 0.2409793528042321, "P_jp_j.0.1": 0.02837038005559555, "P_jp_j.0.102": 0.1327290388314873, "P_jp_j.0.104": 0.11380478778413065, "P_jp_j.0.105": 0.016968132855684128, "P_jp_j.0.3": 0.1842804746996648, "P_jp_j.0.6": 0.2828678329692054, "P_jp_j.1.0": 0.2153498020894853, "P_jp_j.1.1": 0.056102310345493435, "P_jp_j.1.102": 0.13789210778511893, "P_jp_j.1.104": 0.12226982546498688, "P_jp_j.1.105": 0.03738545761998413, "P_jp_j.1.3": 0.18869432635465072, "P_jp_j.1.6": 0.24230617034028065, "P_jp_j.102.0": 0.2390456558082487, "P_jp_j.102.1": 0.030122275307403332, "P_jp_j.102.102": 0.133503255204268, "P_jp_j.102.104": 0.11483409335494126, "P_jp_j.102.105": 0.018161764571862297, "P_jp_j.102.3": 0.18477305330530985, "P_jp_j.102.6": 0.2795599024479667, "P_jp_j.104.0": 0.2387795232522462, "P_jp_j.104.1": 0.0303921403725171, "P_jp_j.104.102": 0.1335813944315325, "P_jp_j.104.104": 0.1149482954513224, "P_jp_j.104.105": 0.0183589336041912, "P_jp_j.104.3": 0.1848437552866408, "P_jp_j.104.6": 0.2790959576015499, "P_jp_j.105.0": 0.21141131797048054, "P_jp_j.105.1": 0.061063488904865425, "P_jp_j.105.102": 0.13782098279501365, "P_jp_j.105.104": 0.1226959817259232, "P_jp_j.105.105": 0.041200549774446336, "P_jp_j.105.3": 0.18908507569294591, "P_jp_j.105.6": 0.23672260313632495, "P_jp_j.3.0": 0.23764361699251202, "P_jp_j.3.1": 0.03173692903486032, "P_jp_j.3.102": 0.1337149320629864, "P_jp_j.3.104": 0.11522085400946948, "P_jp_j.3.105": 0.0193840947792302, "P_jp_j.3.3": 0.18497183126519234, "P_jp_j.3.6": 0.2773277418557492, "P_jp_j.6.0": 0.24139468447804455, "P_jp_j.6.1": 0.027979219457850438, "P_jp_j.6.102": 0.1325492760731991, "P_jp_j.6.104": 0.11356653975118212, "P_jp_j.6.105": 0.01670925913019742, "P_jp_j.6.3": 0.18416647996938215, "P_jp_j.6.6": 0.2836345411401441, "btp_fb_opti_grid_allJ_agg": -0.03516507305474787, "btp_fb_opti_grid_allJ_agg_var": 0.012362325999669405, "btp_fs_opti_grid_allJ_agg": 0.2963922913759196, "btp_fs_opti_grid_allJ_agg_var": 1.5350931593227284, "btp_ib_opti_grid_allJ_agg": -0.0034399081136438315, "btp_ib_opti_grid_allJ_agg_var": 0.0014136606017394627, "btp_il_opti_grid_allJ_agg": 0.3177476494655591, "btp_il_opti_grid_allJ_agg_var": 3.374580773686072, "btp_opti_grid_allJ_agg": 0.575534959673087, "btp_opti_grid_allJ_agg_var": 4.648524718994416, "cash_grid_centered_allJ_agg": 5.917366275045588, "cash_grid_centered_allJ_agg_var": 13.073263873225253, "combo_desc": "Angeletos quickBNF_BORR_P-0.500;BNF_SAVE_P-0.300;BNI_BORR_P-0.100;BNI_LEND_P-2.000;R_FORMAL_BORR-1.061;R_FORMAL_SAVE-1.011;R_INFORM_BORR-1.139;R_INFORM_SAVE-1.139;kappa-0.250BNF_BORR_P-0.500;BNF_SAVE_P-0.300;BNI_BORR_P-0.100;BNI_LEND_P-2.000;R_FORMAL_BORR-1.061;R_FORMAL_SAVE-1.011;R_INFORM_BORR-1.139;R_INFORM_SAVE-1.139;kappa-0.250", "consumption_opti_grid_allJ_agg": 0.9009047915542908, "consumption_opti_grid_allJ_agg_var": 0.2275749066247017, "data_param.A": -0.03125, "data_param.Region": 0.0, "data_param.Region_set": "[0, 1]", "data_param.Year": 0.0, "data_param.Year_set": "[0, 1]", "data_param.len_A": 1.0, "data_param.mean_A": -0.03125, "data_param.std_A": 0.0, "dist_param.data__A.dist": "normal", "dist_param.data__A.integrate.method": "grid", "dist_param.data__A.integrate.params.points": 8.0, "dist_param.data__A.params.mu": -0.19352509391498932, "dist_param.data__A.params.sd": 0.1855778634804744, "dist_param.data__A_mu_ce0209.params.mu": 0.06612430296170181, "dist_param.data__A_mu_ce9901.params.mu": -0.19352509391498932, "dist_param.data__A_mu_ne0209.dist": "normal", "dist_param.data__A_mu_ne0209.integrate.method": "grid", "dist_param.data__A_mu_ne0209.integrate.params.points": 8.0, "dist_param.data__A_mu_ne0209.params.mu": -0.19352509391498932, "dist_param.data__A_mu_ne0209.params.sd": 0.1855778634804744, "dist_param.data__A_mu_ne9901.dist": "normal", "dist_param.data__A_mu_ne9901.integrate.method": "grid", "dist_param.data__A_mu_ne9901.integrate.params.points": 8.0, "dist_param.data__A_mu_ne9901.params.mu": -0.19352509391498932, "dist_param.data__A_mu_ne9901.params.sd": 0.1855778634804744, "dist_param.data__A_sd_ce0209.params.sd": 0.2815358830092773, "dist_param.data__A_sd_ce9901.params.sd": 0.1855778634804744, "dist_param.data__A_sd_ne0209.dist": "normal", "dist_param.data__A_sd_ne0209.integrate.method": "grid", "dist_param.data__A_sd_ne0209.integrate.params.points": 8.0, "dist_param.data__A_sd_ne0209.params.mu": -0.19352509391498932, "dist_param.data__A_sd_ne0209.params.sd": 0.1855778634804744, "dist_param.data__A_sd_ne9901.dist": "normal", "dist_param.data__A_sd_ne9901.integrate.method": "grid", "dist_param.data__A_sd_ne9901.integrate.params.points": 8.0, "dist_param.data__A_sd_ne9901.params.mu": -0.19352509391498932, "dist_param.data__A_sd_ne9901.params.sd": 0.1855778634804744, "dist_param.dist_param_integrate_points.combo_desc_integrate_loop": "Productivity", "dist_param.dist_param_integrate_points.file_save_suffix_integrate_loop": "_A", "dist_param.dist_param_integrate_points.param_descs": "['A=-0.47822390685743726', 'A=-0.3581598569317669', 'A=-0.2842311760093037', 'A=-0.22271847466759556', 'A=-0.16433171316238313', 'A=-0.10281901182067497', 'A=-0.028890330898211775', 'A=0.09117371902745858']", "dist_param.dist_param_integrate_points.param_names": "['A']", "dist_param.dist_param_integrate_points.param_save_suffixs": "['0', '1200', '1939', '2555', '3138', '3754', '4493', '5693']", "dist_param.dist_param_integrate_points.param_types": "['data_type']", "dist_param.dist_param_integrate_points.param_values.data_type_A": "[-0.47822390685743726, -0.3581598569317669, -0.2842311760093037, -0.22271847466759556, -0.16433171316238313, -0.10281901182067497, -0.028890330898211775, 0.09117371902745858]", "dist_param.dist_param_integrate_points.param_values_keys": "['data_type_A']", "dist_param.dist_param_integrate_points.param_weights": "[0.125, 0.125, 0.125, 0.125, 0.125, 0.125, 0.125, 0.125]", "dist_param.dist_param_integrate_points.title_integrate_loop": "Productivity Loop", "esti_obj.main_obj": 5.545740029327111, "esti_obj.subsets_main.agg_prob_for": 2.004097262586121, "esti_obj.subsets_main.agg_prob_inf": 2.154737130010672, "esti_obj.subsets_main.agg_prob_jnt": 0.4159551556584482, "esti_obj.subsets_main.agg_prob_none": 0.030618275107449088, "esti_obj.subsets_main.equi_BI": 0.0987893562737425, "esti_obj.subsets_main.mean_K": 0.8415428496906784, "esti_obj.subsets_other.agg_prob": 0.4287368697191166, "esti_obj.subsets_other.agg_prob_brr": 0.29315797607395666, "esti_obj.subsets_other.agg_prob_sav": 0.11808081514852235, "esti_obj.subsets_other.mean_KYC": 0.4788936328577504, "esti_param.BNF_BORR_P": 0.5, "esti_param.BNF_BORR_P_ce0209": 0.5, "esti_param.BNF_BORR_P_ce9901": 0.5, "esti_param.BNF_BORR_P_ne0209": 0.5, "esti_param.BNF_BORR_P_ne9901": 0.5, "esti_param.BNF_SAVE_P": 0.3, "esti_param.BNF_SAVE_P_ce0209": 0.3, "esti_param.BNF_SAVE_P_ce9901": 0.3, "esti_param.BNF_SAVE_P_ne0209": 0.3, "esti_param.BNF_SAVE_P_ne9901": 0.3, "esti_param.BNI_BORR_P": 0.1, "esti_param.BNI_BORR_P_ce0209": 0.1, "esti_param.BNI_BORR_P_ce9901": 0.1, "esti_param.BNI_BORR_P_ne0209": 0.1, "esti_param.BNI_BORR_P_ne9901": 0.1, "esti_param.BNI_LEND_P": 2.0, "esti_param.BNI_LEND_P_ce0209": 2.0, "esti_param.BNI_LEND_P_ce9901": 2.0, "esti_param.BNI_LEND_P_ne0209": 2.0, "esti_param.BNI_LEND_P_ne9901": 2.0, "esti_param.K_DEPRECIATION": 0.15, "esti_param.R_AVG_INT": 1.1, "esti_param.R_FORMAL_BORR": 1.061, "esti_param.R_FORMAL_BORR_ce0209": 1.054,