{"esti_obj.main_allperiods_obj": 767.9957973735353, "ktp_opti_grid_allJ_agg": 3.0213796299608586, "ktp_opti_grid_allJ_agg_var": 2.7740467280661094, "ib_probJ_opti_grid_j_agg": 0.2637912331154659, "is_probJ_opti_grid_j_agg": 0.0119924456314989, "fb2_probJ_opti_grid_j_agg": 0.10829912874617637, "fs_probJ_opti_grid_j_agg": 0.1800759361626381, "ibfb2_probJ_opti_grid_j_agg": 0.08598684201225268, "fbis2_probJ_opti_grid_j_agg": 0.005833303102074817, "none_probJ_opti_grid_j_agg": 0.34402111123067697, "period_dictkey": "ne0209", "data_model": "model", "level_0": 5, "P_jp_j.0.0": 0.2655135374875233, "P_jp_j.0.1": 0.010831486680403795, "P_jp_j.0.102": 0.10730012812252998, "P_jp_j.0.104": 0.08480404074605151, "P_jp_j.0.105": 0.005128620237145868, "P_jp_j.0.3": 0.17918501813374502, "P_jp_j.0.6": 0.3472371685926005, "P_jp_j.1.0": 0.2328495225918984, "P_jp_j.1.1": 0.036161348916056636, "P_jp_j.1.102": 0.1263400918122389, "P_jp_j.1.104": 0.10662138791500801, "P_jp_j.1.105": 0.020669032346966192, "P_jp_j.1.3": 0.19974050972937665, "P_jp_j.1.6": 0.2776181066884552, "P_jp_j.102.0": 0.2623517819746338, "P_jp_j.102.1": 0.012505001521581691, "P_jp_j.102.102": 0.11011849967908433, "P_jp_j.102.104": 0.08785311434894849, "P_jp_j.102.105": 0.006033631413411789, "P_jp_j.102.3": 0.1818102618244396, "P_jp_j.102.6": 0.3393277092379003, "P_jp_j.104.0": 0.26179685471495684, "P_jp_j.104.1": 0.012816256935181066, "P_jp_j.104.102": 0.11091968343419953, "P_jp_j.104.104": 0.08865066968735907, "P_jp_j.104.105": 0.006199279160930157, "P_jp_j.104.3": 0.18266371120552, "P_jp_j.104.6": 0.33695354486185336, "P_jp_j.105.0": 0.2267053386803241, "P_jp_j.105.1": 0.042524905266253216, "P_jp_j.105.102": 0.12753595289559275, "P_jp_j.105.104": 0.10845354322473072, "P_jp_j.105.105": 0.024947224886751558, "P_jp_j.105.3": 0.20211705859862367, "P_jp_j.105.6": 0.26771597644772394, "P_jp_j.3.0": 0.2614933987584056, "P_jp_j.3.1": 0.013216313461896004, "P_jp_j.3.102": 0.11058326431833493, "P_jp_j.3.104": 0.08841482214112084, "P_jp_j.3.105": 0.0064644685278304114, "P_jp_j.3.3": 0.18219016890582015, "P_jp_j.3.6": 0.3376375638865921, "P_jp_j.6.0": 0.2661572805350814, "P_jp_j.6.1": 0.010416513697096957, "P_jp_j.6.102": 0.1062419243824642, "P_jp_j.6.104": 0.08376668178464171, "P_jp_j.6.105": 0.0049207131517271475, "P_jp_j.6.3": 0.17813141993871467, "P_jp_j.6.6": 0.3503654665102739, "btp_fb_opti_grid_allJ_agg": -0.011757890066713048, "btp_fb_opti_grid_allJ_agg_var": 0.0021733972692951353, "btp_fs_opti_grid_allJ_agg": 0.25277722143142445, "btp_fs_opti_grid_allJ_agg_var": 0.7862932929546511, "btp_ib_opti_grid_allJ_agg": -0.0064621646275556475, "btp_ib_opti_grid_allJ_agg_var": 0.0013515113294803676, "btp_il_opti_grid_allJ_agg": 0.09173606902546087, "btp_il_opti_grid_allJ_agg_var": 0.7310883279538485, "btp_opti_grid_allJ_agg": 0.32629323576261665, "btp_opti_grid_allJ_agg_var": 1.4659521875868695, "cash_grid_centered_allJ_agg": 4.117799050401931, "cash_grid_centered_allJ_agg_var": 4.882571817203601, "combo_desc": "Angeletos quickBNF_BORR_P-0.500;BNF_SAVE_P-0.300;BNI_BORR_P-0.100;BNI_LEND_P-2.000;R_FORMAL_BORR-1.061;R_FORMAL_SAVE-1.011;R_INFORM_BORR-1.139;R_INFORM_SAVE-1.139;kappa-0.250BNF_BORR_P-0.500;BNF_SAVE_P-0.300;BNI_BORR_P-0.100;BNI_LEND_P-2.000;R_FORMAL_BORR-1.061;R_FORMAL_SAVE-1.011;R_INFORM_BORR-1.139;R_INFORM_SAVE-1.139;kappa-0.250", "consumption_opti_grid_allJ_agg": 0.557894284016745, "consumption_opti_grid_allJ_agg_var": 0.07992441334532291, "data_param.A": -0.03125, "data_param.Region": 0.0, "data_param.Region_set": "[0, 1]", "data_param.Year": 0.0, "data_param.Year_set": "[0, 1]", "data_param.len_A": 1.0, "data_param.mean_A": -0.03125, "data_param.std_A": 0.0, "dist_param.data__A.dist": "normal", "dist_param.data__A.integrate.method": "grid", "dist_param.data__A.integrate.params.points": 8.0, "dist_param.data__A.params.mu": -0.4666128544556673, "dist_param.data__A.params.sd": 0.15, "dist_param.data__A_mu_ce0209.dist": "normal", "dist_param.data__A_mu_ce0209.integrate.method": "grid", "dist_param.data__A_mu_ce0209.integrate.params.points": 8.0, "dist_param.data__A_mu_ce0209.params.mu": -0.4666128544556673, "dist_param.data__A_mu_ce0209.params.sd": 0.15, "dist_param.data__A_mu_ce9901.dist": "normal", "dist_param.data__A_mu_ce9901.integrate.method": "grid", "dist_param.data__A_mu_ce9901.integrate.params.points": 8.0, "dist_param.data__A_mu_ce9901.params.mu": -0.4666128544556673, "dist_param.data__A_mu_ce9901.params.sd": 0.15, "dist_param.data__A_mu_ne0209.params.mu": -0.4666128544556673, "dist_param.data__A_mu_ne9901.params.mu": 0.5, "dist_param.data__A_sd_ce0209.dist": "normal", "dist_param.data__A_sd_ce0209.integrate.method": "grid", "dist_param.data__A_sd_ce0209.integrate.params.points": 8.0, "dist_param.data__A_sd_ce0209.params.mu": -0.4666128544556673, "dist_param.data__A_sd_ce0209.params.sd": 0.15, "dist_param.data__A_sd_ce9901.dist": "normal", "dist_param.data__A_sd_ce9901.integrate.method": "grid", "dist_param.data__A_sd_ce9901.integrate.params.points": 8.0, "dist_param.data__A_sd_ce9901.params.mu": -0.4666128544556673, "dist_param.data__A_sd_ce9901.params.sd": 0.15, "dist_param.data__A_sd_ne0209.params.sd": 0.15, "dist_param.data__A_sd_ne9901.params.sd": 0.3302666285166409, "dist_param.dist_param_integrate_points.combo_desc_integrate_loop": "Productivity", "dist_param.dist_param_integrate_points.file_save_suffix_integrate_loop": "_A", "dist_param.dist_param_integrate_points.param_descs": "['A=-0.6967309361085492', 'A=-0.5996848383084987', 'A=-0.5399293161228678', 'A=-0.4902094571471929', 'A=-0.4430162517641417', 'A=-0.3932963927884669', 'A=-0.3335408706028359', 'A=-0.23649477280278536']", "dist_param.dist_param_integrate_points.param_names": "['A']", "dist_param.dist_param_integrate_points.param_save_suffixs": "['0', '970', '1568', '2065', '2537', '3034', '3631', '4602']", "dist_param.dist_param_integrate_points.param_types": "['data_type']", "dist_param.dist_param_integrate_points.param_values.data_type_A": "[-0.6967309361085492, -0.5996848383084987, -0.5399293161228678, -0.4902094571471929, -0.4430162517641417, -0.3932963927884669, -0.3335408706028359, -0.23649477280278536]", "dist_param.dist_param_integrate_points.param_values_keys": "['data_type_A']", "dist_param.dist_param_integrate_points.param_weights": "[0.125, 0.125, 0.125, 0.125, 0.125, 0.125, 0.125, 0.125]", "dist_param.dist_param_integrate_points.title_integrate_loop": "Productivity Loop", "esti_obj.main_obj": 23.224304163220783, "esti_obj.subsets_main.agg_prob_for": 3.462128727371043, "esti_obj.subsets_main.agg_prob_inf": 4.208926084259786, "esti_obj.subsets_main.agg_prob_jnt": 6.233532183243288, "esti_obj.subsets_main.agg_prob_none": 8.295616051455402, "esti_obj.subsets_main.equi_BI": 0.007271638771263082, "esti_obj.subsets_main.mean_K": 1.0168294781199994, "esti_obj.subsets_other.agg_prob": 1.0597765610167782, "esti_obj.subsets_other.agg_prob_brr": 0.6225052623570368, "esti_obj.subsets_other.agg_prob_sav": 0.14925018742906435, "esti_obj.subsets_other.mean_KYC": 0.5020905371446616, "esti_param.BNF_BORR_P": 0.5, "esti_param.BNF_BORR_P_ce0209": 0.5, "esti_param.BNF_BORR_P_ce9901": 0.5, "esti_param.BNF_BORR_P_ne0209": 0.5, "esti_param.BNF_BORR_P_ne9901": 0.5, "esti_param.BNF_SAVE_P": 0.3, "esti_param.BNF_SAVE_P_ce0209": 0.3, "esti_param.BNF_SAVE_P_ce9901": 0.3, "esti_param.BNF_SAVE_P_ne0209": 0.3, "esti_param.BNF_SAVE_P_ne9901": 0.3, "esti_param.BNI_BORR_P": 0.1, "esti_param.BNI_BORR_P_ce0209": 0.1, "esti_param.BNI_BORR_P_ce9901": 0.1, "esti_param.BNI_BORR_P_ne0209": 0.1, "esti_param.BNI_BORR_P_ne9901": 0.1, "esti_param.BNI_LEND_P": 2.0, "esti_param.BNI_LEND_P_ce0209": 2.0, "esti_param.BNI_LEND_P_ce9901": 2.0, "esti_param.BNI_LEND_P_ne0209": 2.0, "esti_param.BNI_LEND_P_ne9901": 2.0, "esti_param.K_DEPRECIATION": 0.15, "esti_param.R_AVG_INT": 1.1, "esti_param.R_FORMAL_BORR": 1.061, "esti_param.R_FORMAL_BORR_ce0209": 1.054, "esti_param.R_FORMAL_BORR_ce9901": 1.061, "esti_param.R_FORMAL_BORR_ne0209": 1.061,