{"esti_obj.main_allperiods_obj": 765.3320895794998, "ktp_opti_grid_allJ_agg": 2.9120083152068967, "ktp_opti_grid_allJ_agg_var": 2.518783917012392, "ib_probJ_opti_grid_j_agg": 0.2664253337241124, "is_probJ_opti_grid_j_agg": 0.01046101948047308, "fb2_probJ_opti_grid_j_agg": 0.10437193456467056, "fs_probJ_opti_grid_j_agg": 0.17853073897872904, "ibfb2_probJ_opti_grid_j_agg": 0.08185695233214356, "fbis2_probJ_opti_grid_j_agg": 0.0049490186879453365, "none_probJ_opti_grid_j_agg": 0.3534050022316328, "period_dictkey": "ne0209", "data_model": "model", "level_0": 4, "P_jp_j.0.0": 0.2681112444208281, "P_jp_j.0.1": 0.009421315571558007, "P_jp_j.0.102": 0.10333390399995623, "P_jp_j.0.104": 0.080656951570588, "P_jp_j.0.105": 0.004336140500576945, "P_jp_j.0.3": 0.17757481270999206, "P_jp_j.0.6": 0.35656563122650065, "P_jp_j.1.0": 0.2343561908809988, "P_jp_j.1.1": 0.03423300668312693, "P_jp_j.1.102": 0.12450210426608538, "P_jp_j.1.104": 0.1043550446534806, "P_jp_j.1.105": 0.01921259390131391, "P_jp_j.1.3": 0.20127825053669876, "P_jp_j.1.6": 0.2820628090782957, "P_jp_j.102.0": 0.2647842723283279, "P_jp_j.102.1": 0.011043010413804163, "P_jp_j.102.102": 0.10648466492792644, "P_jp_j.102.104": 0.08399663901759409, "P_jp_j.102.105": 0.005186736307208728, "P_jp_j.102.3": 0.18065030151999592, "P_jp_j.102.6": 0.34785437548514275, "P_jp_j.104.0": 0.26419717734837994, "P_jp_j.104.1": 0.011349135150332935, "P_jp_j.104.102": 0.10745812967685828, "P_jp_j.104.104": 0.08493850397438019, "P_jp_j.104.105": 0.005342560647806393, "P_jp_j.104.3": 0.1817445530843496, "P_jp_j.104.6": 0.3449699401178927, "P_jp_j.105.0": 0.227878234681895, "P_jp_j.105.1": 0.040749500912485186, "P_jp_j.105.102": 0.12592363498532202, "P_jp_j.105.104": 0.10641402792973227, "P_jp_j.105.105": 0.023516286991917563, "P_jp_j.105.3": 0.20405526044716396, "P_jp_j.105.6": 0.2714630540514839, "P_jp_j.3.0": 0.2639997369057976, "P_jp_j.3.1": 0.0116575472310211, "P_jp_j.3.102": 0.1069738394328346, "P_jp_j.3.104": 0.08456825345962933, "P_jp_j.3.105": 0.005546168293667936, "P_jp_j.3.3": 0.18107072259728654, "P_jp_j.3.6": 0.3461837320797629, "P_jp_j.6.0": 0.268720933749954, "P_jp_j.6.1": 0.00903581054075227, "P_jp_j.6.102": 0.10214683162281317, "P_jp_j.6.104": 0.07951135471821072, "P_jp_j.6.105": 0.00414958825152299, "P_jp_j.6.3": 0.17632934249499246, "P_jp_j.6.6": 0.3601061386217543, "btp_fb_opti_grid_allJ_agg": -0.010290135257137676, "btp_fb_opti_grid_allJ_agg_var": 0.0017554175310215926, "btp_fs_opti_grid_allJ_agg": 0.24760671618562666, "btp_fs_opti_grid_allJ_agg_var": 0.7364092224339197, "btp_ib_opti_grid_allJ_agg": -0.006987470687531909, "btp_ib_opti_grid_allJ_agg_var": 0.0014621015052667175, "btp_il_opti_grid_allJ_agg": 0.07750554379059055, "btp_il_opti_grid_allJ_agg_var": 0.6010824643951679, "btp_opti_grid_allJ_agg": 0.3078346540315476, "btp_opti_grid_allJ_agg_var": 1.2966504032679411, "cash_grid_centered_allJ_agg": 3.9511352346428086, "cash_grid_centered_allJ_agg_var": 4.388034899020973, "combo_desc": "Angeletos quickBNF_BORR_P-0.500;BNF_SAVE_P-0.300;BNI_BORR_P-0.100;BNI_LEND_P-2.000;R_FORMAL_BORR-1.061;R_FORMAL_SAVE-1.011;R_INFORM_BORR-1.139;R_INFORM_SAVE-1.139;kappa-0.250BNF_BORR_P-0.500;BNF_SAVE_P-0.300;BNI_BORR_P-0.100;BNI_LEND_P-2.000;R_FORMAL_BORR-1.061;R_FORMAL_SAVE-1.011;R_INFORM_BORR-1.139;R_INFORM_SAVE-1.139;kappa-0.250", "consumption_opti_grid_allJ_agg": 0.5272024605342999, "consumption_opti_grid_allJ_agg_var": 0.07189098649794233, "data_param.A": -0.03125, "data_param.Region": 0.0, "data_param.Region_set": "[0, 1]", "data_param.Year": 0.0, "data_param.Year_set": "[0, 1]", "data_param.len_A": 1.0, "data_param.mean_A": -0.03125, "data_param.std_A": 0.0, "dist_param.data__A.dist": "normal", "dist_param.data__A.integrate.method": "grid", "dist_param.data__A.integrate.params.points": 8.0, "dist_param.data__A.params.mu": -0.5, "dist_param.data__A.params.sd": 0.15, "dist_param.data__A_mu_ce0209.dist": "normal", "dist_param.data__A_mu_ce0209.integrate.method": "grid", "dist_param.data__A_mu_ce0209.integrate.params.points": 8.0, "dist_param.data__A_mu_ce0209.params.mu": -0.5, "dist_param.data__A_mu_ce0209.params.sd": 0.15, "dist_param.data__A_mu_ce9901.dist": "normal", "dist_param.data__A_mu_ce9901.integrate.method": "grid", "dist_param.data__A_mu_ce9901.integrate.params.points": 8.0, "dist_param.data__A_mu_ce9901.params.mu": -0.5, "dist_param.data__A_mu_ce9901.params.sd": 0.15, "dist_param.data__A_mu_ne0209.params.mu": -0.5, "dist_param.data__A_mu_ne9901.params.mu": 0.505, "dist_param.data__A_sd_ce0209.dist": "normal", "dist_param.data__A_sd_ce0209.integrate.method": "grid", "dist_param.data__A_sd_ce0209.integrate.params.points": 8.0, "dist_param.data__A_sd_ce0209.params.mu": -0.5, "dist_param.data__A_sd_ce0209.params.sd": 0.15, "dist_param.data__A_sd_ce9901.dist": "normal", "dist_param.data__A_sd_ce9901.integrate.method": "grid", "dist_param.data__A_sd_ce9901.integrate.params.points": 8.0, "dist_param.data__A_sd_ce9901.params.mu": -0.5, "dist_param.data__A_sd_ce9901.params.sd": 0.15, "dist_param.data__A_sd_ne0209.params.sd": 0.15, "dist_param.data__A_sd_ne9901.params.sd": 0.35, "dist_param.dist_param_integrate_points.combo_desc_integrate_loop": "Productivity", "dist_param.dist_param_integrate_points.file_save_suffix_integrate_loop": "_A", "dist_param.dist_param_integrate_points.param_descs": "['A=-0.730118081652882', 'A=-0.6330719838528314', 'A=-0.5733164616672004', 'A=-0.5235966026915256', 'A=-0.4764033973084744', 'A=-0.4266835383327996', 'A=-0.36692801614716863', 'A=-0.26988191834711805']", "dist_param.dist_param_integrate_points.param_names": "['A']", "dist_param.dist_param_integrate_points.param_save_suffixs": "['0', '970', '1568', '2065', '2537', '3034', '3631', '4602']", "dist_param.dist_param_integrate_points.param_types": "['data_type']", "dist_param.dist_param_integrate_points.param_values.data_type_A": "[-0.730118081652882, -0.6330719838528314, -0.5733164616672004, -0.5235966026915256, -0.4764033973084744, -0.4266835383327996, -0.36692801614716863, -0.26988191834711805]", "dist_param.dist_param_integrate_points.param_values_keys": "['data_type_A']", "dist_param.dist_param_integrate_points.param_weights": "[0.125, 0.125, 0.125, 0.125, 0.125, 0.125, 0.125, 0.125]", "dist_param.dist_param_integrate_points.title_integrate_loop": "Productivity Loop", "esti_obj.main_obj": 24.025397695792734, "esti_obj.subsets_main.agg_prob_for": 3.594239652350989, "esti_obj.subsets_main.agg_prob_inf": 4.32749700876992, "esti_obj.subsets_main.agg_prob_jnt": 6.4454987499867675, "esti_obj.subsets_main.agg_prob_none": 8.84497353523975, "esti_obj.subsets_main.equi_BI": 0.004972798634168322, "esti_obj.subsets_main.mean_K": 0.8082159508111432, "esti_obj.subsets_other.agg_prob": 1.0807221498692416, "esti_obj.subsets_other.agg_prob_brr": 0.6331964468272983, "esti_obj.subsets_other.agg_prob_sav": 0.15012070081031065, "esti_obj.subsets_other.mean_KYC": 0.4740802451080663, "esti_param.BNF_BORR_P": 0.5, "esti_param.BNF_BORR_P_ce0209": 0.5, "esti_param.BNF_BORR_P_ce9901": 0.5, "esti_param.BNF_BORR_P_ne0209": 0.5, "esti_param.BNF_BORR_P_ne9901": 0.5, "esti_param.BNF_SAVE_P": 0.3, "esti_param.BNF_SAVE_P_ce0209": 0.3, "esti_param.BNF_SAVE_P_ce9901": 0.3, "esti_param.BNF_SAVE_P_ne0209": 0.3, "esti_param.BNF_SAVE_P_ne9901": 0.3, "esti_param.BNI_BORR_P": 0.1, "esti_param.BNI_BORR_P_ce0209": 0.1, "esti_param.BNI_BORR_P_ce9901": 0.1, "esti_param.BNI_BORR_P_ne0209": 0.1, "esti_param.BNI_BORR_P_ne9901": 0.1, "esti_param.BNI_LEND_P": 2.0, "esti_param.BNI_LEND_P_ce0209": 2.0, "esti_param.BNI_LEND_P_ce9901": 2.0, "esti_param.BNI_LEND_P_ne0209": 2.0, "esti_param.BNI_LEND_P_ne9901": 2.0, "esti_param.K_DEPRECIATION": 0.15, "esti_param.R_AVG_INT": 1.1, "esti_param.R_FORMAL_BORR": 1.061, "esti_param.R_FORMAL_BORR_ce0209": 1.054, "esti_param.R_FORMAL_BORR_ce9901": 1.061, "esti_param.R_FORMAL_BORR_ne0209": 1.061, "esti_param.R_FORMAL_BORR_ne9901": 1.148, "esti_param.R_FORMAL_SAVE": 1.011, "esti_param.R_FORMAL_SAVE_ce0209": 1.01,