{"esti_obj.main_allperiods_obj": 10.206892944728555, "ktp_opti_grid_allJ_agg": 5.337292279581814, "ib_probJ_opti_grid_j_agg": 0.19260944362510066, "is_probJ_opti_grid_j_agg": 0.06475841198312825, "fb2_probJ_opti_grid_j_agg": 0.15597410609635617, "fs_probJ_opti_grid_j_agg": 0.17781470380215322, "ibfb2_probJ_opti_grid_j_agg": 0.14673805717510843, "fbis2_probJ_opti_grid_j_agg": 0.05162970354207166, "none_probJ_opti_grid_j_agg": 0.21047557377587067, "period_dictkey": "ce0209", "data_model": "model", "level_0": 32, "btp_fb_opti_grid_allJ_agg": -0.43224303954457355, "btp_fs_opti_grid_allJ_agg": 0.244443521220156, "btp_ib_opti_grid_allJ_agg": -0.5765074255279174, "btp_il_opti_grid_allJ_agg": 0.30583947582813964, "consumption_opti_grid_allJ_agg": 2.603588087853384, "dist_param.data__A_mu_ce0209.params.mu": 0.47805384578186894, "dist_param.data__A_mu_ce9901.params.mu": 0.44487112996927236, "dist_param.data__A_sd_ce0209.params.sd": 0.22967114262481295, "dist_param.data__A_sd_ce9901.params.sd": 0.182187177224177, "esti_obj.main_obj": 5.751940426449816, "esti_obj.subsets_main.agg_prob_for": 3.402989531709998, "esti_obj.subsets_main.agg_prob_inf": 1.8037058263167367, "esti_obj.subsets_main.agg_prob_jnt": 0.019974189008914043, "esti_obj.subsets_main.agg_prob_none": 0.5252708794141671, "esti_obj.subsets_other.agg_prob": 0.4974223802027703, "esti_obj.subsets_other.agg_prob_brr": 0.22137339470385292, "esti_obj.subsets_other.agg_prob_sav": 0.20357341172304672, "esti_obj.subsets_other.mean_KYC": 0.5126546096256753, "esti_obj.subsets_other.mean_fbfs": 0.0, "esti_obj.subsets_other.mean_ibil": 0.0, "index": 32.0, "model_option.choice_names_use": "['ib', 'is', 'fb2', 'fs', 'ibfb2', 'fbis2', 'none']", "model_option.choice_set_list": "[0, 1, 102, 3, 104, 105, 6]", "predict": 1.0, "support_arg.param_combo_list_ctr_str": "_c5903", "y_opti_grid_allJ_agg": 2.3006634949963316}