{"esti_obj.main_allperiods_obj": 10.263861250366746, "ktp_opti_grid_allJ_agg": 5.842658253504592, "ib_probJ_opti_grid_j_agg": 0.18738725172971657, "is_probJ_opti_grid_j_agg": 0.07087590857278511, "fb2_probJ_opti_grid_j_agg": 0.15637926915628717, "fs_probJ_opti_grid_j_agg": 0.17484213203095317, "ibfb2_probJ_opti_grid_j_agg": 0.14839015121038246, "fbis2_probJ_opti_grid_j_agg": 0.05820381759751506, "none_probJ_opti_grid_j_agg": 0.2039214697021584, "period_dictkey": "ce0209", "data_model": "model", "level_0": 35, "btp_fb_opti_grid_allJ_agg": -0.4810174132007847, "btp_fs_opti_grid_allJ_agg": 0.22428646997575374, "btp_ib_opti_grid_allJ_agg": -0.6124871250803513, "btp_il_opti_grid_allJ_agg": 0.32973466640746557, "consumption_opti_grid_allJ_agg": 3.043338774456561, "dist_param.data__A_mu_ce0209.params.mu": 0.5653421147499987, "dist_param.data__A_mu_ce9901.params.mu": 0.477677366929231, "dist_param.data__A_sd_ce0209.params.sd": 0.2654980243819772, "dist_param.data__A_sd_ce9901.params.sd": 0.24210072331257482, "esti_obj.main_obj": 5.677679754578462, "esti_obj.subsets_main.agg_prob_for": 3.4939346638230724, "esti_obj.subsets_main.agg_prob_inf": 1.705456276427687, "esti_obj.subsets_main.agg_prob_jnt": 0.0437247975584447, "esti_obj.subsets_main.agg_prob_none": 0.43456401676925877, "esti_obj.subsets_other.agg_prob": 0.5025571976253174, "esti_obj.subsets_other.agg_prob_brr": 0.21739813378381187, "esti_obj.subsets_other.agg_prob_sav": 0.21923759413934701, "esti_obj.subsets_other.mean_KYC": 0.6238238872078785, "esti_obj.subsets_other.mean_fbfs": 0.0, "esti_obj.subsets_other.mean_ibil": 0.0, "index": 35.0, "model_option.choice_names_use": "['ib', 'is', 'fb2', 'fs', 'ibfb2', 'fbis2', 'none']", "model_option.choice_set_list": "[0, 1, 102, 3, 104, 105, 6]", "predict": 1.0, "support_arg.param_combo_list_ctr_str": "_c5673", "y_opti_grid_allJ_agg": 2.370708025882916}