{"esti_obj.main_allperiods_obj": 10.224740624112652, "ktp_opti_grid_allJ_agg": 5.5324055814692095, "ib_probJ_opti_grid_j_agg": 0.17829692102749803, "is_probJ_opti_grid_j_agg": 0.07096731306968711, "fb2_probJ_opti_grid_j_agg": 0.15939106960396968, "fs_probJ_opti_grid_j_agg": 0.17933209023396104, "ibfb2_probJ_opti_grid_j_agg": 0.14811316823154713, "fbis2_probJ_opti_grid_j_agg": 0.057054622161200726, "none_probJ_opti_grid_j_agg": 0.20684481567203586, "period_dictkey": "ce0209", "data_model": "model", "level_0": 33, "btp_fb_opti_grid_allJ_agg": -0.4325732396430917, "btp_fs_opti_grid_allJ_agg": 0.24963984261475997, "btp_ib_opti_grid_allJ_agg": -0.5404578032786047, "btp_il_opti_grid_allJ_agg": 0.3386038749905238, "consumption_opti_grid_allJ_agg": 2.800810065857279, "dist_param.data__A_mu_ce0209.params.mu": 0.5505600869356494, "dist_param.data__A_mu_ce9901.params.mu": 0.17415483407184396, "dist_param.data__A_sd_ce0209.params.sd": 0.1096914918164665, "dist_param.data__A_sd_ce9901.params.sd": 0.21540227483704705, "esti_obj.main_obj": 5.2934991602849, "esti_obj.subsets_main.agg_prob_for": 3.29607484292963, "esti_obj.subsets_main.agg_prob_inf": 1.4845411413565872, "esti_obj.subsets_main.agg_prob_jnt": 0.03892231150702248, "esti_obj.subsets_main.agg_prob_none": 0.4739608644916592, "esti_obj.subsets_other.agg_prob": 0.48755368032403823, "esti_obj.subsets_other.agg_prob_brr": 0.2050190196550755, "esti_obj.subsets_other.agg_prob_sav": 0.21368984499692684, "esti_obj.subsets_other.mean_KYC": 0.5582052259181226, "esti_obj.subsets_other.mean_fbfs": 0.0, "esti_obj.subsets_other.mean_ibil": 0.0, "index": 33.0, "model_option.choice_names_use": "['ib', 'is', 'fb2', 'fs', 'ibfb2', 'fbis2', 'none']", "model_option.choice_set_list": "[0, 1, 102, 3, 104, 105, 6]", "predict": 1.0, "support_arg.param_combo_list_ctr_str": "_c3475", "y_opti_grid_allJ_agg": 2.339234794083874}