{"esti_obj.main_allperiods_obj": 10.013480131598563, "ktp_opti_grid_allJ_agg": 5.977753799480292, "ib_probJ_opti_grid_j_agg": 0.18472554258204993, "is_probJ_opti_grid_j_agg": 0.07260771294056628, "fb2_probJ_opti_grid_j_agg": 0.15687160636695302, "fs_probJ_opti_grid_j_agg": 0.17452388252099701, "ibfb2_probJ_opti_grid_j_agg": 0.1489033306599058, "fbis2_probJ_opti_grid_j_agg": 0.0599784697176609, "none_probJ_opti_grid_j_agg": 0.20238945521167917, "period_dictkey": "ce0209", "data_model": "model", "level_0": 25, "btp_fb_opti_grid_allJ_agg": -0.49663091643610224, "btp_fs_opti_grid_allJ_agg": 0.2191572375350434, "btp_ib_opti_grid_allJ_agg": -0.6189387334263069, "btp_il_opti_grid_allJ_agg": 0.33561373755190527, "consumption_opti_grid_allJ_agg": 3.1532145586317766, "dist_param.data__A_mu_ce0209.params.mu": 0.5891621251672879, "dist_param.data__A_mu_ce9901.params.mu": 0.46649356234851347, "dist_param.data__A_sd_ce0209.params.sd": 0.26101557025729877, "dist_param.data__A_sd_ce9901.params.sd": 0.1208944947785765, "esti_obj.main_obj": 5.613074916209226, "esti_obj.subsets_main.agg_prob_for": 3.4961141093425807, "esti_obj.subsets_main.agg_prob_inf": 1.650570368219929, "esti_obj.subsets_main.agg_prob_jnt": 0.05179024440103213, "esti_obj.subsets_main.agg_prob_none": 0.4146001942456836, "esti_obj.subsets_other.agg_prob": 0.5022090222239121, "esti_obj.subsets_other.agg_prob_brr": 0.2147572668750027, "esti_obj.subsets_other.agg_prob_sav": 0.2230623001372302, "esti_obj.subsets_other.mean_KYC": 0.6503307840976567, "esti_obj.subsets_other.mean_fbfs": 0.0, "esti_obj.subsets_other.mean_ibil": 0.0, "index": 25.0, "model_option.choice_names_use": "['ib', 'is', 'fb2', 'fs', 'ibfb2', 'fbis2', 'none']", "model_option.choice_set_list": "[0, 1, 102, 3, 104, 105, 6]", "predict": 1.0, "support_arg.param_combo_list_ctr_str": "_c4030", "y_opti_grid_allJ_agg": 2.3903041156399185}