{"esti_obj.main_allperiods_obj": 10.077259827284795, "ktp_opti_grid_allJ_agg": 6.227489600025878, "ib_probJ_opti_grid_j_agg": 0.18309382475397062, "is_probJ_opti_grid_j_agg": 0.07444678032452386, "fb2_probJ_opti_grid_j_agg": 0.15682191226553083, "fs_probJ_opti_grid_j_agg": 0.17344504565999716, "ibfb2_probJ_opti_grid_j_agg": 0.1496288907135956, "fbis2_probJ_opti_grid_j_agg": 0.06226012539014155, "none_probJ_opti_grid_j_agg": 0.20030342089205005, "period_dictkey": "ce0209", "data_model": "model", "level_0": 27, "btp_fb_opti_grid_allJ_agg": -0.5293562610886902, "btp_fs_opti_grid_allJ_agg": 0.20621159191164518, "btp_ib_opti_grid_allJ_agg": -0.6273885521741337, "btp_il_opti_grid_allJ_agg": 0.3356526958356246, "consumption_opti_grid_allJ_agg": 3.368514662044805, "dist_param.data__A_mu_ce0209.params.mu": 0.6201560003759218, "dist_param.data__A_mu_ce9901.params.mu": 0.4268102674240303, "dist_param.data__A_sd_ce0209.params.sd": 0.29358400796197714, "dist_param.data__A_sd_ce9901.params.sd": 0.20464130069674769, "esti_obj.main_obj": 5.60794513239489, "esti_obj.subsets_main.agg_prob_for": 3.5329969353981374, "esti_obj.subsets_main.agg_prob_inf": 1.6235269839077393, "esti_obj.subsets_main.agg_prob_jnt": 0.0632495876038185, "esti_obj.subsets_main.agg_prob_none": 0.3881716254851938, "esti_obj.subsets_other.agg_prob": 0.5044660841487538, "esti_obj.subsets_other.agg_prob_brr": 0.21390080320203542, "esti_obj.subsets_other.agg_prob_sav": 0.22826186005466828, "esti_obj.subsets_other.mean_KYC": 0.696680758225365, "esti_obj.subsets_other.mean_fbfs": 0.0, "esti_obj.subsets_other.mean_ibil": 0.0, "index": 27.0, "model_option.choice_names_use": "['ib', 'is', 'fb2', 'fs', 'ibfb2', 'fbis2', 'none']", "model_option.choice_set_list": "[0, 1, 102, 3, 104, 105, 6]", "predict": 1.0, "support_arg.param_combo_list_ctr_str": "_c4288", "y_opti_grid_allJ_agg": 2.4213156680210353}