{"esti_obj.main_allperiods_obj": 10.290584816921509, "ktp_opti_grid_allJ_agg": 6.075239398470014, "ib_probJ_opti_grid_j_agg": 0.18345930805591415, "is_probJ_opti_grid_j_agg": 0.07360678680400712, "fb2_probJ_opti_grid_j_agg": 0.1570401033088097, "fs_probJ_opti_grid_j_agg": 0.17418446462861736, "ibfb2_probJ_opti_grid_j_agg": 0.1492226630630097, "fbis2_probJ_opti_grid_j_agg": 0.061075641957342476, "none_probJ_opti_grid_j_agg": 0.2014110321821163, "period_dictkey": "ce0209", "data_model": "model", "level_0": 37, "btp_fb_opti_grid_allJ_agg": -0.5086793634276274, "btp_fs_opti_grid_allJ_agg": 0.2145906298424946, "btp_ib_opti_grid_allJ_agg": -0.6233310896014426, "btp_il_opti_grid_allJ_agg": 0.3379423509568149, "consumption_opti_grid_allJ_agg": 3.2338598703536405, "dist_param.data__A_mu_ce0209.params.mu": 0.6038717478345924, "dist_param.data__A_mu_ce9901.params.mu": 0.4103362778939602, "dist_param.data__A_sd_ce0209.params.sd": 0.26490851910930857, "dist_param.data__A_sd_ce9901.params.sd": 0.3301319723831, "esti_obj.main_obj": 5.590189807279865, "esti_obj.subsets_main.agg_prob_for": 3.504560688701875, "esti_obj.subsets_main.agg_prob_inf": 1.6264125396039297, "esti_obj.subsets_main.agg_prob_jnt": 0.057120678733920974, "esti_obj.subsets_main.agg_prob_none": 0.4020959002401389, "esti_obj.subsets_other.agg_prob": 0.5025508641249626, "esti_obj.subsets_other.agg_prob_brr": 0.21364186781011416, "esti_obj.subsets_other.agg_prob_sav": 0.22549796413273226, "esti_obj.subsets_other.mean_KYC": 0.66880604699158, "esti_obj.subsets_other.mean_fbfs": 0.0, "esti_obj.subsets_other.mean_ibil": 0.0, "index": 37.0, "model_option.choice_names_use": "['ib', 'is', 'fb2', 'fs', 'ibfb2', 'fbis2', 'none']", "model_option.choice_set_list": "[0, 1, 102, 3, 104, 105, 6]", "predict": 1.0, "support_arg.param_combo_list_ctr_str": "_c3612", "y_opti_grid_allJ_agg": 2.4035341892067876}