{"esti_obj.main_allperiods_obj": 10.321356466963618, "ktp_opti_grid_allJ_agg": 5.325315055993795, "ib_probJ_opti_grid_j_agg": 0.19258267291123765, "is_probJ_opti_grid_j_agg": 0.06461693686497046, "fb2_probJ_opti_grid_j_agg": 0.15600927215309485, "fs_probJ_opti_grid_j_agg": 0.17793920214888842, "ibfb2_probJ_opti_grid_j_agg": 0.14671856964914134, "fbis2_probJ_opti_grid_j_agg": 0.051471076065543644, "none_probJ_opti_grid_j_agg": 0.21066227020691422, "period_dictkey": "ce0209", "data_model": "model", "level_0": 38, "btp_fb_opti_grid_allJ_agg": -0.43098138020331866, "btp_fs_opti_grid_allJ_agg": 0.24495500412303134, "btp_ib_opti_grid_allJ_agg": -0.5753377311681833, "btp_il_opti_grid_allJ_agg": 0.3050236097574041, "consumption_opti_grid_allJ_agg": 2.592781234585815, "dist_param.data__A_mu_ce0209.params.mu": 0.4760387366995543, "dist_param.data__A_mu_ce9901.params.mu": 0.2549351134984441, "dist_param.data__A_sd_ce0209.params.sd": 0.2275348375779199, "dist_param.data__A_sd_ce9901.params.sd": 0.19659128663323924, "esti_obj.main_obj": 5.748079337224296, "esti_obj.subsets_main.agg_prob_for": 3.398322907148159, "esti_obj.subsets_main.agg_prob_inf": 1.8022461138539583, "esti_obj.subsets_main.agg_prob_jnt": 0.019529765059917818, "esti_obj.subsets_main.agg_prob_none": 0.5279805511622612, "esti_obj.subsets_other.agg_prob": 0.4971030513958241, "esti_obj.subsets_other.agg_prob_brr": 0.22129197040728416, "esti_obj.subsets_other.agg_prob_sav": 0.20314881078162572, "esti_obj.subsets_other.mean_KYC": 0.5097258507015794, "esti_obj.subsets_other.mean_fbfs": 0.0, "esti_obj.subsets_other.mean_ibil": 0.0, "index": 38.0, "model_option.choice_names_use": "['ib', 'is', 'fb2', 'fs', 'ibfb2', 'fbis2', 'none']", "model_option.choice_set_list": "[0, 1, 102, 3, 104, 105, 6]", "predict": 1.0, "support_arg.param_combo_list_ctr_str": "_c5896", "y_opti_grid_allJ_agg": 2.2990767296625294}