{"esti_obj.main_allperiods_obj": 9.864544344618226, "ktp_opti_grid_allJ_agg": 4.761184411493407, "ib_probJ_opti_grid_j_agg": 0.19211350983596068, "is_probJ_opti_grid_j_agg": 0.056744441946282274, "fb2_probJ_opti_grid_j_agg": 0.15705601031530425, "fs_probJ_opti_grid_j_agg": 0.18328777302062987, "ibfb2_probJ_opti_grid_j_agg": 0.1469016974423961, "fbis2_probJ_opti_grid_j_agg": 0.04346490343638196, "none_probJ_opti_grid_j_agg": 0.22043166400310074, "period_dictkey": "ce9901", "data_model": "model", "level_0": 1, "btp_fb_opti_grid_allJ_agg": -0.3396016801790721, "btp_fs_opti_grid_allJ_agg": 0.2621878588692371, "btp_ib_opti_grid_allJ_agg": -0.4774190949625268, "btp_il_opti_grid_allJ_agg": 0.24806286879395428, "consumption_opti_grid_allJ_agg": 2.156596026735683, "dist_param.data__A_mu_ce0209.params.mu": 0.4090280264100409, "dist_param.data__A_mu_ce9901.params.mu": 0.3758447929475798, "dist_param.data__A_sd_ce0209.params.sd": 0.12788372582266108, "dist_param.data__A_sd_ce9901.params.sd": 0.16252745017637374, "esti_obj.main_obj": 4.367027005220595, "esti_obj.subsets_main.agg_prob_for": 1.6979249867064135, "esti_obj.subsets_main.agg_prob_inf": 1.073798002669306, "esti_obj.subsets_main.agg_prob_jnt": 1.0090330081114693, "esti_obj.subsets_main.agg_prob_none": 0.5862710077334058, "esti_obj.subsets_other.agg_prob": 0.5014491053219862, "esti_obj.subsets_other.agg_prob_brr": 0.2549591969630525, "esti_obj.subsets_other.agg_prob_sav": 0.16992157236203437, "esti_obj.subsets_other.mean_KYC": 0.6166750542209015, "esti_obj.subsets_other.mean_fbfs": 0.0, "esti_obj.subsets_other.mean_ibil": 0.0, "index": 1.0, "model_option.choice_names_use": "['ib', 'is', 'fb2', 'fs', 'ibfb2', 'fbis2', 'none']", "model_option.choice_set_list": "[0, 1, 102, 3, 104, 105, 6]", "predict": 1.0, "support_arg.param_combo_list_ctr_str": "_c4719", "y_opti_grid_allJ_agg": 2.218683452134275}