{"esti_obj.main_allperiods_obj": 10.263861250366746, "ktp_opti_grid_allJ_agg": 5.201066650977269, "ib_probJ_opti_grid_j_agg": 0.18573362565823018, "is_probJ_opti_grid_j_agg": 0.06436953801156066, "fb2_probJ_opti_grid_j_agg": 0.15748026662949527, "fs_probJ_opti_grid_j_agg": 0.17991985434413843, "ibfb2_probJ_opti_grid_j_agg": 0.1489318766312015, "fbis2_probJ_opti_grid_j_agg": 0.05139545135993075, "none_probJ_opti_grid_j_agg": 0.2121693873654918, "period_dictkey": "ce9901", "data_model": "model", "level_0": 15, "btp_fb_opti_grid_allJ_agg": -0.390455324425772, "btp_fs_opti_grid_allJ_agg": 0.26516064333928235, "btp_ib_opti_grid_allJ_agg": -0.4667640888139999, "btp_il_opti_grid_allJ_agg": 0.29007269632634547, "consumption_opti_grid_allJ_agg": 2.609175785125082, "dist_param.data__A_mu_ce0209.params.mu": 0.5653421147499987, "dist_param.data__A_mu_ce9901.params.mu": 0.477677366929231, "dist_param.data__A_sd_ce0209.params.sd": 0.2654980243819772, "dist_param.data__A_sd_ce9901.params.sd": 0.24210072331257482, "esti_obj.main_obj": 4.586181495788284, "esti_obj.subsets_main.agg_prob_for": 1.7727761107746884, "esti_obj.subsets_main.agg_prob_inf": 0.996725772216534, "esti_obj.subsets_main.agg_prob_jnt": 1.0970563288024635, "esti_obj.subsets_main.agg_prob_none": 0.7196232839945982, "esti_obj.subsets_other.agg_prob": 0.5238609833217975, "esti_obj.subsets_other.agg_prob_brr": 0.2501852356599364, "esti_obj.subsets_other.agg_prob_sav": 0.18884513502735298, "esti_obj.subsets_other.mean_KYC": 0.7001847487408716, "esti_obj.subsets_other.mean_fbfs": 0.0, "esti_obj.subsets_other.mean_ibil": 0.0, "index": 15.0, "model_option.choice_names_use": "['ib', 'is', 'fb2', 'fs', 'ibfb2', 'fbis2', 'none']", "model_option.choice_set_list": "[0, 1, 102, 3, 104, 105, 6]", "predict": 1.0, "support_arg.param_combo_list_ctr_str": "_c5673", "y_opti_grid_allJ_agg": 2.283011144930207}