{"esti_obj.main_allperiods_obj": 10.290584816921509, "ktp_opti_grid_allJ_agg": 4.865106228393134, "ib_probJ_opti_grid_j_agg": 0.19384822431018708, "is_probJ_opti_grid_j_agg": 0.05901114875292679, "fb2_probJ_opti_grid_j_agg": 0.15476338693212105, "fs_probJ_opti_grid_j_agg": 0.17878366212307906, "ibfb2_probJ_opti_grid_j_agg": 0.15029654714815757, "fbis2_probJ_opti_grid_j_agg": 0.046977529053460414, "none_probJ_opti_grid_j_agg": 0.21631950168015232, "period_dictkey": "ce9901", "data_model": "model", "level_0": 17, "btp_fb_opti_grid_allJ_agg": -0.34339539220409726, "btp_fs_opti_grid_allJ_agg": 0.2625937835326427, "btp_ib_opti_grid_allJ_agg": -0.354624639880181, "btp_il_opti_grid_allJ_agg": 0.25945857388817195, "consumption_opti_grid_allJ_agg": 2.4573267217458166, "dist_param.data__A_mu_ce0209.params.mu": 0.6038717478345924, "dist_param.data__A_mu_ce9901.params.mu": 0.4103362778939602, "dist_param.data__A_sd_ce0209.params.sd": 0.26490851910930857, "dist_param.data__A_sd_ce9901.params.sd": 0.3301319723831, "esti_obj.main_obj": 4.700395009641645, "esti_obj.subsets_main.agg_prob_for": 1.832185012218122, "esti_obj.subsets_main.agg_prob_inf": 1.1214707547102627, "esti_obj.subsets_main.agg_prob_jnt": 1.0958049617993657, "esti_obj.subsets_main.agg_prob_none": 0.6509342809138943, "esti_obj.subsets_other.agg_prob": 0.5232668985293794, "esti_obj.subsets_other.agg_prob_brr": 0.2623813845262236, "esti_obj.subsets_other.agg_prob_sav": 0.18020501568330813, "esti_obj.subsets_other.mean_KYC": 0.6373920118132038, "esti_obj.subsets_other.mean_fbfs": 0.0, "esti_obj.subsets_other.mean_ibil": 0.0, "index": 17.0, "model_option.choice_names_use": "['ib', 'is', 'fb2', 'fs', 'ibfb2', 'fbis2', 'none']", "model_option.choice_set_list": "[0, 1, 102, 3, 104, 105, 6]", "predict": 1.0, "support_arg.param_combo_list_ctr_str": "_c3612", "y_opti_grid_allJ_agg": 2.224765181390892}