{"esti_obj.main_allperiods_obj": 10.0120465750447, "ktp_opti_grid_allJ_agg": 5.2361343714055995, "ib_probJ_opti_grid_j_agg": 0.18565307980067086, "is_probJ_opti_grid_j_agg": 0.06475590207791658, "fb2_probJ_opti_grid_j_agg": 0.15737142815594035, "fs_probJ_opti_grid_j_agg": 0.1795804328085681, "ibfb2_probJ_opti_grid_j_agg": 0.14911132585000228, "fbis2_probJ_opti_grid_j_agg": 0.05187554886886758, "none_probJ_opti_grid_j_agg": 0.2116522824380841, "period_dictkey": "ce9901", "data_model": "model", "level_0": 4, "btp_fb_opti_grid_allJ_agg": -0.39571117267072314, "btp_fs_opti_grid_allJ_agg": 0.26544966491545174, "btp_ib_opti_grid_allJ_agg": -0.46445209384072184, "btp_il_opti_grid_allJ_agg": 0.29176189287681104, "consumption_opti_grid_allJ_agg": 2.6481342617809376, "dist_param.data__A_mu_ce0209.params.mu": 0.6489840830256005, "dist_param.data__A_mu_ce9901.params.mu": 0.48369459328961006, "dist_param.data__A_sd_ce0209.params.sd": 0.18483483022114944, "dist_param.data__A_sd_ce9901.params.sd": 0.2535496092851097, "esti_obj.main_obj": 4.612438825443693, "esti_obj.subsets_main.agg_prob_for": 1.782192445535772, "esti_obj.subsets_main.agg_prob_inf": 0.997887208540055, "esti_obj.subsets_main.agg_prob_jnt": 1.10393588206501, "esti_obj.subsets_main.agg_prob_none": 0.7284232893028566, "esti_obj.subsets_other.agg_prob": 0.5257917131948646, "esti_obj.subsets_other.agg_prob_brr": 0.25039297749473277, "esti_obj.subsets_other.agg_prob_sav": 0.190051018138216, "esti_obj.subsets_other.mean_KYC": 0.7064174491590648, "esti_obj.subsets_other.mean_fbfs": 0.0, "esti_obj.subsets_other.mean_ibil": 0.0, "index": 4.0, "model_option.choice_names_use": "['ib', 'is', 'fb2', 'fs', 'ibfb2', 'fbis2', 'none']", "model_option.choice_set_list": "[0, 1, 102, 3, 104, 105, 6]", "predict": 1.0, "support_arg.param_combo_list_ctr_str": "_c3726", "y_opti_grid_allJ_agg": 2.28735935861146}