{"esti_obj.main_allperiods_obj": 10.090696029484278, "ktp_opti_grid_allJ_agg": 4.194864322198689, "ib_probJ_opti_grid_j_agg": 0.20981212347711126, "is_probJ_opti_grid_j_agg": 0.04740849097000923, "fb2_probJ_opti_grid_j_agg": 0.15124303972848593, "fs_probJ_opti_grid_j_agg": 0.17963828804575363, "ibfb2_probJ_opti_grid_j_agg": 0.14873254724735419, "fbis2_probJ_opti_grid_j_agg": 0.035956995179235965, "none_probJ_opti_grid_j_agg": 0.22720851535216496, "period_dictkey": "ce9901", "data_model": "model", "level_0": 8, "btp_fb_opti_grid_allJ_agg": -0.26153647508057043, "btp_fs_opti_grid_allJ_agg": 0.24918871013084232, "btp_ib_opti_grid_allJ_agg": -0.29992366844841367, "btp_il_opti_grid_allJ_agg": 0.1959332135170009, "consumption_opti_grid_allJ_agg": 1.8874900573119264, "dist_param.data__A_mu_ce0209.params.mu": 0.5251395014608643, "dist_param.data__A_mu_ce9901.params.mu": 0.25557774441443226, "dist_param.data__A_sd_ce0209.params.sd": 0.11674038422212278, "dist_param.data__A_sd_ce9901.params.sd": 0.2989950324136498, "esti_obj.main_obj": 4.771297856518499, "esti_obj.subsets_main.agg_prob_for": 1.8551891687620397, "esti_obj.subsets_main.agg_prob_inf": 1.4182751996039002, "esti_obj.subsets_main.agg_prob_jnt": 1.0107483552176602, "esti_obj.subsets_main.agg_prob_none": 0.4870851329348992, "esti_obj.subsets_other.agg_prob": 0.5068203137473061, "esti_obj.subsets_other.agg_prob_brr": 0.2803016309959795, "esti_obj.subsets_other.agg_prob_sav": 0.15672719810349156, "esti_obj.subsets_other.mean_KYC": 0.48857762962979817, "esti_obj.subsets_other.mean_fbfs": 0.0, "esti_obj.subsets_other.mean_ibil": 0.0, "index": 8.0, "model_option.choice_names_use": "['ib', 'is', 'fb2', 'fs', 'ibfb2', 'fbis2', 'none']", "model_option.choice_set_list": "[0, 1, 102, 3, 104, 105, 6]", "predict": 1.0, "support_arg.param_combo_list_ctr_str": "_c6046", "y_opti_grid_allJ_agg": 2.117815408172998}