{"esti_obj.main_allperiods_obj": 10.631856711805229, "ktp_opti_grid_allJ_agg": 5.694343947576467, "ib_probJ_opti_grid_j_agg": 0.18132581808128367, "is_probJ_opti_grid_j_agg": 0.07200219969827863, "fb2_probJ_opti_grid_j_agg": 0.15773633283951205, "fs_probJ_opti_grid_j_agg": 0.17656090791975643, "ibfb2_probJ_opti_grid_j_agg": 0.1489224664531728, "fbis2_probJ_opti_grid_j_agg": 0.05874699794801099, "none_probJ_opti_grid_j_agg": 0.2047052770599677, "period_dictkey": "ne0209", "data_model": "model", "level_0": 22, "btp_fb_opti_grid_allJ_agg": -0.45892425699866257, "btp_fs_opti_grid_allJ_agg": 0.25096059822926553, "btp_ib_opti_grid_allJ_agg": -0.5225537793953593, "btp_il_opti_grid_allJ_agg": 0.33187123569842697, "consumption_opti_grid_allJ_agg": 2.9643985996823856, "dist_param.data__A_mu_ne0209.params.mu": 0.5716053883592346, "dist_param.data__A_mu_ne9901.params.mu": 0.46287058309225604, "dist_param.data__A_sd_ne0209.params.sd": 0.19211192502948166, "dist_param.data__A_sd_ne9901.params.sd": 0.9901224555376099, "esti_obj.main_obj": 8.708536502381405, "esti_obj.subsets_main.agg_prob_for": 1.8830377638657243, "esti_obj.subsets_main.agg_prob_inf": 1.4767752051727097, "esti_obj.subsets_main.agg_prob_jnt": 3.1373975907947953, "esti_obj.subsets_main.agg_prob_none": 2.2113259425481755, "esti_obj.subsets_other.agg_prob": 0.6551884055185906, "esti_obj.subsets_other.agg_prob_brr": 0.4276670187885988, "esti_obj.subsets_other.agg_prob_sav": 0.07881610967002406, "esti_obj.subsets_other.mean_KYC": 0.9593414339504558, "esti_obj.subsets_other.mean_fbfs": 0.0, "esti_obj.subsets_other.mean_ibil": 0.0, "index": 22.0, "model_option.choice_names_use": "['ib', 'is', 'fb2', 'fs', 'ibfb2', 'fbis2', 'none']", "model_option.choice_set_list": "[0, 1, 102, 3, 104, 105, 6]", "predict": 1.0, "support_arg.param_combo_list_ctr_str": "_c3793", "y_opti_grid_allJ_agg": 2.3546022849203796}