{"esti_obj.main_allperiods_obj": 11.24362541039378, "ktp_opti_grid_allJ_agg": 6.282395630268054, "ib_probJ_opti_grid_j_agg": 0.18333637792452032, "is_probJ_opti_grid_j_agg": 0.07404135379347565, "fb2_probJ_opti_grid_j_agg": 0.15662818119330157, "fs_probJ_opti_grid_j_agg": 0.17362361812828908, "ibfb2_probJ_opti_grid_j_agg": 0.14995954730358396, "fbis2_probJ_opti_grid_j_agg": 0.0620559711800402, "none_probJ_opti_grid_j_agg": 0.20035495047682284, "period_dictkey": "ne0209", "data_model": "model", "level_0": 38, "btp_fb_opti_grid_allJ_agg": -0.5462659544164675, "btp_fs_opti_grid_allJ_agg": 0.20701369806739345, "btp_ib_opti_grid_allJ_agg": -0.6356052976142292, "btp_il_opti_grid_allJ_agg": 0.32429228583210606, "consumption_opti_grid_allJ_agg": 3.3932617770483144, "dist_param.data__A_mu_ne0209.params.mu": 0.6177671320068895, "dist_param.data__A_mu_ne9901.params.mu": 0.18473003208971317, "dist_param.data__A_sd_ne0209.params.sd": 0.3128721629342482, "dist_param.data__A_sd_ne9901.params.sd": 0.5434085209872332, "esti_obj.main_obj": 8.599989961783978, "esti_obj.subsets_main.agg_prob_for": 1.8918589747843797, "esti_obj.subsets_main.agg_prob_inf": 1.5349586007652039, "esti_obj.subsets_main.agg_prob_jnt": 3.0893372135177968, "esti_obj.subsets_main.agg_prob_none": 2.083835172716598, "esti_obj.subsets_other.agg_prob": 0.6487126006461821, "esti_obj.subsets_other.agg_prob_brr": 0.42974864942763474, "esti_obj.subsets_other.agg_prob_sav": 0.07460900074172452, "esti_obj.subsets_other.mean_KYC": 1.0331257946479768, "esti_obj.subsets_other.mean_fbfs": 0.0, "esti_obj.subsets_other.mean_ibil": 0.0, "index": 38.0, "model_option.choice_names_use": "['ib', 'is', 'fb2', 'fs', 'ibfb2', 'fbis2', 'none']", "model_option.choice_set_list": "[0, 1, 102, 3, 104, 105, 6]", "predict": 1.0, "support_arg.param_combo_list_ctr_str": "_c3850", "y_opti_grid_allJ_agg": 2.4243652239953537}