{"esti_obj.main_allperiods_obj": 10.743412974226512, "ktp_opti_grid_allJ_agg": 5.963381216109953, "ib_probJ_opti_grid_j_agg": 0.17480877369342407, "is_probJ_opti_grid_j_agg": 0.07673703556470257, "fb2_probJ_opti_grid_j_agg": 0.15926266254432037, "fs_probJ_opti_grid_j_agg": 0.17602678357954896, "ibfb2_probJ_opti_grid_j_agg": 0.14928586156626789, "fbis2_probJ_opti_grid_j_agg": 0.06321300215242283, "none_probJ_opti_grid_j_agg": 0.20066588089931062, "period_dictkey": "ne0209", "data_model": "model", "level_0": 24, "btp_fb_opti_grid_allJ_agg": -0.4869085637260894, "btp_fs_opti_grid_allJ_agg": 0.234058956363555, "btp_ib_opti_grid_allJ_agg": -0.5540641000390151, "btp_il_opti_grid_allJ_agg": 0.36736441451260726, "consumption_opti_grid_allJ_agg": 3.171243151312615, "dist_param.data__A_mu_ne0209.params.mu": 0.6284180546769121, "dist_param.data__A_mu_ne9901.params.mu": 0.3303056512071566, "dist_param.data__A_sd_ne0209.params.sd": 0.11881183833727224, "dist_param.data__A_sd_ne9901.params.sd": 0.6327596294357923, "esti_obj.main_obj": 8.39076739514462, "esti_obj.subsets_main.agg_prob_for": 1.8390180540087904, "esti_obj.subsets_main.agg_prob_inf": 1.349516256413174, "esti_obj.subsets_main.agg_prob_jnt": 3.1094113750853034, "esti_obj.subsets_main.agg_prob_none": 2.0928217096373527, "esti_obj.subsets_other.agg_prob": 0.6424769474739751, "esti_obj.subsets_other.agg_prob_brr": 0.4192602495828358, "esti_obj.subsets_other.agg_prob_sav": 0.07855081699182868, "esti_obj.subsets_other.mean_KYC": 0.9937782972210091, "esti_obj.subsets_other.mean_fbfs": 0.0, "esti_obj.subsets_other.mean_ibil": 0.0, "index": 24.0, "model_option.choice_names_use": "['ib', 'is', 'fb2', 'fs', 'ibfb2', 'fbis2', 'none']", "model_option.choice_set_list": "[0, 1, 102, 3, 104, 105, 6]", "predict": 1.0, "support_arg.param_combo_list_ctr_str": "_c3660", "y_opti_grid_allJ_agg": 2.3986311626545223}