{"esti_obj.main_allperiods_obj": 11.108220043075715, "ktp_opti_grid_allJ_agg": 6.412580158045428, "ib_probJ_opti_grid_j_agg": 0.18312070265369257, "is_probJ_opti_grid_j_agg": 0.07468529637292581, "fb2_probJ_opti_grid_j_agg": 0.15652834664020981, "fs_probJ_opti_grid_j_agg": 0.17308931559347185, "ibfb2_probJ_opti_grid_j_agg": 0.15014409706492765, "fbis2_probJ_opti_grid_j_agg": 0.06293775149990294, "none_probJ_opti_grid_j_agg": 0.19949449017490198, "period_dictkey": "ne0209", "data_model": "model", "level_0": 30, "btp_fb_opti_grid_allJ_agg": -0.564585851228304, "btp_fs_opti_grid_allJ_agg": 0.1999175282638478, "btp_ib_opti_grid_allJ_agg": -0.6525768533633025, "btp_il_opti_grid_allJ_agg": 0.3245282299592727, "consumption_opti_grid_allJ_agg": 3.5009220690303855, "dist_param.data__A_mu_ne0209.params.mu": 0.6307933315481377, "dist_param.data__A_mu_ne9901.params.mu": 0.24712564793640823, "dist_param.data__A_sd_ne0209.params.sd": 0.33109739629291257, "dist_param.data__A_sd_ne9901.params.sd": 0.6590392154125839, "esti_obj.main_obj": 8.563167094980278, "esti_obj.subsets_main.agg_prob_for": 1.8909585057040363, "esti_obj.subsets_main.agg_prob_inf": 1.5329959061089247, "esti_obj.subsets_main.agg_prob_jnt": 3.0801458121118124, "esti_obj.subsets_main.agg_prob_none": 2.0590668710555042, "esti_obj.subsets_other.agg_prob": 0.6467796095899518, "esti_obj.subsets_other.agg_prob_brr": 0.4294482589485551, "esti_obj.subsets_other.agg_prob_sav": 0.07383686046649471, "esti_obj.subsets_other.mean_KYC": 1.0487588090268214, "esti_obj.subsets_other.mean_fbfs": 0.0, "esti_obj.subsets_other.mean_ibil": 0.0, "index": 30.0, "model_option.choice_names_use": "['ib', 'is', 'fb2', 'fs', 'ibfb2', 'fbis2', 'none']", "model_option.choice_set_list": "[0, 1, 102, 3, 104, 105, 6]", "predict": 1.0, "support_arg.param_combo_list_ctr_str": "_c4859", "y_opti_grid_allJ_agg": 2.439770388067571}