{"esti_obj.main_allperiods_obj": 11.004021515422139, "ktp_opti_grid_allJ_agg": 6.299621456820468, "ib_probJ_opti_grid_j_agg": 0.17918443385468005, "is_probJ_opti_grid_j_agg": 0.07601571895741185, "fb2_probJ_opti_grid_j_agg": 0.15778637811354834, "fs_probJ_opti_grid_j_agg": 0.1740869168833084, "ibfb2_probJ_opti_grid_j_agg": 0.15003573202628512, "fbis2_probJ_opti_grid_j_agg": 0.06360474784744344, "none_probJ_opti_grid_j_agg": 0.1992860723173441, "period_dictkey": "ne0209", "data_model": "model", "level_0": 28, "btp_fb_opti_grid_allJ_agg": -0.5438092168476532, "btp_fs_opti_grid_allJ_agg": 0.20832025280818045, "btp_ib_opti_grid_allJ_agg": -0.6329756201403329, "btp_il_opti_grid_allJ_agg": 0.3412529375842744, "consumption_opti_grid_allJ_agg": 3.3920683599827544, "dist_param.data__A_mu_ne0209.params.mu": 0.6370998068975647, "dist_param.data__A_mu_ne9901.params.mu": 0.5055766526416278, "dist_param.data__A_sd_ne0209.params.sd": 0.2555579821638177, "dist_param.data__A_sd_ne9901.params.sd": 0.47487467981522, "esti_obj.main_obj": 8.445501719581568, "esti_obj.subsets_main.agg_prob_for": 1.8642359714943175, "esti_obj.subsets_main.agg_prob_inf": 1.4462040608627744, "esti_obj.subsets_main.agg_prob_jnt": 3.08197183521136, "esti_obj.subsets_main.agg_prob_none": 2.053089852013117, "esti_obj.subsets_other.agg_prob": 0.6431462840254675, "esti_obj.subsets_other.agg_prob_brr": 0.4243623237148466, "esti_obj.subsets_other.agg_prob_sav": 0.07549788799327681, "esti_obj.subsets_other.mean_KYC": 1.0352078845358148, "esti_obj.subsets_other.mean_fbfs": 0.0, "esti_obj.subsets_other.mean_ibil": 0.0, "index": 28.0, "model_option.choice_names_use": "['ib', 'is', 'fb2', 'fs', 'ibfb2', 'fbis2', 'none']", "model_option.choice_set_list": "[0, 1, 102, 3, 104, 105, 6]", "predict": 1.0, "support_arg.param_combo_list_ctr_str": "_c5598", "y_opti_grid_allJ_agg": 2.4341429226118922}