{"esti_obj.main_allperiods_obj": 11.176617747260444, "ktp_opti_grid_allJ_agg": 5.624088899276668, "ib_probJ_opti_grid_j_agg": 0.18631488930331053, "is_probJ_opti_grid_j_agg": 0.06985243572888072, "fb2_probJ_opti_grid_j_agg": 0.15644814503161134, "fs_probJ_opti_grid_j_agg": 0.1758893944574001, "ibfb2_probJ_opti_grid_j_agg": 0.1487218742865638, "fbis2_probJ_opti_grid_j_agg": 0.0569129972319755, "none_probJ_opti_grid_j_agg": 0.20586026396024334, "period_dictkey": "ne0209", "data_model": "model", "level_0": 33, "btp_fb_opti_grid_allJ_agg": -0.4540666779864625, "btp_fs_opti_grid_allJ_agg": 0.24896756606537662, "btp_ib_opti_grid_allJ_agg": -0.5259894519122634, "btp_il_opti_grid_allJ_agg": 0.3153883938815175, "consumption_opti_grid_allJ_agg": 2.9050652485345494, "dist_param.data__A_mu_ne0209.params.mu": 0.546765333225583, "dist_param.data__A_mu_ne9901.params.mu": 0.38135881284077955, "dist_param.data__A_sd_ne0209.params.sd": 0.2365837147345069, "dist_param.data__A_sd_ne9901.params.sd": 0.6298582382888523, "esti_obj.main_obj": 8.898990038335233, "esti_obj.subsets_main.agg_prob_for": 1.9124146600016372, "esti_obj.subsets_main.agg_prob_inf": 1.5889015778321454, "esti_obj.subsets_main.agg_prob_jnt": 3.1518639290780697, "esti_obj.subsets_main.agg_prob_none": 2.245809871423381, "esti_obj.subsets_other.agg_prob": 0.661833966899684, "esti_obj.subsets_other.agg_prob_brr": 0.4341448699851354, "esti_obj.subsets_other.agg_prob_sav": 0.0778288329543053, "esti_obj.subsets_other.mean_KYC": 0.9501432654179931, "esti_obj.subsets_other.mean_fbfs": 0.0, "esti_obj.subsets_other.mean_ibil": 0.0, "index": 33.0, "model_option.choice_names_use": "['ib', 'is', 'fb2', 'fs', 'ibfb2', 'fbis2', 'none']", "model_option.choice_set_list": "[0, 1, 102, 3, 104, 105, 6]", "predict": 1.0, "support_arg.param_combo_list_ctr_str": "_c3929", "y_opti_grid_allJ_agg": 2.339560913208196}