{"esti_obj.main_allperiods_obj": 10.83644544521327, "ktp_opti_grid_allJ_agg": 6.010297776200357, "ib_probJ_opti_grid_j_agg": 0.1763823512866095, "is_probJ_opti_grid_j_agg": 0.07608961299315242, "fb2_probJ_opti_grid_j_agg": 0.15881222414328303, "fs_probJ_opti_grid_j_agg": 0.17568233767324296, "ibfb2_probJ_opti_grid_j_agg": 0.14945256239964297, "fbis2_probJ_opti_grid_j_agg": 0.06281948803359035, "none_probJ_opti_grid_j_agg": 0.2007614234704821, "period_dictkey": "ne0209", "data_model": "model", "level_0": 26, "btp_fb_opti_grid_allJ_agg": -0.4973368847907067, "btp_fs_opti_grid_allJ_agg": 0.23012864401741095, "btp_ib_opti_grid_allJ_agg": -0.5724622172994192, "btp_il_opti_grid_allJ_agg": 0.3570268214866087, "consumption_opti_grid_allJ_agg": 3.1882560676518183, "dist_param.data__A_mu_ne0209.params.mu": 0.6240356129273307, "dist_param.data__A_mu_ne9901.params.mu": 0.3273181591907349, "dist_param.data__A_sd_ne0209.params.sd": 0.15904907501564955, "dist_param.data__A_sd_ne9901.params.sd": 0.7737947466123505, "esti_obj.main_obj": 8.430385169084547, "esti_obj.subsets_main.agg_prob_for": 1.8483461756059538, "esti_obj.subsets_main.agg_prob_inf": 1.3817169417972115, "esti_obj.subsets_main.agg_prob_jnt": 3.104735079161356, "esti_obj.subsets_main.agg_prob_none": 2.095586972520025, "esti_obj.subsets_other.agg_prob": 0.6438314508469707, "esti_obj.subsets_other.agg_prob_brr": 0.4211175647436835, "esti_obj.subsets_other.agg_prob_sav": 0.07795246263280502, "esti_obj.subsets_other.mean_KYC": 0.9996621649587871, "esti_obj.subsets_other.mean_fbfs": 0.0, "esti_obj.subsets_other.mean_ibil": 0.0, "index": 26.0, "model_option.choice_names_use": "['ib', 'is', 'fb2', 'fs', 'ibfb2', 'fbis2', 'none']", "model_option.choice_set_list": "[0, 1, 102, 3, 104, 105, 6]", "predict": 1.0, "support_arg.param_combo_list_ctr_str": "_c3712", "y_opti_grid_allJ_agg": 2.402522303197556}