{"esti_obj.main_allperiods_obj": 11.008537082792722, "ktp_opti_grid_allJ_agg": 6.016594030965086, "ib_probJ_opti_grid_j_agg": 0.18059292517392217, "is_probJ_opti_grid_j_agg": 0.07402038217201744, "fb2_probJ_opti_grid_j_agg": 0.15767057319583622, "fs_probJ_opti_grid_j_agg": 0.17518580539765613, "ibfb2_probJ_opti_grid_j_agg": 0.1495502230106546, "fbis2_probJ_opti_grid_j_agg": 0.06123355408372192, "none_probJ_opti_grid_j_agg": 0.20174653696620556, "period_dictkey": "ne0209", "data_model": "model", "level_0": 29, "btp_fb_opti_grid_allJ_agg": -0.5049514083528794, "btp_fs_opti_grid_allJ_agg": 0.22683364563855907, "btp_ib_opti_grid_allJ_agg": -0.5872615937711934, "btp_il_opti_grid_allJ_agg": 0.3356554696289049, "consumption_opti_grid_allJ_agg": 3.1829810100528153, "dist_param.data__A_mu_ne0209.params.mu": 0.604579480248565, "dist_param.data__A_mu_ne9901.params.mu": 0.3098130721994151, "dist_param.data__A_sd_ne0209.params.sd": 0.23182189058872396, "dist_param.data__A_sd_ne9901.params.sd": 0.7365820301444624, "esti_obj.main_obj": 8.57452105170576, "esti_obj.subsets_main.agg_prob_for": 1.874911809980026, "esti_obj.subsets_main.agg_prob_inf": 1.469030142534131, "esti_obj.subsets_main.agg_prob_jnt": 3.1063737954274515, "esti_obj.subsets_main.agg_prob_none": 2.1242053037641524, "esti_obj.subsets_other.agg_prob": 0.6490912994195885, "esti_obj.subsets_other.agg_prob_brr": 0.4263721289674314, "esti_obj.subsets_other.agg_prob_sav": 0.07697263348595162, "esti_obj.subsets_other.mean_KYC": 1.0004491530014263, "esti_obj.subsets_other.mean_fbfs": 0.0, "esti_obj.subsets_other.mean_ibil": 0.0, "index": 29.0, "model_option.choice_names_use": "['ib', 'is', 'fb2', 'fs', 'ibfb2', 'fbis2', 'none']", "model_option.choice_set_list": "[0, 1, 102, 3, 104, 105, 6]", "predict": 1.0, "support_arg.param_combo_list_ctr_str": "_c3258", "y_opti_grid_allJ_agg": 2.3968623001654152}