{"esti_obj.main_allperiods_obj": 11.210317495680435, "ktp_opti_grid_allJ_agg": 5.9558210966419125, "ib_probJ_opti_grid_j_agg": 0.27725571017054795, "is_probJ_opti_grid_j_agg": 0.05527035223894268, "fb2_probJ_opti_grid_j_agg": 0.12819592564024765, "fs_probJ_opti_grid_j_agg": 0.14749743793420841, "ibfb2_probJ_opti_grid_j_agg": 0.13468594014661783, "fbis2_probJ_opti_grid_j_agg": 0.04757748810173667, "none_probJ_opti_grid_j_agg": 0.2095171457675997, "period_dictkey": "ne9901", "data_model": "model", "level_0": 15, "btp_fb_opti_grid_allJ_agg": -0.5493282838142406, "btp_fs_opti_grid_allJ_agg": 0.1517922710396854, "btp_ib_opti_grid_allJ_agg": -0.8264193812089502, "btp_il_opti_grid_allJ_agg": 0.21356745737658156, "consumption_opti_grid_allJ_agg": 3.2666111621731737, "dist_param.data__A_mu_ne0209.params.mu": 0.5900663939611414, "dist_param.data__A_mu_ne9901.params.mu": 0.34012166311713743, "dist_param.data__A_sd_ne0209.params.sd": 0.3729508169080954, "dist_param.data__A_sd_ne9901.params.sd": 0.7544998643483658, "esti_obj.main_obj": 2.367540530351376, "esti_obj.subsets_main.agg_prob_for": 0.7742621403279923, "esti_obj.subsets_main.agg_prob_inf": 0.09598362600657323, "esti_obj.subsets_main.agg_prob_jnt": 1.2000828457522392, "esti_obj.subsets_main.agg_prob_none": 0.29721191826457133, "esti_obj.subsets_other.agg_prob": 0.3355405877448112, "esti_obj.subsets_other.agg_prob_brr": 0.15437384438368246, "esti_obj.subsets_other.agg_prob_sav": 0.12664959759352906, "esti_obj.subsets_other.mean_KYC": 1.0493832827715897, "esti_obj.subsets_other.mean_fbfs": 0.0, "esti_obj.subsets_other.mean_ibil": 0.0, "index": 15.0, "model_option.choice_names_use": "['ib', 'is', 'fb2', 'fs', 'ibfb2', 'fbis2', 'none']", "model_option.choice_set_list": "[0, 1, 102, 3, 104, 105, 6]", "predict": 1.0, "support_arg.param_combo_list_ctr_str": "_c4838", "y_opti_grid_allJ_agg": 2.2689907368031794}