{"esti_obj.main_allperiods_obj": 11.21016394546194, "ktp_opti_grid_allJ_agg": 5.192706637174556, "ib_probJ_opti_grid_j_agg": 0.2901723457595732, "is_probJ_opti_grid_j_agg": 0.04920189492357082, "fb2_probJ_opti_grid_j_agg": 0.1249940123196073, "fs_probJ_opti_grid_j_agg": 0.14653603072545954, "ibfb2_probJ_opti_grid_j_agg": 0.13247807325380184, "fbis2_probJ_opti_grid_j_agg": 0.04127243947302575, "none_probJ_opti_grid_j_agg": 0.21534520354495085, "period_dictkey": "ne9901", "data_model": "model", "level_0": 14, "btp_fb_opti_grid_allJ_agg": -0.4536144344016826, "btp_fs_opti_grid_allJ_agg": 0.15733749152333454, "btp_ib_opti_grid_allJ_agg": -0.7602192446706724, "btp_il_opti_grid_allJ_agg": 0.20776809088606052, "consumption_opti_grid_allJ_agg": 2.6256890546148313, "dist_param.data__A_mu_ne0209.params.mu": 0.5897243882976789, "dist_param.data__A_mu_ne9901.params.mu": 0.23218812156347146, "dist_param.data__A_sd_ne0209.params.sd": 0.15509237757670022, "dist_param.data__A_sd_ne9901.params.sd": 0.699468459953063, "esti_obj.main_obj": 2.6258651867559397, "esti_obj.subsets_main.agg_prob_for": 0.7722627935327006, "esti_obj.subsets_main.agg_prob_inf": 0.20463785385968866, "esti_obj.subsets_main.agg_prob_jnt": 1.2848101802753957, "esti_obj.subsets_main.agg_prob_none": 0.3641543590881549, "esti_obj.subsets_other.agg_prob": 0.3711071600599778, "esti_obj.subsets_other.agg_prob_brr": 0.17270026018616402, "esti_obj.subsets_other.agg_prob_sav": 0.13806169632886295, "esti_obj.subsets_other.mean_KYC": 0.9541628054444582, "esti_obj.subsets_other.mean_fbfs": 0.0, "esti_obj.subsets_other.mean_ibil": 0.0, "index": 14.0, "model_option.choice_names_use": "['ib', 'is', 'fb2', 'fs', 'ibfb2', 'fbis2', 'none']", "model_option.choice_set_list": "[0, 1, 102, 3, 104, 105, 6]", "predict": 1.0, "support_arg.param_combo_list_ctr_str": "_c5609", "y_opti_grid_allJ_agg": 2.1731684001685188}