{"esti_obj.main_allperiods_obj": 11.004021515422139, "ktp_opti_grid_allJ_agg": 6.032077706745827, "ib_probJ_opti_grid_j_agg": 0.21286291164552795, "is_probJ_opti_grid_j_agg": 0.0650458153356722, "fb2_probJ_opti_grid_j_agg": 0.14734877211618047, "fs_probJ_opti_grid_j_agg": 0.16887141966959524, "ibfb2_probJ_opti_grid_j_agg": 0.14323002365893278, "fbis2_probJ_opti_grid_j_agg": 0.05454081589887077, "none_probJ_opti_grid_j_agg": 0.2081002416749308, "period_dictkey": "ne9901", "data_model": "model", "level_0": 8, "btp_fb_opti_grid_allJ_agg": -0.5229658289849601, "btp_fs_opti_grid_allJ_agg": 0.1879511229695513, "btp_ib_opti_grid_allJ_agg": -0.6903672240800915, "btp_il_opti_grid_allJ_agg": 0.2692207616380595, "consumption_opti_grid_allJ_agg": 3.1932290081928736, "dist_param.data__A_mu_ne0209.params.mu": 0.6370998068975647, "dist_param.data__A_mu_ne9901.params.mu": 0.5055766526416278, "dist_param.data__A_sd_ne0209.params.sd": 0.2555579821638177, "dist_param.data__A_sd_ne9901.params.sd": 0.47487467981522, "esti_obj.main_obj": 2.558519795840571, "esti_obj.subsets_main.agg_prob_for": 1.1424226895719052, "esti_obj.subsets_main.agg_prob_inf": 0.1403707277136124, "esti_obj.subsets_main.agg_prob_jnt": 0.9937628119614482, "esti_obj.subsets_main.agg_prob_none": 0.2819635665936057, "esti_obj.subsets_other.agg_prob": 0.3209433226893419, "esti_obj.subsets_other.agg_prob_brr": 0.13655829257935878, "esti_obj.subsets_other.agg_prob_sav": 0.13128478843505226, "esti_obj.subsets_other.mean_KYC": 1.0584278089158734, "esti_obj.subsets_other.mean_fbfs": 0.0, "esti_obj.subsets_other.mean_ibil": 0.0, "index": 8.0, "model_option.choice_names_use": "['ib', 'is', 'fb2', 'fs', 'ibfb2', 'fbis2', 'none']", "model_option.choice_set_list": "[0, 1, 102, 3, 104, 105, 6]", "predict": 1.0, "support_arg.param_combo_list_ctr_str": "_c5598", "y_opti_grid_allJ_agg": 2.3539103486174318}