{"esti_obj.main_allperiods_obj": 10.795028063026734, "ktp_opti_grid_allJ_agg": 5.613462448431051, "ib_probJ_opti_grid_j_agg": 0.25209320103477073, "is_probJ_opti_grid_j_agg": 0.056021001744038415, "fb2_probJ_opti_grid_j_agg": 0.13636945246460888, "fs_probJ_opti_grid_j_agg": 0.15555299804975403, "ibfb2_probJ_opti_grid_j_agg": 0.14127232820375868, "fbis2_probJ_opti_grid_j_agg": 0.04725769763433699, "none_probJ_opti_grid_j_agg": 0.2114333208688322, "period_dictkey": "ne9901", "data_model": "model", "level_0": 5, "btp_fb_opti_grid_allJ_agg": -0.49897599164691875, "btp_fs_opti_grid_allJ_agg": 0.17146907533721212, "btp_ib_opti_grid_allJ_agg": -0.6940552818121688, "btp_il_opti_grid_allJ_agg": 0.2334809031588545, "consumption_opti_grid_allJ_agg": 2.9894742799005503, "dist_param.data__A_mu_ne0209.params.mu": 0.6062805054068966, "dist_param.data__A_mu_ne9901.params.mu": 0.367078515047227, "dist_param.data__A_sd_ne0209.params.sd": 0.14471636347131123, "dist_param.data__A_sd_ne9901.params.sd": 0.6311092939143989, "esti_obj.main_obj": 2.2956967019953143, "esti_obj.subsets_main.agg_prob_for": 0.8911694175141056, "esti_obj.subsets_main.agg_prob_inf": 0.019979388281214247, "esti_obj.subsets_main.agg_prob_jnt": 1.066075925771537, "esti_obj.subsets_main.agg_prob_none": 0.3184719704284574, "esti_obj.subsets_other.agg_prob": 0.30515903990661397, "esti_obj.subsets_other.agg_prob_brr": 0.11445142036640316, "esti_obj.subsets_other.agg_prob_sav": 0.13427429867137863, "esti_obj.subsets_other.mean_KYC": 1.0077775608276673, "esti_obj.subsets_other.mean_fbfs": 0.0, "esti_obj.subsets_other.mean_ibil": 0.0, "index": 5.0, "model_option.choice_names_use": "['ib', 'is', 'fb2', 'fs', 'ibfb2', 'fbis2', 'none']", "model_option.choice_set_list": "[0, 1, 102, 3, 104, 105, 6]", "predict": 1.0, "support_arg.param_combo_list_ctr_str": "_c4787", "y_opti_grid_allJ_agg": 2.256968805068362}