{"esti_obj.main_allperiods_obj": 15.861914108446317, "ktp_opti_grid_allJ_agg": 3.560723407996359, "ib_probJ_opti_grid_j_agg": 0.27265012971982167, "is_probJ_opti_grid_j_agg": 0.022172572195108108, "fb2_probJ_opti_grid_j_agg": 0.1605792218633262, "fs_probJ_opti_grid_j_agg": 0.16109613561417463, "ibfb2_probJ_opti_grid_j_agg": 0.1337698310311693, "fbis2_probJ_opti_grid_j_agg": 0.016487281159523064, "none_probJ_opti_grid_j_agg": 0.23324482841692942, "period_dictkey": "ce0209", "data_model": "model", "level_0": 25, "btp_fb_opti_grid_allJ_agg": -0.4176856297312508, "btp_fs_opti_grid_allJ_agg": 0.15295396483574297, "btp_ib_opti_grid_allJ_agg": -0.598158180934613, "btp_il_opti_grid_allJ_agg": 0.08968855650745639, "consumption_opti_grid_allJ_agg": 1.0580433253264159, "esti_obj.main_obj": 9.36605988459442, "esti_obj.subsets_main.agg_prob_for": 3.899474353333491, "esti_obj.subsets_main.agg_prob_inf": 4.5046284881336405, "esti_obj.subsets_main.agg_prob_jnt": 0.054799309110257634, "esti_obj.subsets_main.agg_prob_none": 0.9071577340170324, "esti_obj.subsets_other.agg_prob": 0.6147899162734497, "esti_obj.subsets_other.agg_prob_brr": 0.30230107682532614, "esti_obj.subsets_other.agg_prob_sav": 0.2172440110311942, "esti_obj.subsets_other.mean_KYC": 0.42582563230260145, "esti_obj.subsets_other.mean_fbfs": 0.0, "esti_obj.subsets_other.mean_ibil": 0.0, "esti_param.kappa_ce0209": 0.6713529396026651, "esti_param.kappa_ce9901": 0.10703438428787677, "index": 25.0, "model_option.choice_names_use": "['ib', 'is', 'fb2', 'fs', 'ibfb2', 'fbis2', 'none']", "model_option.choice_set_list": "[0, 1, 102, 3, 104, 105, 6]", "predict": 1.0, "support_arg.param_combo_list_ctr_str": "_c5003", "y_opti_grid_allJ_agg": 1.9988797774136446}