{"esti_obj.main_allperiods_obj": 15.981538938127656, "ktp_opti_grid_allJ_agg": 3.554247765244366, "ib_probJ_opti_grid_j_agg": 0.27449006546461635, "is_probJ_opti_grid_j_agg": 0.02217703148928394, "fb2_probJ_opti_grid_j_agg": 0.15688730209785992, "fs_probJ_opti_grid_j_agg": 0.16156057519253617, "ibfb2_probJ_opti_grid_j_agg": 0.13439360967483904, "fbis2_probJ_opti_grid_j_agg": 0.01626914308733082, "none_probJ_opti_grid_j_agg": 0.23422227299357198, "period_dictkey": "ce0209", "data_model": "model", "level_0": 29, "btp_fb_opti_grid_allJ_agg": -0.41095239808561135, "btp_fs_opti_grid_allJ_agg": 0.15311049287899883, "btp_ib_opti_grid_allJ_agg": -0.5957324717110393, "btp_il_opti_grid_allJ_agg": 0.08929502687168835, "consumption_opti_grid_allJ_agg": 1.0594490267631507, "esti_obj.main_obj": 9.507607882062914, "esti_obj.subsets_main.agg_prob_for": 3.9442678519414436, "esti_obj.subsets_main.agg_prob_inf": 4.582837438457728, "esti_obj.subsets_main.agg_prob_jnt": 0.05463000965879258, "esti_obj.subsets_main.agg_prob_none": 0.9258725820049492, "esti_obj.subsets_other.agg_prob": 0.6204246769163385, "esti_obj.subsets_other.agg_prob_brr": 0.30720915369191737, "esti_obj.subsets_other.agg_prob_sav": 0.2169932502308491, "esti_obj.subsets_other.mean_KYC": 0.4277223162449074, "esti_obj.subsets_other.mean_fbfs": 0.0, "esti_obj.subsets_other.mean_ibil": 0.0, "esti_param.kappa_ce0209": 0.6492383073700565, "esti_param.kappa_ce9901": 0.1034567017005472, "index": 29.0, "model_option.choice_names_use": "['ib', 'is', 'fb2', 'fs', 'ibfb2', 'fbis2', 'none']", "model_option.choice_set_list": "[0, 1, 102, 3, 104, 105, 6]", "predict": 1.0, "support_arg.param_combo_list_ctr_str": "_c6326", "y_opti_grid_allJ_agg": 1.9968133157814054}