{"esti_obj.main_allperiods_obj": 16.066344110189945, "ktp_opti_grid_allJ_agg": 3.559696346930343, "ib_probJ_opti_grid_j_agg": 0.27295843872725956, "is_probJ_opti_grid_j_agg": 0.022173470683944187, "fb2_probJ_opti_grid_j_agg": 0.1599524911458408, "fs_probJ_opti_grid_j_agg": 0.1611749518982769, "ibfb2_probJ_opti_grid_j_agg": 0.13387868593699298, "fbis2_probJ_opti_grid_j_agg": 0.016451153297794924, "none_probJ_opti_grid_j_agg": 0.23341080830994057, "period_dictkey": "ce0209", "data_model": "model", "level_0": 37, "btp_fb_opti_grid_allJ_agg": -0.4166979618234458, "btp_fs_opti_grid_allJ_agg": 0.15297883501148202, "btp_ib_opti_grid_allJ_agg": -0.5976639162730495, "btp_il_opti_grid_allJ_agg": 0.08963143207943493, "consumption_opti_grid_allJ_agg": 1.0582841982882414, "esti_obj.main_obj": 9.389647391863715, "esti_obj.subsets_main.agg_prob_for": 3.906884163396037, "esti_obj.subsets_main.agg_prob_inf": 4.517685877788941, "esti_obj.subsets_main.agg_prob_jnt": 0.0547551164431144, "esti_obj.subsets_main.agg_prob_none": 0.9103222342356221, "esti_obj.subsets_other.agg_prob": 0.6157384940743502, "esti_obj.subsets_other.agg_prob_brr": 0.3031272616444257, "esti_obj.subsets_other.agg_prob_sav": 0.21720042411998403, "esti_obj.subsets_other.mean_KYC": 0.4261270167361069, "esti_obj.subsets_other.mean_fbfs": 0.0, "esti_obj.subsets_other.mean_ibil": 0.0, "esti_param.kappa_ce0209": 0.6677984656882973, "esti_param.kappa_ce9901": 0.1399382340441922, "index": 37.0, "model_option.choice_names_use": "['ib', 'is', 'fb2', 'fs', 'ibfb2', 'fbis2', 'none']", "model_option.choice_set_list": "[0, 1, 102, 3, 104, 105, 6]", "predict": 1.0, "support_arg.param_combo_list_ctr_str": "_c5012", "y_opti_grid_allJ_agg": 1.9985458174006672}