{"esti_obj.main_allperiods_obj": 15.8430774193896, "ktp_opti_grid_allJ_agg": 3.567607902401881, "ib_probJ_opti_grid_j_agg": 0.2703997141556232, "is_probJ_opti_grid_j_agg": 0.022164297275724592, "fb2_probJ_opti_grid_j_agg": 0.16524429567197693, "fs_probJ_opti_grid_j_agg": 0.16050852983790753, "ibfb2_probJ_opti_grid_j_agg": 0.13292944900488995, "fbis2_probJ_opti_grid_j_agg": 0.016746778983611602, "none_probJ_opti_grid_j_agg": 0.23200693507033665, "period_dictkey": "ce0209", "data_model": "model", "level_0": 24, "btp_fb_opti_grid_allJ_agg": -0.4234401703791868, "btp_fs_opti_grid_allJ_agg": 0.15278611732058586, "btp_ib_opti_grid_allJ_agg": -0.6026819533570055, "btp_il_opti_grid_allJ_agg": 0.09001338042723832, "consumption_opti_grid_allJ_agg": 1.0562257532313866, "esti_obj.main_obj": 9.195803795962778, "esti_obj.subsets_main.agg_prob_for": 3.8468608948164427, "esti_obj.subsets_main.agg_prob_inf": 4.409900976922832, "esti_obj.subsets_main.agg_prob_jnt": 0.05531154009165651, "esti_obj.subsets_main.agg_prob_none": 0.8837303841318489, "esti_obj.subsets_other.agg_prob": 0.6078132984518492, "esti_obj.subsets_other.agg_prob_brr": 0.29622596947875623, "esti_obj.subsets_other.agg_prob_sav": 0.2175803939027563, "esti_obj.subsets_other.mean_KYC": 0.4237998885376562, "esti_obj.subsets_other.mean_fbfs": 0.0, "esti_obj.subsets_other.mean_ibil": 0.0, "esti_param.kappa_ce0209": 0.6957619846816094, "esti_param.kappa_ce9901": 0.13409570685406316, "index": 24.0, "model_option.choice_names_use": "['ib', 'is', 'fb2', 'fs', 'ibfb2', 'fbis2', 'none']", "model_option.choice_set_list": "[0, 1, 102, 3, 104, 105, 6]", "predict": 1.0, "support_arg.param_combo_list_ctr_str": "_c4115", "y_opti_grid_allJ_agg": 2.001186766181033}