{"esti_obj.main_allperiods_obj": 15.981162587358483, "ktp_opti_grid_allJ_agg": 3.5674238335665023, "ib_probJ_opti_grid_j_agg": 0.2704644141820784, "is_probJ_opti_grid_j_agg": 0.022164575596257903, "fb2_probJ_opti_grid_j_agg": 0.16510806167244282, "fs_probJ_opti_grid_j_agg": 0.16052572588751593, "ibfb2_probJ_opti_grid_j_agg": 0.132954649403062, "fbis2_probJ_opti_grid_j_agg": 0.016739410143496714, "none_probJ_opti_grid_j_agg": 0.23204316311521617, "period_dictkey": "ce0209", "data_model": "model", "level_0": 28, "btp_fb_opti_grid_allJ_agg": -0.42330729484748186, "btp_fs_opti_grid_allJ_agg": 0.15279064141867987, "btp_ib_opti_grid_allJ_agg": -0.6025312859299352, "btp_il_opti_grid_allJ_agg": 0.09000611643895651, "consumption_opti_grid_allJ_agg": 1.056279394390754, "esti_obj.main_obj": 9.200647354926183, "esti_obj.subsets_main.agg_prob_for": 3.8483333796196897, "esti_obj.subsets_main.agg_prob_inf": 4.412610147468793, "esti_obj.subsets_main.agg_prob_jnt": 0.055292174966185256, "esti_obj.subsets_main.agg_prob_none": 0.8844116528715152, "esti_obj.subsets_other.agg_prob": 0.6080151545945192, "esti_obj.subsets_other.agg_prob_brr": 0.29640170310657354, "esti_obj.subsets_other.agg_prob_sav": 0.2175702883727295, "esti_obj.subsets_other.mean_KYC": 0.42385417626039085, "esti_obj.subsets_other.mean_fbfs": 0.0, "esti_obj.subsets_other.mean_ibil": 0.0, "esti_param.kappa_ce0209": 0.6950942351446396, "esti_param.kappa_ce9901": 0.1626625022824122, "index": 28.0, "model_option.choice_names_use": "['ib', 'is', 'fb2', 'fs', 'ibfb2', 'fbis2', 'none']", "model_option.choice_set_list": "[0, 1, 102, 3, 104, 105, 6]", "predict": 1.0, "support_arg.param_combo_list_ctr_str": "_c5749", "y_opti_grid_allJ_agg": 2.001123408412245}