{"esti_obj.main_allperiods_obj": 16.06122441932345, "ktp_opti_grid_allJ_agg": 3.5671125461365714, "ib_probJ_opti_grid_j_agg": 0.2705732221143136, "is_probJ_opti_grid_j_agg": 0.02216503844432347, "fb2_probJ_opti_grid_j_agg": 0.16487922364139443, "fs_probJ_opti_grid_j_agg": 0.16055460479050893, "ibfb2_probJ_opti_grid_j_agg": 0.13299689953213514, "fbis2_probJ_opti_grid_j_agg": 0.016727006624960062, "none_probJ_opti_grid_j_agg": 0.23210400485243343, "period_dictkey": "ce0209", "data_model": "model", "level_0": 36, "btp_fb_opti_grid_allJ_agg": -0.42307979879214846, "btp_fs_opti_grid_allJ_agg": 0.15279828659128722, "btp_ib_opti_grid_allJ_agg": -0.6022804676300665, "btp_il_opti_grid_allJ_agg": 0.08999364208530466, "consumption_opti_grid_allJ_agg": 1.0563694268722421, "esti_obj.main_obj": 9.208800222868017, "esti_obj.subsets_main.agg_prob_for": 3.850815479846349, "esti_obj.subsets_main.agg_prob_inf": 4.417168143484519, "esti_obj.subsets_main.agg_prob_jnt": 0.05526022661046909, "esti_obj.subsets_main.agg_prob_none": 0.8855563729266813, "esti_obj.subsets_other.agg_prob": 0.608354453933425, "esti_obj.subsets_other.agg_prob_brr": 0.29669709894078405, "esti_obj.subsets_other.agg_prob_sav": 0.21755335014020757, "esti_obj.subsets_other.mean_KYC": 0.42394596895224423, "esti_obj.subsets_other.mean_fbfs": 0.0, "esti_obj.subsets_other.mean_ibil": 0.0, "esti_param.kappa_ce0209": 0.6939670845551011, "esti_param.kappa_ce9901": 0.1809990493571683, "index": 36.0, "model_option.choice_names_use": "['ib', 'is', 'fb2', 'fs', 'ibfb2', 'fbis2', 'none']", "model_option.choice_set_list": "[0, 1, 102, 3, 104, 105, 6]", "predict": 1.0, "support_arg.param_combo_list_ctr_str": "_c4174", "y_opti_grid_allJ_agg": 2.00101648548235}