{"esti_obj.main_allperiods_obj": 16.07227922983476, "ktp_opti_grid_allJ_agg": 3.5506002775401555, "ib_probJ_opti_grid_j_agg": 0.27542611932334904, "is_probJ_opti_grid_j_agg": 0.022178428743502617, "fb2_probJ_opti_grid_j_agg": 0.15505626718297907, "fs_probJ_opti_grid_j_agg": 0.1617915622838559, "ibfb2_probJ_opti_grid_j_agg": 0.13468465269489724, "fbis2_probJ_opti_grid_j_agg": 0.0161554747797307, "none_probJ_opti_grid_j_agg": 0.23470749499171684, "period_dictkey": "ce0209", "data_model": "model", "level_0": 39, "btp_fb_opti_grid_allJ_agg": -0.4066600170092989, "btp_fs_opti_grid_allJ_agg": 0.1531986522635411, "btp_ib_opti_grid_allJ_agg": -0.5950367563102451, "btp_il_opti_grid_allJ_agg": 0.08904081766780281, "consumption_opti_grid_allJ_agg": 1.060133054129825, "esti_obj.main_obj": 9.580242746039058, "esti_obj.subsets_main.agg_prob_for": 3.967487682481863, "esti_obj.subsets_main.agg_prob_inf": 4.6228882765095545, "esti_obj.subsets_main.agg_prob_jnt": 0.05463282829034611, "esti_obj.subsets_main.agg_prob_none": 0.9352339587572934, "esti_obj.subsets_other.agg_prob": 0.6232672286301003, "esti_obj.subsets_other.agg_prob_brr": 0.3096851994454727, "esti_obj.subsets_other.agg_prob_sav": 0.2168745341929108, "esti_obj.subsets_other.mean_KYC": 0.4287869537893628, "esti_obj.subsets_other.mean_fbfs": 0.0, "esti_obj.subsets_other.mean_ibil": 0.0, "esti_param.kappa_ce0209": 0.6370440497187704, "esti_param.kappa_ce9901": 0.10640602615084556, "index": 39.0, "model_option.choice_names_use": "['ib', 'is', 'fb2', 'fs', 'ibfb2', 'fbis2', 'none']", "model_option.choice_set_list": "[0, 1, 102, 3, 104, 105, 6]", "predict": 1.0, "support_arg.param_combo_list_ctr_str": "_c3437", "y_opti_grid_allJ_agg": 1.995687475886108}