{"esti_obj.main_allperiods_obj": 15.984787530618641, "ktp_opti_grid_allJ_agg": 3.5531241670400635, "ib_probJ_opti_grid_j_agg": 0.27478561971127613, "is_probJ_opti_grid_j_agg": 0.022177538704580963, "fb2_probJ_opti_grid_j_agg": 0.1563055441652012, "fs_probJ_opti_grid_j_agg": 0.16163387951999442, "ibfb2_probJ_opti_grid_j_agg": 0.13448759314568887, "fbis2_probJ_opti_grid_j_agg": 0.016233474313919062, "none_probJ_opti_grid_j_agg": 0.2343763504393754, "period_dictkey": "ce0209", "data_model": "model", "level_0": 30, "btp_fb_opti_grid_allJ_agg": -0.40966681535778293, "btp_fs_opti_grid_allJ_agg": 0.15313763315866644, "btp_ib_opti_grid_allJ_agg": -0.5954697110532923, "btp_il_opti_grid_allJ_agg": 0.08921908040503304, "consumption_opti_grid_allJ_agg": 1.0596673931285834, "esti_obj.main_obj": 9.530503004855904, "esti_obj.subsets_main.agg_prob_for": 3.951574493687017, "esti_obj.subsets_main.agg_prob_inf": 4.595464147677942, "esti_obj.subsets_main.agg_prob_jnt": 0.054624271089614415, "esti_obj.subsets_main.agg_prob_none": 0.9288400924013295, "esti_obj.subsets_other.agg_prob": 0.621323940301267, "esti_obj.subsets_other.agg_prob_brr": 0.307992482400386, "esti_obj.subsets_other.agg_prob_sav": 0.2169551074615056, "esti_obj.subsets_other.mean_KYC": 0.428050557019827, "esti_obj.subsets_other.mean_fbfs": 0.0, "esti_obj.subsets_other.mean_ibil": 0.0, "esti_param.kappa_ce0209": 0.6454646692519662, "esti_param.kappa_ce9901": 0.10031158744355358, "index": 30.0, "model_option.choice_names_use": "['ib', 'is', 'fb2', 'fs', 'ibfb2', 'fbis2', 'none']", "model_option.choice_set_list": "[0, 1, 102, 3, 104, 105, 6]", "predict": 1.0, "support_arg.param_combo_list_ctr_str": "_c5903", "y_opti_grid_allJ_agg": 1.9964637437450365}