{"esti_obj.main_allperiods_obj": 16.03255305053421, "ktp_opti_grid_allJ_agg": 3.251703680728444, "ib_probJ_opti_grid_j_agg": 0.27873809034245556, "is_probJ_opti_grid_j_agg": 0.024035802507307875, "fb2_probJ_opti_grid_j_agg": 0.13349029204110888, "fs_probJ_opti_grid_j_agg": 0.17277972862269475, "ibfb2_probJ_opti_grid_j_agg": 0.12270615147657664, "fbis2_probJ_opti_grid_j_agg": 0.014636875994511305, "none_probJ_opti_grid_j_agg": 0.25361305901536746, "period_dictkey": "ce9901", "data_model": "model", "level_0": 15, "btp_fb_opti_grid_allJ_agg": -0.06181740665667008, "btp_fs_opti_grid_allJ_agg": 0.16875231420461462, "btp_ib_opti_grid_allJ_agg": -0.4709655652290885, "btp_il_opti_grid_allJ_agg": 0.09232042007793029, "consumption_opti_grid_allJ_agg": 1.0704500560468564, "esti_obj.main_obj": 6.490971144294205, "esti_obj.subsets_main.agg_prob_for": 2.282882994085891, "esti_obj.subsets_main.agg_prob_inf": 3.490668603647893, "esti_obj.subsets_main.agg_prob_jnt": 0.5291768817600224, "esti_obj.subsets_main.agg_prob_none": 0.18824266480039858, "esti_obj.subsets_other.agg_prob": 0.5198884836380419, "esti_obj.subsets_other.agg_prob_brr": 0.34095394977792337, "esti_obj.subsets_other.agg_prob_sav": 0.13554759287548604, "esti_obj.subsets_other.mean_KYC": 0.05401795819087361, "esti_obj.subsets_other.mean_fbfs": 0.0, "esti_obj.subsets_other.mean_ibil": 0.0, "esti_param.kappa_ce0209": 0.6436161753630191, "esti_param.kappa_ce9901": 0.10623109031400213, "index": 15.0, "model_option.choice_names_use": "['ib', 'is', 'fb2', 'fs', 'ibfb2', 'fbis2', 'none']", "model_option.choice_set_list": "[0, 1, 102, 3, 104, 105, 6]", "predict": 1.0, "support_arg.param_combo_list_ctr_str": "_c6392", "y_opti_grid_allJ_agg": 1.9367673238615761}