{"esti_obj.main_allperiods_obj": 16.07227922983476, "ktp_opti_grid_allJ_agg": 3.2516290703317, "ib_probJ_opti_grid_j_agg": 0.2787538658455849, "is_probJ_opti_grid_j_agg": 0.02403460510286481, "fb2_probJ_opti_grid_j_agg": 0.13348652678831083, "fs_probJ_opti_grid_j_agg": 0.17277140754386563, "ibfb2_probJ_opti_grid_j_agg": 0.12271386776189173, "fbis2_probJ_opti_grid_j_agg": 0.014636973175903373, "none_probJ_opti_grid_j_agg": 0.253602753781601, "period_dictkey": "ce9901", "data_model": "model", "level_0": 19, "btp_fb_opti_grid_allJ_agg": -0.062011324466995525, "btp_fs_opti_grid_allJ_agg": 0.16875462766435478, "btp_ib_opti_grid_allJ_agg": -0.470863630849122, "btp_il_opti_grid_allJ_agg": 0.09232203687155653, "consumption_opti_grid_allJ_agg": 1.07043880950946, "esti_obj.main_obj": 6.492036483795702, "esti_obj.subsets_main.agg_prob_for": 2.28315610534019, "esti_obj.subsets_main.agg_prob_inf": 3.49125923445495, "esti_obj.subsets_main.agg_prob_jnt": 0.5292890460665277, "esti_obj.subsets_main.agg_prob_none": 0.18833209793403433, "esti_obj.subsets_other.agg_prob": 0.519935467214931, "esti_obj.subsets_other.agg_prob_brr": 0.34098120681916577, "esti_obj.subsets_other.agg_prob_sav": 0.13555701417736615, "esti_obj.subsets_other.mean_KYC": 0.05384502955635723, "esti_obj.subsets_other.mean_fbfs": 0.0, "esti_obj.subsets_other.mean_ibil": 0.0, "esti_param.kappa_ce0209": 0.6370440497187704, "esti_param.kappa_ce9901": 0.10640602615084556, "index": 19.0, "model_option.choice_names_use": "['ib', 'is', 'fb2', 'fs', 'ibfb2', 'fbis2', 'none']", "model_option.choice_set_list": "[0, 1, 102, 3, 104, 105, 6]", "predict": 1.0, "support_arg.param_combo_list_ctr_str": "_c3437", "y_opti_grid_allJ_agg": 1.9367378959087669}