{"esti_obj.main_allperiods_obj": 15.8430774193896, "ktp_opti_grid_allJ_agg": 3.240746382089935, "ib_probJ_opti_grid_j_agg": 0.28100973018444303, "is_probJ_opti_grid_j_agg": 0.023859717660736565, "fb2_probJ_opti_grid_j_agg": 0.13302771546114833, "fs_probJ_opti_grid_j_agg": 0.17152600079635552, "ibfb2_probJ_opti_grid_j_agg": 0.12387997407904452, "fbis2_probJ_opti_grid_j_agg": 0.01465907552550951, "none_probJ_opti_grid_j_agg": 0.25203778629277307, "period_dictkey": "ce9901", "data_model": "model", "level_0": 4, "btp_fb_opti_grid_allJ_agg": -0.09068663440494229, "btp_fs_opti_grid_allJ_agg": 0.1690162523606288, "btp_ib_opti_grid_allJ_agg": -0.45535360740073366, "btp_il_opti_grid_allJ_agg": 0.09261181476557138, "consumption_opti_grid_allJ_agg": 1.0688027560590494, "esti_obj.main_obj": 6.6472736234268215, "esti_obj.subsets_main.agg_prob_for": 2.3225023903896496, "esti_obj.subsets_main.agg_prob_inf": 3.5762381171601825, "esti_obj.subsets_main.agg_prob_jnt": 0.5463730497315559, "esti_obj.subsets_main.agg_prob_none": 0.20216006614543441, "esti_obj.subsets_other.agg_prob": 0.5267794085269644, "esti_obj.subsets_other.agg_prob_brr": 0.3448619888023392, "esti_obj.subsets_other.agg_prob_sav": 0.13695520601739838, "esti_obj.subsets_other.mean_KYC": 0.013364697807423127, "esti_obj.subsets_other.mean_fbfs": 0.0, "esti_obj.subsets_other.mean_ibil": 0.0, "esti_param.kappa_ce0209": 0.6957619846816094, "esti_param.kappa_ce9901": 0.13409570685406316, "index": 4.0, "model_option.choice_names_use": "['ib', 'is', 'fb2', 'fs', 'ibfb2', 'fbis2', 'none']", "model_option.choice_set_list": "[0, 1, 102, 3, 104, 105, 6]", "predict": 1.0, "support_arg.param_combo_list_ctr_str": "_c4115", "y_opti_grid_allJ_agg": 1.9324418115808328}