{"esti_obj.main_allperiods_obj": 16.06122441932345, "ktp_opti_grid_allJ_agg": 3.226449771890308, "ib_probJ_opti_grid_j_agg": 0.28381950081318935, "is_probJ_opti_grid_j_agg": 0.02362500561069369, "fb2_probJ_opti_grid_j_agg": 0.13282844927230034, "fs_probJ_opti_grid_j_agg": 0.16971745701739477, "ibfb2_probJ_opti_grid_j_agg": 0.12561535799793327, "fbis2_probJ_opti_grid_j_agg": 0.014726286341875531, "none_probJ_opti_grid_j_agg": 0.24966794294660882, "period_dictkey": "ce9901", "data_model": "model", "level_0": 16, "btp_fb_opti_grid_allJ_agg": -0.13104316833717244, "btp_fs_opti_grid_allJ_agg": 0.1690117589614807, "btp_ib_opti_grid_allJ_agg": -0.4318166233516177, "btp_il_opti_grid_allJ_agg": 0.09324866824103636, "consumption_opti_grid_allJ_agg": 1.066620020509454, "esti_obj.main_obj": 6.852424196455436, "esti_obj.subsets_main.agg_prob_for": 2.3725704755009294, "esti_obj.subsets_main.agg_prob_inf": 3.6835361445684836, "esti_obj.subsets_main.agg_prob_jnt": 0.5722852138954754, "esti_obj.subsets_main.agg_prob_none": 0.22403236249054762, "esti_obj.subsets_other.agg_prob": 0.5358697176222494, "esti_obj.subsets_other.agg_prob_brr": 0.34960640953882227, "esti_obj.subsets_other.agg_prob_sav": 0.138931251030036, "esti_obj.subsets_other.mean_KYC": 0.058271239925224205, "esti_obj.subsets_other.mean_fbfs": 0.0, "esti_obj.subsets_other.mean_ibil": 0.0, "esti_param.kappa_ce0209": 0.6939670845551011, "esti_param.kappa_ce9901": 0.1809990493571683, "index": 16.0, "model_option.choice_names_use": "['ib', 'is', 'fb2', 'fs', 'ibfb2', 'fbis2', 'none']", "model_option.choice_set_list": "[0, 1, 102, 3, 104, 105, 6]", "predict": 1.0, "support_arg.param_combo_list_ctr_str": "_c4174", "y_opti_grid_allJ_agg": 1.9267417311129027}