{"esti_obj.main_allperiods_obj": 15.840265632282795, "ktp_opti_grid_allJ_agg": 3.243262008438543, "ib_probJ_opti_grid_j_agg": 0.2804965358076532, "is_probJ_opti_grid_j_agg": 0.023900234930456603, "fb2_probJ_opti_grid_j_agg": 0.13311612653251348, "fs_probJ_opti_grid_j_agg": 0.17182042969078484, "ibfb2_probJ_opti_grid_j_agg": 0.12360223623558973, "fbis2_probJ_opti_grid_j_agg": 0.014652386711733653, "none_probJ_opti_grid_j_agg": 0.25241205009128176, "period_dictkey": "ce9901", "data_model": "model", "level_0": 3, "btp_fb_opti_grid_allJ_agg": -0.0839710629972962, "btp_fs_opti_grid_allJ_agg": 0.16897068952751332, "btp_ib_opti_grid_allJ_agg": -0.45906758959338634, "btp_il_opti_grid_allJ_agg": 0.09253412102285367, "consumption_opti_grid_allJ_agg": 1.0691806975905704, "esti_obj.main_obj": 6.611400786817706, "esti_obj.subsets_main.agg_prob_for": 2.313497097869437, "esti_obj.subsets_main.agg_prob_inf": 3.5568151145389515, "esti_obj.subsets_main.agg_prob_jnt": 0.5422800467030802, "esti_obj.subsets_main.agg_prob_none": 0.19880852770623658, "esti_obj.subsets_other.agg_prob": 0.5251975440864726, "esti_obj.subsets_other.agg_prob_brr": 0.34398264551072943, "esti_obj.subsets_other.agg_prob_sav": 0.1366269486670249, "esti_obj.subsets_other.mean_KYC": 0.028416926903444693, "esti_obj.subsets_other.mean_fbfs": 0.0, "esti_obj.subsets_other.mean_ibil": 0.0, "esti_param.kappa_ce0209": 0.6911758104589174, "esti_param.kappa_ce9901": 0.12726120032002625, "index": 3.0, "model_option.choice_names_use": "['ib', 'is', 'fb2', 'fs', 'ibfb2', 'fbis2', 'none']", "model_option.choice_set_list": "[0, 1, 102, 3, 104, 105, 6]", "predict": 1.0, "support_arg.param_combo_list_ctr_str": "_c4781", "y_opti_grid_allJ_agg": 1.9334360689225327}