{"esti_obj.main_allperiods_obj": 16.009146757361876, "ktp_opti_grid_allJ_agg": 3.2341276514196124, "ib_probJ_opti_grid_j_agg": 0.28233418431478924, "is_probJ_opti_grid_j_agg": 0.023752402548859373, "fb2_probJ_opti_grid_j_agg": 0.13286000872495263, "fs_probJ_opti_grid_j_agg": 0.17072428227365405, "ibfb2_probJ_opti_grid_j_agg": 0.12464295994624039, "fbis2_probJ_opti_grid_j_agg": 0.014682754114548108, "none_probJ_opti_grid_j_agg": 0.25100340807695976, "period_dictkey": "ce9901", "data_model": "model", "level_0": 13, "btp_fb_opti_grid_allJ_agg": -0.10876698046716017, "btp_fs_opti_grid_allJ_agg": 0.1690803311974634, "btp_ib_opti_grid_allJ_agg": -0.44507986909735653, "btp_il_opti_grid_allJ_agg": 0.09285710429393203, "consumption_opti_grid_allJ_agg": 1.0678041549429285, "esti_obj.main_obj": 6.741795111957877, "esti_obj.subsets_main.agg_prob_for": 2.345918936032673, "esti_obj.subsets_main.agg_prob_inf": 3.6266134192687662, "esti_obj.subsets_main.agg_prob_jnt": 0.557694109802969, "esti_obj.subsets_main.agg_prob_none": 0.211568646853469, "esti_obj.subsets_other.agg_prob": 0.5309542885220557, "esti_obj.subsets_other.agg_prob_brr": 0.347117135536077, "esti_obj.subsets_other.agg_prob_sav": 0.13784056106293846, "esti_obj.subsets_other.mean_KYC": 0.03841962415350884, "esti_obj.subsets_other.mean_fbfs": 0.0, "esti_obj.subsets_other.mean_ibil": 0.0, "esti_param.kappa_ce0209": 0.6857498099338827, "esti_param.kappa_ce9901": 0.1537530380242751, "index": 13.0, "model_option.choice_names_use": "['ib', 'is', 'fb2', 'fs', 'ibfb2', 'fbis2', 'none']", "model_option.choice_set_list": "[0, 1, 102, 3, 104, 105, 6]", "predict": 1.0, "support_arg.param_combo_list_ctr_str": "_c3512", "y_opti_grid_allJ_agg": 1.9298176873763608}