{"esti_obj.main_allperiods_obj": 15.984787530618641, "ktp_opti_grid_allJ_agg": 3.2542720091129453, "ib_probJ_opti_grid_j_agg": 0.27819261827432434, "is_probJ_opti_grid_j_agg": 0.024077027831728274, "fb2_probJ_opti_grid_j_agg": 0.1336243203390357, "fs_probJ_opti_grid_j_agg": 0.17306476267975707, "ibfb2_probJ_opti_grid_j_agg": 0.1224424128029771, "fbis2_probJ_opti_grid_j_agg": 0.01463390502826544, "none_probJ_opti_grid_j_agg": 0.25396495304393735, "period_dictkey": "ce9901", "data_model": "model", "level_0": 10, "btp_fb_opti_grid_allJ_agg": -0.055156817140355356, "btp_fs_opti_grid_allJ_agg": 0.16866901872035975, "btp_ib_opti_grid_allJ_agg": -0.4744444934606727, "btp_il_opti_grid_allJ_agg": 0.09226732938666107, "consumption_opti_grid_allJ_agg": 1.0708376579819734, "esti_obj.main_obj": 6.454284525762738, "esti_obj.subsets_main.agg_prob_for": 2.273455571383027, "esti_obj.subsets_main.agg_prob_inf": 3.470277269915438, "esti_obj.subsets_main.agg_prob_jnt": 0.5253501578132208, "esti_obj.subsets_main.agg_prob_none": 0.18520152665105163, "esti_obj.subsets_other.agg_prob": 0.5182700621545775, "esti_obj.subsets_other.agg_prob_brr": 0.3400107107382657, "esti_obj.subsets_other.agg_prob_sav": 0.13522430446024922, "esti_obj.subsets_other.mean_KYC": 0.05966591910996045, "esti_obj.subsets_other.mean_fbfs": 0.0, "esti_obj.subsets_other.mean_ibil": 0.0, "esti_param.kappa_ce0209": 0.6454646692519662, "esti_param.kappa_ce9901": 0.10031158744355358, "index": 10.0, "model_option.choice_names_use": "['ib', 'is', 'fb2', 'fs', 'ibfb2', 'fbis2', 'none']", "model_option.choice_set_list": "[0, 1, 102, 3, 104, 105, 6]", "predict": 1.0, "support_arg.param_combo_list_ctr_str": "_c5903", "y_opti_grid_allJ_agg": 1.9377803315138387}