{"esti_obj.main_allperiods_obj": 15.981162587358483, "ktp_opti_grid_allJ_agg": 3.231426910420867, "ib_probJ_opti_grid_j_agg": 0.28286321879440857, "is_probJ_opti_grid_j_agg": 0.023708101620302104, "fb2_probJ_opti_grid_j_agg": 0.13282479386533602, "fs_probJ_opti_grid_j_agg": 0.17038213309070155, "ibfb2_probJ_opti_grid_j_agg": 0.12497162732532179, "fbis2_probJ_opti_grid_j_agg": 0.014695632194922228, "none_probJ_opti_grid_j_agg": 0.2505544931090085, "period_dictkey": "ce9901", "data_model": "model", "level_0": 8, "btp_fb_opti_grid_allJ_agg": -0.11639047429987426, "btp_fs_opti_grid_allJ_agg": 0.1690775560527938, "btp_ib_opti_grid_allJ_agg": -0.4406196570922631, "btp_il_opti_grid_allJ_agg": 0.09297868675748824, "consumption_opti_grid_allJ_agg": 1.067392534976354, "esti_obj.main_obj": 6.7805152324322995, "esti_obj.subsets_main.agg_prob_for": 2.355355592539112, "esti_obj.subsets_main.agg_prob_inf": 3.6468356273782723, "esti_obj.subsets_main.agg_prob_jnt": 0.5626055014788016, "esti_obj.subsets_main.agg_prob_none": 0.21571851103611364, "esti_obj.subsets_other.agg_prob": 0.5326696922394598, "esti_obj.subsets_other.agg_prob_brr": 0.3480100522543943, "esti_obj.subsets_other.agg_prob_sav": 0.13821413309407413, "esti_obj.subsets_other.mean_KYC": 0.04638159947417973, "esti_obj.subsets_other.mean_fbfs": 0.0, "esti_obj.subsets_other.mean_ibil": 0.0, "esti_param.kappa_ce0209": 0.6950942351446396, "esti_param.kappa_ce9901": 0.1626625022824122, "index": 8.0, "model_option.choice_names_use": "['ib', 'is', 'fb2', 'fs', 'ibfb2', 'fbis2', 'none']", "model_option.choice_set_list": "[0, 1, 102, 3, 104, 105, 6]", "predict": 1.0, "support_arg.param_combo_list_ctr_str": "_c5749", "y_opti_grid_allJ_agg": 1.9287412467723235}