{"esti_obj.main_allperiods_obj": 15.885440693451708, "ktp_opti_grid_allJ_agg": 3.236425707893519, "ib_probJ_opti_grid_j_agg": 0.281878708553182, "is_probJ_opti_grid_j_agg": 0.023789821649937558, "fb2_probJ_opti_grid_j_agg": 0.1329063418243498, "fs_probJ_opti_grid_j_agg": 0.17100782579070867, "ibfb2_probJ_opti_grid_j_agg": 0.12437197804065364, "fbis2_probJ_opti_grid_j_agg": 0.014673398423208257, "none_probJ_opti_grid_j_agg": 0.25137192571796607, "period_dictkey": "ce9901", "data_model": "model", "level_0": 6, "btp_fb_opti_grid_allJ_agg": -0.10240721261915764, "btp_fs_opti_grid_allJ_agg": 0.16906837932321064, "btp_ib_opti_grid_allJ_agg": -0.44874111249407467, "btp_il_opti_grid_allJ_agg": 0.09276433712537141, "consumption_opti_grid_allJ_agg": 1.068152028806469, "esti_obj.main_obj": 6.708936535212787, "esti_obj.subsets_main.agg_prob_for": 2.337834971990066, "esti_obj.subsets_main.agg_prob_inf": 3.609249027696381, "esti_obj.subsets_main.agg_prob_jnt": 0.5536604192576596, "esti_obj.subsets_main.agg_prob_none": 0.20819211626868048, "esti_obj.subsets_other.agg_prob": 0.5295013731876652, "esti_obj.subsets_other.agg_prob_brr": 0.34634434476948583, "esti_obj.subsets_other.agg_prob_sav": 0.1375289541361455, "esti_obj.subsets_other.mean_KYC": 0.030025878865076315, "esti_obj.subsets_other.mean_fbfs": 0.0, "esti_obj.subsets_other.mean_ibil": 0.0, "esti_param.kappa_ce0209": 0.6984090533542089, "esti_param.kappa_ce9901": 0.14661491497279341, "index": 6.0, "model_option.choice_names_use": "['ib', 'is', 'fb2', 'fs', 'ibfb2', 'fbis2', 'none']", "model_option.choice_set_list": "[0, 1, 102, 3, 104, 105, 6]", "predict": 1.0, "support_arg.param_combo_list_ctr_str": "_c6020", "y_opti_grid_allJ_agg": 1.9307305827925532}