{"esti_obj.main_allperiods_obj": 18.228892549897193, "ktp_opti_grid_allJ_agg": 3.3674282583293023, "ib_probJ_opti_grid_j_agg": 0.2849697076703935, "is_probJ_opti_grid_j_agg": 0.022943010471250885, "fb2_probJ_opti_grid_j_agg": 0.149171411625122, "fs_probJ_opti_grid_j_agg": 0.15903838268686274, "ibfb2_probJ_opti_grid_j_agg": 0.13195816010240666, "fbis2_probJ_opti_grid_j_agg": 0.017462009236292472, "none_probJ_opti_grid_j_agg": 0.23445731820766635, "period_dictkey": "ne0209", "data_model": "model", "level_0": 34, "btp_fb_opti_grid_allJ_agg": -0.5089542409992469, "btp_fs_opti_grid_allJ_agg": 0.14942537986603677, "btp_ib_opti_grid_allJ_agg": -0.33518943175486604, "btp_il_opti_grid_allJ_agg": 0.10729198398250751, "consumption_opti_grid_allJ_agg": 1.0489861672270717, "esti_obj.main_obj": 14.336662325954139, "esti_obj.subsets_main.agg_prob_for": 2.019515131899225, "esti_obj.subsets_main.agg_prob_inf": 5.0394457241922055, "esti_obj.subsets_main.agg_prob_jnt": 4.0930000276754805, "esti_obj.subsets_main.agg_prob_none": 3.184701442187228, "esti_obj.subsets_other.agg_prob": 0.8409308171298506, "esti_obj.subsets_other.agg_prob_brr": 0.5568401359428649, "esti_obj.subsets_other.agg_prob_sav": 0.10563336297931937, "esti_obj.subsets_other.mean_KYC": 0.5818995313474016, "esti_obj.subsets_other.mean_fbfs": 0.0, "esti_obj.subsets_other.mean_ibil": 0.0, "esti_param.kappa_ne0209": 0.6953959496439588, "esti_param.kappa_ne9901": 0.6179620643457502, "index": 34.0, "model_option.choice_names_use": "['ib', 'is', 'fb2', 'fs', 'ibfb2', 'fbis2', 'none']", "model_option.choice_set_list": "[0, 1, 102, 3, 104, 105, 6]", "predict": 1.0, "support_arg.param_combo_list_ctr_str": "_c6199", "y_opti_grid_allJ_agg": 1.9523094325511394}