{"esti_obj.main_allperiods_obj": 18.213768435591266, "ktp_opti_grid_allJ_agg": 3.361830433983747, "ib_probJ_opti_grid_j_agg": 0.2843702799620007, "is_probJ_opti_grid_j_agg": 0.023012142946076466, "fb2_probJ_opti_grid_j_agg": 0.1488627558318351, "fs_probJ_opti_grid_j_agg": 0.15953740188656876, "ibfb2_probJ_opti_grid_j_agg": 0.13187230126647925, "fbis2_probJ_opti_grid_j_agg": 0.017370492022325365, "none_probJ_opti_grid_j_agg": 0.23497462608471223, "period_dictkey": "ne0209", "data_model": "model", "level_0": 23, "btp_fb_opti_grid_allJ_agg": -0.49029504704994475, "btp_fs_opti_grid_allJ_agg": 0.15016798244326077, "btp_ib_opti_grid_allJ_agg": -0.33612466867884294, "btp_il_opti_grid_allJ_agg": 0.10718559080866885, "consumption_opti_grid_allJ_agg": 1.0503496816177254, "esti_obj.main_obj": 14.343150392637824, "esti_obj.subsets_main.agg_prob_for": 2.0301431763861495, "esti_obj.subsets_main.agg_prob_inf": 5.012391012463373, "esti_obj.subsets_main.agg_prob_jnt": 4.0974245255720465, "esti_obj.subsets_main.agg_prob_none": 3.203191678216256, "esti_obj.subsets_other.agg_prob": 0.8417646158665655, "esti_obj.subsets_other.agg_prob_brr": 0.5566352228636864, "esti_obj.subsets_other.agg_prob_sav": 0.10615476691816692, "esti_obj.subsets_other.mean_KYC": 0.5806957968643623, "esti_obj.subsets_other.mean_fbfs": 0.0, "esti_obj.subsets_other.mean_ibil": 0.0, "esti_param.kappa_ne0209": 0.6826131557585379, "esti_param.kappa_ne9901": 0.6880138424455253, "index": 23.0, "model_option.choice_names_use": "['ib', 'is', 'fb2', 'fs', 'ibfb2', 'fbis2', 'none']", "model_option.choice_set_list": "[0, 1, 102, 3, 104, 105, 6]", "predict": 1.0, "support_arg.param_combo_list_ctr_str": "_c5617", "y_opti_grid_allJ_agg": 1.9515545308333353}