{"esti_obj.main_allperiods_obj": 18.215071302024782, "ktp_opti_grid_allJ_agg": 3.3662883292038774, "ib_probJ_opti_grid_j_agg": 0.2848371729622281, "is_probJ_opti_grid_j_agg": 0.022958101710651567, "fb2_probJ_opti_grid_j_agg": 0.14911020387801127, "fs_probJ_opti_grid_j_agg": 0.1591450768067072, "ibfb2_probJ_opti_grid_j_agg": 0.1319393534611482, "fbis2_probJ_opti_grid_j_agg": 0.017443067648817544, "none_probJ_opti_grid_j_agg": 0.23456702353243136, "period_dictkey": "ne0209", "data_model": "model", "level_0": 25, "btp_fb_opti_grid_allJ_agg": -0.5050031121027234, "btp_fs_opti_grid_allJ_agg": 0.14958036562753838, "btp_ib_opti_grid_allJ_agg": -0.33538907533657447, "btp_il_opti_grid_allJ_agg": 0.10727442181076129, "consumption_opti_grid_allJ_agg": 1.0492779726033852, "esti_obj.main_obj": 14.337679192855806, "esti_obj.subsets_main.agg_prob_for": 2.0216468617230263, "esti_obj.subsets_main.agg_prob_inf": 5.0334586120310725, "esti_obj.subsets_main.agg_prob_jnt": 4.0939555297785155, "esti_obj.subsets_main.agg_prob_none": 3.18861818932319, "esti_obj.subsets_other.agg_prob": 0.8410985466027381, "esti_obj.subsets_other.agg_prob_brr": 0.5567876156230687, "esti_obj.subsets_other.agg_prob_sav": 0.10574390744723808, "esti_obj.subsets_other.mean_KYC": 0.5816546073925396, "esti_obj.subsets_other.mean_fbfs": 0.0, "esti_obj.subsets_other.mean_ibil": 0.0, "esti_param.kappa_ne0209": 0.69274369316379, "esti_param.kappa_ne9901": 0.6620386615913326, "index": 25.0, "model_option.choice_names_use": "['ib', 'is', 'fb2', 'fs', 'ibfb2', 'fbis2', 'none']", "model_option.choice_set_list": "[0, 1, 102, 3, 104, 105, 6]", "predict": 1.0, "support_arg.param_combo_list_ctr_str": "_c5130", "y_opti_grid_allJ_agg": 1.9521629723716396}