{"esti_obj.main_allperiods_obj": 18.220789933496423, "ktp_opti_grid_allJ_agg": 3.3568656504727437, "ib_probJ_opti_grid_j_agg": 0.2839350876165271, "is_probJ_opti_grid_j_agg": 0.02306413037059972, "fb2_probJ_opti_grid_j_agg": 0.14857366948400444, "fs_probJ_opti_grid_j_agg": 0.15993342323174475, "ibfb2_probJ_opti_grid_j_agg": 0.13180803934222585, "fbis2_probJ_opti_grid_j_agg": 0.017292093091278552, "none_probJ_opti_grid_j_agg": 0.2353935568636199, "period_dictkey": "ne0209", "data_model": "model", "level_0": 29, "btp_fb_opti_grid_allJ_agg": -0.4751365126434355, "btp_fs_opti_grid_allJ_agg": 0.15079218700958125, "btp_ib_opti_grid_allJ_agg": -0.3368734487528522, "btp_il_opti_grid_allJ_agg": 0.10705305606856545, "consumption_opti_grid_allJ_agg": 1.0514286538091406, "esti_obj.main_obj": 14.351723264195805, "esti_obj.subsets_main.agg_prob_for": 2.039874832495547, "esti_obj.subsets_main.agg_prob_inf": 4.99278524487888, "esti_obj.subsets_main.agg_prob_jnt": 4.100858362403295, "esti_obj.subsets_main.agg_prob_none": 3.2182048244180828, "esti_obj.subsets_other.agg_prob": 0.8425241354237831, "esti_obj.subsets_other.agg_prob_brr": 0.5565533787902968, "esti_obj.subsets_other.agg_prob_sav": 0.10657719976986647, "esti_obj.subsets_other.mean_KYC": 0.5796260972542436, "esti_obj.subsets_other.mean_fbfs": 0.0, "esti_obj.subsets_other.mean_ibil": 0.0, "esti_param.kappa_ne0209": 0.6717166345096256, "esti_param.kappa_ne9901": 0.6949130419895431, "index": 29.0, "model_option.choice_names_use": "['ib', 'is', 'fb2', 'fs', 'ibfb2', 'fbis2', 'none']", "model_option.choice_set_list": "[0, 1, 102, 3, 104, 105, 6]", "predict": 1.0, "support_arg.param_combo_list_ctr_str": "_c4346", "y_opti_grid_allJ_agg": 1.950818132067591}