{"esti_obj.main_allperiods_obj": 18.215634879490597, "ktp_opti_grid_allJ_agg": 3.104365298837412, "ib_probJ_opti_grid_j_agg": 0.2712880955118331, "is_probJ_opti_grid_j_agg": 0.0279349000581373, "fb2_probJ_opti_grid_j_agg": 0.1428832355622211, "fs_probJ_opti_grid_j_agg": 0.16839226663014067, "ibfb2_probJ_opti_grid_j_agg": 0.12308815786507213, "fbis2_probJ_opti_grid_j_agg": 0.01985584234890432, "none_probJ_opti_grid_j_agg": 0.24655750202368576, "period_dictkey": "ne9901", "data_model": "model", "level_0": 6, "btp_fb_opti_grid_allJ_agg": -0.19920843596002413, "btp_fs_opti_grid_allJ_agg": 0.19073405891811124, "btp_ib_opti_grid_allJ_agg": -0.10913956652570334, "btp_il_opti_grid_allJ_agg": 0.1538641024629499, "consumption_opti_grid_allJ_agg": 1.0784124711602314, "esti_obj.main_obj": 3.8796953349742127, "esti_obj.subsets_main.agg_prob_for": 1.1356729205886222, "esti_obj.subsets_main.agg_prob_inf": 0.22226556436398257, "esti_obj.subsets_main.agg_prob_jnt": 1.6834792323398853, "esti_obj.subsets_main.agg_prob_none": 0.8382776176817222, "esti_obj.subsets_other.agg_prob": 0.43947572833132464, "esti_obj.subsets_other.agg_prob_brr": 0.14531670208453984, "esti_obj.subsets_other.agg_prob_sav": 0.20260152422309904, "esti_obj.subsets_other.mean_KYC": 0.6231703817651743, "esti_obj.subsets_other.mean_fbfs": 0.0, "esti_obj.subsets_other.mean_ibil": 0.0, "esti_param.kappa_ne0209": 0.6976428226676906, "esti_param.kappa_ne9901": 0.6542918196120332, "index": 6.0, "model_option.choice_names_use": "['ib', 'is', 'fb2', 'fs', 'ibfb2', 'fbis2', 'none']", "model_option.choice_set_list": "[0, 1, 102, 3, 104, 105, 6]", "predict": 1.0, "support_arg.param_combo_list_ctr_str": "_c3842", "y_opti_grid_allJ_agg": 1.9061531575466244}