{"esti_obj.main_allperiods_obj": 18.21074039918167, "ktp_opti_grid_allJ_agg": 3.106597671562549, "ib_probJ_opti_grid_j_agg": 0.2712367649202523, "is_probJ_opti_grid_j_agg": 0.02780295882774934, "fb2_probJ_opti_grid_j_agg": 0.142780780530876, "fs_probJ_opti_grid_j_agg": 0.16818662483964375, "ibfb2_probJ_opti_grid_j_agg": 0.12329685099368981, "fbis2_probJ_opti_grid_j_agg": 0.020035433591999788, "none_probJ_opti_grid_j_agg": 0.24666058629577253, "period_dictkey": "ne9901", "data_model": "model", "level_0": 1, "btp_fb_opti_grid_allJ_agg": -0.22851381848552577, "btp_fs_opti_grid_allJ_agg": 0.19284362219402013, "btp_ib_opti_grid_allJ_agg": -0.10453408292340893, "btp_il_opti_grid_allJ_agg": 0.15479184942830695, "consumption_opti_grid_allJ_agg": 1.0750169574244341, "esti_obj.main_obj": 3.871373724730094, "esti_obj.subsets_main.agg_prob_for": 1.1314277985640377, "esti_obj.subsets_main.agg_prob_inf": 0.22315904679706752, "esti_obj.subsets_main.agg_prob_jnt": 1.6766205713605122, "esti_obj.subsets_main.agg_prob_none": 0.8401663080084765, "esti_obj.subsets_other.agg_prob": 0.4391679521113536, "esti_obj.subsets_other.agg_prob_brr": 0.14515913339568645, "esti_obj.subsets_other.agg_prob_sav": 0.2023482324198946, "esti_obj.subsets_other.mean_KYC": 0.6236180063874337, "esti_obj.subsets_other.mean_fbfs": 0.0, "esti_obj.subsets_other.mean_ibil": 0.0, "esti_param.kappa_ne0209": 0.6890881808028922, "esti_param.kappa_ne9901": 0.6848115818388814, "index": 1.0, "model_option.choice_names_use": "['ib', 'is', 'fb2', 'fs', 'ibfb2', 'fbis2', 'none']", "model_option.choice_set_list": "[0, 1, 102, 3, 104, 105, 6]", "predict": 1.0, "support_arg.param_combo_list_ctr_str": "_c5053", "y_opti_grid_allJ_agg": 1.9061507217355151}