{"esti_obj.main_allperiods_obj": 18.211591608349345, "ktp_opti_grid_allJ_agg": 3.105759875255174, "ib_probJ_opti_grid_j_agg": 0.2712386784026007, "is_probJ_opti_grid_j_agg": 0.027848655234755756, "fb2_probJ_opti_grid_j_agg": 0.14284553266490593, "fs_probJ_opti_grid_j_agg": 0.16825161780802356, "ibfb2_probJ_opti_grid_j_agg": 0.12322329407821164, "fbis2_probJ_opti_grid_j_agg": 0.019975336703543393, "none_probJ_opti_grid_j_agg": 0.2466168851079465, "period_dictkey": "ne9901", "data_model": "model", "level_0": 2, "btp_fb_opti_grid_allJ_agg": -0.21813056089401828, "btp_fs_opti_grid_allJ_agg": 0.19201679449355435, "btp_ib_opti_grid_allJ_agg": -0.10618360385917214, "btp_il_opti_grid_allJ_agg": 0.1544925049544257, "consumption_opti_grid_allJ_agg": 1.0762048105091295, "esti_obj.main_obj": 3.8738771419774216, "esti_obj.subsets_main.agg_prob_for": 1.1327283755001045, "esti_obj.subsets_main.agg_prob_inf": 0.22278173258075806, "esti_obj.subsets_main.agg_prob_jnt": 1.679001670208292, "esti_obj.subsets_main.agg_prob_none": 0.8393653636882669, "esti_obj.subsets_other.agg_prob": 0.43921436263715397, "esti_obj.subsets_other.agg_prob_brr": 0.1451698516594831, "esti_obj.subsets_other.agg_prob_sav": 0.2024276258697244, "esti_obj.subsets_other.mean_KYC": 0.6234500531829262, "esti_obj.subsets_other.mean_fbfs": 0.0, "esti_obj.subsets_other.mean_ibil": 0.0, "esti_param.kappa_ne0209": 0.6926592177765737, "esti_param.kappa_ne9901": 0.6748142512634303, "index": 2.0, "model_option.choice_names_use": "['ib', 'is', 'fb2', 'fs', 'ibfb2', 'fbis2', 'none']", "model_option.choice_set_list": "[0, 1, 102, 3, 104, 105, 6]", "predict": 1.0, "support_arg.param_combo_list_ctr_str": "_c5733", "y_opti_grid_allJ_agg": 1.9061485426412088}