{"esti_obj.main_allperiods_obj": 18.226709888107962, "ktp_opti_grid_allJ_agg": 3.1042508503073356, "ib_probJ_opti_grid_j_agg": 0.27129606968041003, "is_probJ_opti_grid_j_agg": 0.02794287019028128, "fb2_probJ_opti_grid_j_agg": 0.14288033469049577, "fs_probJ_opti_grid_j_agg": 0.16840665550454148, "ibfb2_probJ_opti_grid_j_agg": 0.12307591175689353, "fbis2_probJ_opti_grid_j_agg": 0.01984434292267746, "none_probJ_opti_grid_j_agg": 0.24655381525469539, "period_dictkey": "ne9901", "data_model": "model", "level_0": 13, "btp_fb_opti_grid_allJ_agg": -0.19751121375256364, "btp_fs_opti_grid_allJ_agg": 0.19063656060193326, "btp_ib_opti_grid_allJ_agg": -0.10940104236081355, "btp_il_opti_grid_allJ_agg": 0.15380123723928077, "consumption_opti_grid_allJ_agg": 1.078613835984879, "esti_obj.main_obj": 3.8803178259962343, "esti_obj.subsets_main.agg_prob_for": 1.135982663916252, "esti_obj.subsets_main.agg_prob_inf": 0.22223247516644115, "esti_obj.subsets_main.agg_prob_jnt": 1.6838925781444516, "esti_obj.subsets_main.agg_prob_none": 0.8382101087690894, "esti_obj.subsets_other.agg_prob": 0.43951308087929886, "esti_obj.subsets_other.agg_prob_brr": 0.14533982323302072, "esti_obj.subsets_other.agg_prob_sav": 0.20261944239158275, "esti_obj.subsets_other.mean_KYC": 0.6231474244324804, "esti_obj.subsets_other.mean_fbfs": 0.0, "esti_obj.subsets_other.mean_ibil": 0.0, "esti_param.kappa_ne0209": 0.6780743098445693, "esti_param.kappa_ne9901": 0.6522698068862701, "index": 13.0, "model_option.choice_names_use": "['ib', 'is', 'fb2', 'fs', 'ibfb2', 'fbis2', 'none']", "model_option.choice_set_list": "[0, 1, 102, 3, 104, 105, 6]", "predict": 1.0, "support_arg.param_combo_list_ctr_str": "_c3988", "y_opti_grid_allJ_agg": 1.9061543523883937}