{"esti_obj.main_allperiods_obj": 18.228892549897193, "ktp_opti_grid_allJ_agg": 3.1029023933291864, "ib_probJ_opti_grid_j_agg": 0.2715064580162307, "is_probJ_opti_grid_j_agg": 0.028064778378654887, "fb2_probJ_opti_grid_j_agg": 0.14266525301628338, "fs_probJ_opti_grid_j_agg": 0.1686655479036404, "ibfb2_probJ_opti_grid_j_agg": 0.12289324094543522, "fbis2_probJ_opti_grid_j_agg": 0.019656348753299864, "none_probJ_opti_grid_j_agg": 0.24654837298645887, "period_dictkey": "ne9901", "data_model": "model", "level_0": 14, "btp_fb_opti_grid_allJ_agg": -0.17294860857020566, "btp_fs_opti_grid_allJ_agg": 0.189710625627756, "btp_ib_opti_grid_allJ_agg": -0.11309727416949639, "btp_il_opti_grid_allJ_agg": 0.15271155443778883, "consumption_opti_grid_allJ_agg": 1.0816196766212864, "esti_obj.main_obj": 3.892230223943053, "esti_obj.subsets_main.agg_prob_for": 1.1417668128931517, "esti_obj.subsets_main.agg_prob_inf": 0.22210905488352245, "esti_obj.subsets_main.agg_prob_jnt": 1.6902438965195992, "esti_obj.subsets_main.agg_prob_none": 0.8381104596467794, "esti_obj.subsets_other.agg_prob": 0.4404407578126567, "esti_obj.subsets_other.agg_prob_brr": 0.14594796405451207, "esti_obj.subsets_other.agg_prob_sav": 0.20294442077168565, "esti_obj.subsets_other.mean_KYC": 0.622876872529633, "esti_obj.subsets_other.mean_fbfs": 0.0, "esti_obj.subsets_other.mean_ibil": 0.0, "esti_param.kappa_ne0209": 0.6953959496439588, "esti_param.kappa_ne9901": 0.6179620643457502, "index": 14.0, "model_option.choice_names_use": "['ib', 'is', 'fb2', 'fs', 'ibfb2', 'fbis2', 'none']", "model_option.choice_set_list": "[0, 1, 102, 3, 104, 105, 6]", "predict": 1.0, "support_arg.param_combo_list_ctr_str": "_c6199", "y_opti_grid_allJ_agg": 1.906198622576968}