{"esti_obj.main_allperiods_obj": 18.214910319006357, "ktp_opti_grid_allJ_agg": 3.1055053252133673, "ib_probJ_opti_grid_j_agg": 0.27124262367606833, "is_probJ_opti_grid_j_agg": 0.027863264907705847, "fb2_probJ_opti_grid_j_agg": 0.14286013530390249, "fs_probJ_opti_grid_j_agg": 0.16827367838758475, "ibfb2_probJ_opti_grid_j_agg": 0.12320006224621281, "fbis2_probJ_opti_grid_j_agg": 0.019955683785989806, "none_probJ_opti_grid_j_agg": 0.2466045516925246, "period_dictkey": "ne9901", "data_model": "model", "level_0": 4, "btp_fb_opti_grid_allJ_agg": -0.214859375513617, "btp_fs_opti_grid_allJ_agg": 0.19177246837331652, "btp_ib_opti_grid_allJ_agg": -0.1066995287878823, "btp_il_opti_grid_allJ_agg": 0.15439222224088284, "consumption_opti_grid_allJ_agg": 1.0765821441107526, "esti_obj.main_obj": 3.8747553502019887, "esti_obj.subsets_main.agg_prob_for": 1.1331792656514184, "esti_obj.subsets_main.agg_prob_inf": 0.22267535048812326, "esti_obj.subsets_main.agg_prob_jnt": 1.6797613449836062, "esti_obj.subsets_main.agg_prob_none": 0.839139389078841, "esti_obj.subsets_other.agg_prob": 0.4392417075123667, "esti_obj.subsets_other.agg_prob_brr": 0.145182426125953, "esti_obj.subsets_other.agg_prob_sav": 0.2024547296938891, "esti_obj.subsets_other.mean_KYC": 0.6233990145190653, "esti_obj.subsets_other.mean_fbfs": 0.0, "esti_obj.subsets_other.mean_ibil": 0.0, "esti_param.kappa_ne0209": 0.6875857704340067, "esti_param.kappa_ne9901": 0.671498863087189, "index": 4.0, "model_option.choice_names_use": "['ib', 'is', 'fb2', 'fs', 'ibfb2', 'fbis2', 'none']", "model_option.choice_set_list": "[0, 1, 102, 3, 104, 105, 6]", "predict": 1.0, "support_arg.param_combo_list_ctr_str": "_c4150", "y_opti_grid_allJ_agg": 1.906148420116763}