{"esti_obj.main_allperiods_obj": 10.085217450305148, "ktp_opti_grid_allJ_agg": 4.033682636850648, "ktp_opti_grid_allJ_agg_var": 26.331997844315104, "ib_probJ_opti_grid_j_agg": 0.19289554053607305, "is_probJ_opti_grid_j_agg": 0.07703644104248769, "fb2_probJ_opti_grid_j_agg": 0.10031164438988488, "fs_probJ_opti_grid_j_agg": 0.24266667931780525, "ibfb2_probJ_opti_grid_j_agg": 0.08881398583619897, "fbis2_probJ_opti_grid_j_agg": 0.05620099754311854, "none_probJ_opti_grid_j_agg": 0.24207471133445124, "period_dictkey": "ce0209", "data_model": "model", "level_0": 4, "P_jp_j.0.0": 0.18944824994759973, "P_jp_j.0.1": 0.07650492723133184, "P_jp_j.0.102": 0.0997629185338377, "P_jp_j.0.104": 0.08841421402094587, "P_jp_j.0.105": 0.0559662158401662, "P_jp_j.0.3": 0.2452362651022473, "P_jp_j.0.6": 0.2446672093238713, "P_jp_j.1.0": 0.17988722712522742, "P_jp_j.1.1": 0.09430967241965983, "P_jp_j.1.102": 0.11575446601835238, "P_jp_j.1.104": 0.104957946745258, "P_jp_j.1.105": 0.07106120141459593, "P_jp_j.1.3": 0.2173979751360407, "P_jp_j.1.6": 0.21663151114086565, "P_jp_j.102.0": 0.1840584034893255, "P_jp_j.102.1": 0.08765445907636651, "P_jp_j.102.102": 0.11033549957978367, "P_jp_j.102.104": 0.09930808997521894, "P_jp_j.102.105": 0.06456123588326615, "P_jp_j.102.3": 0.2273933395097397, "P_jp_j.102.6": 0.2266889724862997, "P_jp_j.104.0": 0.1798187665987163, "P_jp_j.104.1": 0.09076517801270334, "P_jp_j.104.102": 0.11297140873981347, "P_jp_j.104.104": 0.10214338364102588, "P_jp_j.104.105": 0.06756572419471679, "P_jp_j.104.3": 0.22373260040769127, "P_jp_j.104.6": 0.22300293840533286, "P_jp_j.105.0": 0.1712687937134178, "P_jp_j.105.1": 0.0992858486479734, "P_jp_j.105.102": 0.11727227861275437, "P_jp_j.105.104": 0.1081560130935892, "P_jp_j.105.105": 0.07721186734862097, "P_jp_j.105.3": 0.21381600402032594, "P_jp_j.105.6": 0.2129891945633184, "P_jp_j.3.0": 0.20290716432729436, "P_jp_j.3.1": 0.06739346504951348, "P_jp_j.3.102": 0.09178132733681413, "P_jp_j.3.104": 0.07965801036365189, "P_jp_j.3.105": 0.047994558547973534, "P_jp_j.3.3": 0.2553832493115015, "P_jp_j.3.6": 0.2548822250632511, "P_jp_j.6.0": 0.20322667568835331, "P_jp_j.6.1": 0.06702727382086071, "P_jp_j.6.102": 0.09164957632781492, "P_jp_j.6.104": 0.07944387058200605, "P_jp_j.6.105": 0.047373692395266925, "P_jp_j.6.3": 0.25588657804193404, "P_jp_j.6.6": 0.25539233314376397, "btp_fb_opti_grid_allJ_agg": -0.21483514007705315, "btp_fb_opti_grid_allJ_agg_var": 0.3943585657750516, "btp_fs_opti_grid_allJ_agg": 0.40857261391391575, "btp_fs_opti_grid_allJ_agg_var": 5.374050489779721, "btp_ib_opti_grid_allJ_agg": -0.131666222239005, "btp_ib_opti_grid_allJ_agg_var": 0.1883120116601157, "btp_il_opti_grid_allJ_agg": 0.8896236066309045, "btp_il_opti_grid_allJ_agg_var": 12.965852468892276, "btp_opti_grid_allJ_agg": 0.9516948582287621, "btp_opti_grid_allJ_agg_var": 16.995773539127104, "cash_grid_centered_allJ_agg": 11.282531393189686, "cash_grid_centered_allJ_agg_var": 186.38010062912852, "combo_desc": "Angeletos quickBNF_BORR_P-2.280;BNF_BORR_P_ce0209-2.280;BNF_BORR_P_ce9901-0.068;BNF_SAVE_P-0.000;BNF_SAVE_P_ce0209-0.000;BNF_SAVE_P_ce9901-0.000;BNI_BORR_P-0.558;BNI_BORR_P_ce0209-0.558;BNI_BORR_P_ce9901-2.814;BNI_LEND_P-3.500;BNI_LEND_P_ce0209-3.500;BNI_LEND_P_ce9901-2.815;R_FORMAL_BORR-1.054;R_FORMAL_SAVE-1.010;R_INFORM_BORR-1.094;R_INFORM_SAVE-1.094;alpha_k-0.336;kappa-0.690;kappa_ce0209-0.690;kappa_ce9901-0.100;logit_sd_scale-1.999;rho-0.253BNF_BORR_P-2.280;BNF_BORR_P_ce0209-2.280;BNF_BORR_P_ce9901-0.068;BNF_SAVE_P-0.000;BNF_SAVE_P_ce0209-0.000;BNF_SAVE_P_ce9901-0.000;BNI_BORR_P-0.558;BNI_BORR_P_ce0209-0.558;BNI_BORR_P_ce9901-2.814;BNI_LEND_P-3.500;BNI_LEND_P_ce0209-3.500;BNI_LEND_P_ce9901-2.815;R_FORMAL_BORR-1.054;R_FORMAL_SAVE-1.010;R_INFORM_BORR-1.094;R_INFORM_SAVE-1.094;alpha_k-0.336;kappa-0.690;kappa_ce0209-0.690;kappa_ce9901-0.100;logit_sd_scale-1.999;rho-0.253BNF_BORR_P-2.280;BNF_BORR_P_ce0209-2.280;BNF_BORR_P_ce9901-0.068;BNF_SAVE_P-0.000;BNF_SAVE_P_ce0209-0.000;BNF_SAVE_P_ce9901-0.000;BNI_BORR_P-0.558;BNI_BORR_P_ce0209-0.558;BNI_BORR_P_ce9901-2.814;BNI_LEND_P-3.500;BNI_LEND_P_ce0209-3.500;BNI_LEND_P_ce9901-2.815;R_FORMAL_BORR-1.054;R_FORMAL_SAVE-1.010;R_INFORM_BORR-1.094;R_INFORM_SAVE-1.094;alpha_k-0.336;kappa-0.690;kappa_ce0209-0.690;kappa_ce9901-0.100;logit_sd_scale-1.999;rho-0.253", "consumption_opti_grid_allJ_agg": 5.278694039825152, "consumption_opti_grid_allJ_agg_var": 44.674683042002, "data_param.A": 0.35, "data_param.Region": 0.0, "data_param.Region_set": "[0, 1]", "data_param.Year": 0.0, "data_param.Year_set": "[0, 1]", "data_param.len_A": 1.0, "data_param.mean_A": -0.03125, "data_param.std_A": 0.0, "esti_obj.main_obj": 6.914605785555848, "esti_obj.subsets_main.agg_prob_for": 2.97450320718858, "esti_obj.subsets_main.agg_prob_inf": 1.8920277342566496, "esti_obj.subsets_main.agg_prob_jnt": 0.32674004425242537, "esti_obj.subsets_main.agg_prob_none": 1.0831545539349352, "esti_obj.subsets_main.equi_BI": 0.5744993965542096, "esti_obj.subsets_main.mean_K": 0.06368084936904772, "esti_obj.subsets_other.agg_prob": 0.5874153809122413, "esti_obj.subsets_other.agg_prob_brr": 0.3277699103099892, "esti_obj.subsets_other.agg_prob_sav": 0.15557075926780098, "esti_obj.subsets_other.mean_KYC": 0.25117257396526826, "esti_param.BNF_BORR_P": 2.2796197595785275, "esti_param.BNF_BORR_P_ce0209": 2.2796197595785275, "esti_param.BNF_BORR_P_ce9901": 0.06769650407802982, "esti_param.BNF_BORR_P_ne0209": 0.5, "esti_param.BNF_BORR_P_ne9901": 0.5, "esti_param.BNF_SAVE_P": 0.0, "esti_param.BNF_SAVE_P_ce0209": 0.0, "esti_param.BNF_SAVE_P_ce9901": 0.0, "esti_param.BNF_SAVE_P_ne0209": 0.3, "esti_param.BNF_SAVE_P_ne9901": 0.3, "esti_param.BNI_BORR_P": 0.5578227287222166, "esti_param.BNI_BORR_P_ce0209": 0.5578227287222166, "esti_param.BNI_BORR_P_ce9901": 2.8137185457392246, "esti_param.BNI_BORR_P_ne0209": 0.1, "esti_param.BNI_BORR_P_ne9901": 0.1, "esti_param.BNI_LEND_P": 3.5, "esti_param.BNI_LEND_P_ce0209": 3.5, "esti_param.BNI_LEND_P_ce9901": 2.8146764377471842, "esti_param.BNI_LEND_P_ne0209": 2.0, "esti_param.BNI_LEND_P_ne9901": 2.0, "esti_param.K_DEPRECIATION": 0.15, "esti_param.R_AVG_INT": 1.1, "esti_param.R_FORMAL_BORR": 1.054, "esti_param.R_FORMAL_BORR_ce0209": 1.054, "esti_param.R_FORMAL_BORR_ce9901": 1.061, "esti_param.R_FORMAL_BORR_ne0209": 1.061, "esti_param.R_FORMAL_BORR_ne9901": 1.148, "esti_param.R_FORMAL_SAVE": 1.01, "esti_param.R_FORMAL_SAVE_ce0209": 1.01, "esti_param.R_FORMAL_SAVE_ce9901": 1.011, "esti_param.R_FORMAL_SAVE_ne0209": 1.011, "esti_param.R_FORMAL_SAVE_ne9901": 1.033, "esti_param.R_INFORM": 1.1, "esti_param.R_INFORM_BORR": 1.094, "esti_param.R_INFORM_BORR_ce0209": 1.094, "esti_param.R_INFORM_BORR_ce9901": 1.139, "esti_param.R_INFORM_BORR_ne0209": 1.139, "esti_param.R_INFORM_BORR_ne9901": 1.2790000000000001, "esti_param.R_INFORM_SAVE": 1.094, "esti_param.R_INFORM_SAVE_ce0209": 1.094, "esti_param.R_INFORM_SAVE_ce9901": 1.139, "esti_param.R_INFORM_SAVE_ne0209": 1.139, "esti_param.R_INFORM_SAVE_ne9901": 1.2790000000000001, "esti_param.alpha_k": 0.3358934687238918, "esti_param.beta": 0.96, "esti_param.c_min_bound": 0.001, "esti_param.kappa": 0.6896312419287799, "esti_param.kappa_ce0209": 0.6896312419287799, "esti_param.kappa_ce9901": 0.1, "esti_param.kappa_ne0209": 0.25, "esti_param.kappa_ne9901": 0.25, "esti_param.logit_sd_scale": 1.9986651149330437, "esti_param.rho": 0.25329982476676005, "fb2_btp_fb_opti_grid_j_agg": -0.05405970524391812, "fb2_btp_fb_opti_grid_j_agg_ifj": -0.3997809709817238, "fb2_btp_fs_opti_grid_j_agg": 0.0, "fb2_btp_fs_opti_grid_j_agg_ifj": 0.0, "fb2_btp_ib_opti_grid_j_agg": 0.0, "fb2_btp_ib_opti_grid_j_agg_ifj": 0.0, "fb2_btp_il_opti_grid_j_agg": 0.0, "fb2_btp_il_opti_grid_j_agg_ifj": 0.0, "fb2_btp_opti_grid_j_agg": -0.05405970524391812, "fb2_btp_opti_grid_j_agg_ifj": -0.3997809709817238, "fb2_consumption_opti_grid_j_agg": 0.6844399148574649, "fb2_consumption_opti_grid_j_agg_ifj": 4.899278323417706, "fb2_ktp_opti_grid_j_agg": 0.6832326062802274, "fb2_ktp_opti_grid_j_agg_ifj": 4.897630457631147,