{"esti_obj.main_allperiods_obj": 10.092323262026024, "ktp_opti_grid_allJ_agg": 3.7758707862988867, "ktp_opti_grid_allJ_agg_var": 24.80337986010541, "ib_probJ_opti_grid_j_agg": 0.08410597018279968, "is_probJ_opti_grid_j_agg": 0.0836250117918972, "fb2_probJ_opti_grid_j_agg": 0.2103590759467085, "fs_probJ_opti_grid_j_agg": 0.2283344248204692, "ibfb2_probJ_opti_grid_j_agg": 0.08299992290955589, "fbis2_probJ_opti_grid_j_agg": 0.08277992053659458, "none_probJ_opti_grid_j_agg": 0.22779567381200044, "period_dictkey": "ce9901", "data_model": "model", "level_0": 3, "P_jp_j.0.0": 0.09815695854153024, "P_jp_j.0.1": 0.09840823698112844, "P_jp_j.0.102": 0.1883384119980646, "P_jp_j.0.104": 0.0970603311351146, "P_jp_j.0.105": 0.09754553763248178, "P_jp_j.0.3": 0.2105734490868385, "P_jp_j.0.6": 0.20991707462484174, "P_jp_j.1.0": 0.1003165283973097, "P_jp_j.1.1": 0.10103541918067473, "P_jp_j.1.102": 0.1894633786717924, "P_jp_j.1.104": 0.0992590381908294, "P_jp_j.1.105": 0.1001924728444344, "P_jp_j.1.3": 0.20521105285557198, "P_jp_j.1.6": 0.2045221098593876, "P_jp_j.102.0": 0.07770183956307603, "P_jp_j.102.1": 0.07678948920479836, "P_jp_j.102.102": 0.22057947641114492, "P_jp_j.102.104": 0.07656916176079585, "P_jp_j.102.105": 0.07593520910884621, "P_jp_j.102.3": 0.2364556650985156, "P_jp_j.102.6": 0.23596915885282316, "P_jp_j.104.0": 0.098362440178984, "P_jp_j.104.1": 0.09864906257112926, "P_jp_j.104.102": 0.188010451550758, "P_jp_j.104.104": 0.09727185219986838, "P_jp_j.104.105": 0.09779043958713, "P_jp_j.104.3": 0.21028763155093366, "P_jp_j.104.6": 0.20962812236119688, "P_jp_j.105.0": 0.10041537457406936, "P_jp_j.105.1": 0.10119797101625376, "P_jp_j.105.102": 0.18908010700056688, "P_jp_j.105.104": 0.09936566558552147, "P_jp_j.105.105": 0.1003635544898955, "P_jp_j.105.3": 0.20513625732747529, "P_jp_j.105.6": 0.20444107000621786, "P_jp_j.3.0": 0.0760783948736049, "P_jp_j.3.1": 0.0750971825874519, "P_jp_j.3.102": 0.2212807705439553, "P_jp_j.3.104": 0.07496445989889186, "P_jp_j.3.105": 0.07426317762463933, "P_jp_j.3.3": 0.2393906528013114, "P_jp_j.3.6": 0.2389253616701452, "P_jp_j.6.0": 0.07580634614708998, "P_jp_j.6.1": 0.07477552391673975, "P_jp_j.6.102": 0.22165044422629976, "P_jp_j.6.104": 0.07468538794970357, "P_jp_j.6.105": 0.07393457071160266, "P_jp_j.6.3": 0.23980447234004265, "P_jp_j.6.6": 0.2393432547085217, "btp_fb_opti_grid_allJ_agg": -0.041074771867815336, "btp_fb_opti_grid_allJ_agg_var": 0.0071424700547504045, "btp_fs_opti_grid_allJ_agg": 0.3814628295341216, "btp_fs_opti_grid_allJ_agg_var": 4.797607106076298, "btp_ib_opti_grid_allJ_agg": -0.04164577304012672, "btp_ib_opti_grid_allJ_agg_var": 0.046472479766018315, "btp_il_opti_grid_allJ_agg": 1.06800836481331, "btp_il_opti_grid_allJ_agg_var": 15.423340981099242, "btp_opti_grid_allJ_agg": 1.3667506494394894, "btp_opti_grid_allJ_agg_var": 19.451399881460183, "cash_grid_centered_allJ_agg": 11.422082418669028, "cash_grid_centered_allJ_agg_var": 182.88153756500657, "combo_desc": "Angeletos quickBNF_BORR_P-0.068;BNF_BORR_P_ce0209-2.280;BNF_BORR_P_ce9901-0.068;BNF_SAVE_P-0.000;BNF_SAVE_P_ce0209-0.000;BNF_SAVE_P_ce9901-0.000;BNI_BORR_P-2.814;BNI_BORR_P_ce0209-0.553;BNI_BORR_P_ce9901-2.814;BNI_LEND_P-2.815;BNI_LEND_P_ce0209-3.505;BNI_LEND_P_ce9901-2.815;R_FORMAL_BORR-1.061;R_FORMAL_SAVE-1.011;R_INFORM_BORR-1.139;R_INFORM_SAVE-1.139;alpha_k-0.336;kappa-0.100;kappa_ce0209-0.690;kappa_ce9901-0.100;logit_sd_scale-1.999;rho-0.253BNF_BORR_P-0.068;BNF_BORR_P_ce0209-2.280;BNF_BORR_P_ce9901-0.068;BNF_SAVE_P-0.000;BNF_SAVE_P_ce0209-0.000;BNF_SAVE_P_ce9901-0.000;BNI_BORR_P-2.814;BNI_BORR_P_ce0209-0.553;BNI_BORR_P_ce9901-2.814;BNI_LEND_P-2.815;BNI_LEND_P_ce0209-3.505;BNI_LEND_P_ce9901-2.815;R_FORMAL_BORR-1.061;R_FORMAL_SAVE-1.011;R_INFORM_BORR-1.139;R_INFORM_SAVE-1.139;alpha_k-0.336;kappa-0.100;kappa_ce0209-0.690;kappa_ce9901-0.100;logit_sd_scale-1.999;rho-0.253BNF_BORR_P-0.068;BNF_BORR_P_ce0209-2.280;BNF_BORR_P_ce9901-0.068;BNF_SAVE_P-0.000;BNF_SAVE_P_ce0209-0.000;BNF_SAVE_P_ce9901-0.000;BNI_BORR_P-2.814;BNI_BORR_P_ce0209-0.553;BNI_BORR_P_ce9901-2.814;BNI_LEND_P-2.815;BNI_LEND_P_ce0209-3.505;BNI_LEND_P_ce9901-2.815;R_FORMAL_BORR-1.061;R_FORMAL_SAVE-1.011;R_INFORM_BORR-1.139;R_INFORM_SAVE-1.139;alpha_k-0.336;kappa-0.100;kappa_ce0209-0.690;kappa_ce9901-0.100;logit_sd_scale-1.999;rho-0.253", "consumption_opti_grid_allJ_agg": 5.498698021700811, "consumption_opti_grid_allJ_agg_var": 47.00877211439617, "data_param.A": 0.35, "data_param.Region": 0.0, "data_param.Region_set": "[0, 1]", "data_param.Year": 0.0, "data_param.Year_set": "[0, 1]", "data_param.len_A": 1.0, "data_param.mean_A": -0.03125, "data_param.std_A": 0.0, "esti_obj.main_obj": 3.1706116647492992, "esti_obj.subsets_main.agg_prob_for": 0.5157492841881403, "esti_obj.subsets_main.agg_prob_inf": 0.29379575964359617, "esti_obj.subsets_main.agg_prob_jnt": 0.541599285783733, "esti_obj.subsets_main.agg_prob_none": 0.4789238763135039, "esti_obj.subsets_main.equi_BI": 1.0534201697913657, "esti_obj.subsets_main.mean_K": 0.2871232890289601, "esti_obj.subsets_other.agg_prob": 0.30580971047606986, "esti_obj.subsets_other.agg_prob_brr": 0.045534876780047716, "esti_obj.subsets_other.agg_prob_sav": 0.19107050750802265, "esti_obj.subsets_other.mean_KYC": 0.3660050767403668, "esti_param.BNF_BORR_P": 0.06769650407802982, "esti_param.BNF_BORR_P_ce0209": 2.2796197595785275, "esti_param.BNF_BORR_P_ce9901": 0.06769650407802982, "esti_param.BNF_BORR_P_ne0209": 0.5, "esti_param.BNF_BORR_P_ne9901": 0.5, "esti_param.BNF_SAVE_P": 0.0, "esti_param.BNF_SAVE_P_ce0209": 0.0, "esti_param.BNF_SAVE_P_ce9901": 0.0, "esti_param.BNF_SAVE_P_ne0209": 0.3, "esti_param.BNF_SAVE_P_ne9901": 0.3, "esti_param.BNI_BORR_P": 2.8137185457392246, "esti_param.BNI_BORR_P_ce0209": 0.5528227287222166, "esti_param.BNI_BORR_P_ce9901": 2.8137185457392246, "esti_param.BNI_BORR_P_ne0209": 0.1, "esti_param.BNI_BORR_P_ne9901": 0.1, "esti_param.BNI_LEND_P": 2.8146764377471842, "esti_param.BNI_LEND_P_ce0209": 3.505, "esti_param.BNI_LEND_P_ce9901": 2.8146764377471842, "esti_param.BNI_LEND_P_ne0209": 2.0, "esti_param.BNI_LEND_P_ne9901": 2.0, "esti_param.K_DEPRECIATION": 0.15, "esti_param.R_AVG_INT": 1.1, "esti_param.R_FORMAL_BORR": 1.061, "esti_param.R_FORMAL_BORR_ce0209": 1.054, "esti_param.R_FORMAL_BORR_ce9901": 1.061, "esti_param.R_FORMAL_BORR_ne0209": 1.061, "esti_param.R_FORMAL_BORR_ne9901": 1.148, "esti_param.R_FORMAL_SAVE": 1.011, "esti_param.R_FORMAL_SAVE_ce0209": 1.01, "esti_param.R_FORMAL_SAVE_ce9901": 1.011, "esti_param.R_FORMAL_SAVE_ne0209": 1.011, "esti_param.R_FORMAL_SAVE_ne9901": 1.033, "esti_param.R_INFORM": 1.1, "esti_param.R_INFORM_BORR": 1.139, "esti_param.R_INFORM_BORR_ce0209": 1.094, "esti_param.R_INFORM_BORR_ce9901": 1.139, "esti_param.R_INFORM_BORR_ne0209": 1.139, "esti_param.R_INFORM_BORR_ne9901": 1.2790000000000001, "esti_param.R_INFORM_SAVE": 1.139, "esti_param.R_INFORM_SAVE_ce0209": 1.094, "esti_param.R_INFORM_SAVE_ce9901": 1.139, "esti_param.R_INFORM_SAVE_ne0209": 1.139, "esti_param.R_INFORM_SAVE_ne9901": 1.2790000000000001, "esti_param.alpha_k": 0.3358934687238918, "esti_param.beta": 0.96, "esti_param.c_min_bound": 0.001, "esti_param.kappa": 0.1, "esti_param.kappa_ce0209": 0.6896312419287799, "esti_param.kappa_ce9901": 0.1, "esti_param.kappa_ne0209": 0.25, "esti_param.kappa_ne9901": 0.25, "esti_param.logit_sd_scale": 1.9986651149330437, "esti_param.rho": 0.25329982476676005, "fb2_btp_fb_opti_grid_j_agg": -0.0177941538135312, "fb2_btp_fb_opti_grid_j_agg_ifj": -0.07763802860996323, "fb2_btp_fs_opti_grid_j_agg": 0.0, "fb2_btp_fs_opti_grid_j_agg_ifj": 0.0, "fb2_btp_ib_opti_grid_j_agg": 0.0, "fb2_btp_ib_opti_grid_j_agg_ifj": 0.0, "fb2_btp_il_opti_grid_j_agg": 0.0, "fb2_btp_il_opti_grid_j_agg_ifj": 0.0, "fb2_btp_opti_grid_j_agg": -0.0177941538135312, "fb2_btp_opti_grid_j_agg_ifj": -0.07763802860996323, "fb2_consumption_opti_grid_j_agg": 0.9771005897605096, "fb2_consumption_opti_grid_j_agg_ifj": 5.97413038328351, "fb2_ktp_opti_grid_j_agg": 0.8884633604897118, "fb2_ktp_opti_grid_j_agg_ifj": 5.4570335385942625,