{"esti_obj.main_allperiods_obj": 17.072106459953545, "ktp_opti_grid_allJ_agg": 0.5297840512811209, "ktp_opti_grid_allJ_agg_var": 0.01982697050375921, "ib_probJ_opti_grid_j_agg": 0.14454057528181646, "is_probJ_opti_grid_j_agg": 0.1396378475283821, "fb2_probJ_opti_grid_j_agg": 0.1451981024565417, "fs_probJ_opti_grid_j_agg": 0.13990760725787552, "ibfb2_probJ_opti_grid_j_agg": 0.14564619921948635, "fbis2_probJ_opti_grid_j_agg": 0.14506177035122597, "none_probJ_opti_grid_j_agg": 0.14000789790474666, "period_dictkey": "ne0209", "data_model": "model", "level_0": 5, "P_jp_j.0.0": 0.14580496956492192, "P_jp_j.0.1": 0.13796082259315834, "P_jp_j.0.102": 0.14633168072398825, "P_jp_j.0.104": 0.14708166052995347, "P_jp_j.0.105": 0.1460260632260621, "P_jp_j.0.3": 0.13834095100557595, "P_jp_j.0.6": 0.13845385235633995, "P_jp_j.1.0": 0.14335740500623986, "P_jp_j.1.1": 0.14122744785288122, "P_jp_j.1.102": 0.14411168463283924, "P_jp_j.1.104": 0.14428434165287096, "P_jp_j.1.105": 0.14416766801344627, "P_jp_j.1.3": 0.14138132758207367, "P_jp_j.1.6": 0.14147012525964886, "P_jp_j.102.0": 0.1451466427004859, "P_jp_j.102.1": 0.13881065737503767, "P_jp_j.102.102": 0.1457728214612875, "P_jp_j.102.104": 0.1463553371510503, "P_jp_j.102.105": 0.14551599067515794, "P_jp_j.102.3": 0.13914636218708276, "P_jp_j.102.6": 0.13925218844989787, "P_jp_j.104.0": 0.14558287067965509, "P_jp_j.104.1": 0.1382536062358342, "P_jp_j.104.102": 0.1461369092643791, "P_jp_j.104.104": 0.14683103376080592, "P_jp_j.104.105": 0.145857914203191, "P_jp_j.104.3": 0.13861355966950198, "P_jp_j.104.6": 0.1387241061866326, "P_jp_j.105.0": 0.14501686076256975, "P_jp_j.105.1": 0.13900755394445422, "P_jp_j.105.102": 0.14563015229436396, "P_jp_j.105.104": 0.14618434990105855, "P_jp_j.105.105": 0.1454306515411345, "P_jp_j.105.3": 0.1393130307537718, "P_jp_j.105.6": 0.13941740080264733, "P_jp_j.3.0": 0.14337623340871672, "P_jp_j.3.1": 0.14118379698979572, "P_jp_j.3.102": 0.14414646176823218, "P_jp_j.3.104": 0.14432374347339408, "P_jp_j.3.105": 0.1441699682584679, "P_jp_j.3.3": 0.14135529040821898, "P_jp_j.3.6": 0.14144450569317452, "P_jp_j.6.0": 0.14337251504502968, "P_jp_j.6.1": 0.1411898108185483, "P_jp_j.6.102": 0.14414197530253905, "P_jp_j.6.104": 0.14431848022438187, "P_jp_j.6.105": 0.14416770051980748, "P_jp_j.6.3": 0.14136017637991158, "P_jp_j.6.6": 0.14144934170978204, "btp_fb_opti_grid_allJ_agg": -0.17233150917770246, "btp_fb_opti_grid_allJ_agg_var": 0.04810203034321731, "btp_fs_opti_grid_allJ_agg": 1.162308181978627e-05, "btp_fs_opti_grid_allJ_agg_var": 6.653034019798098e-07, "btp_ib_opti_grid_allJ_agg": -0.05304588398309319, "btp_ib_opti_grid_allJ_agg_var": 0.014388831742825813, "btp_il_opti_grid_allJ_agg": 0.02098751432292669, "btp_il_opti_grid_allJ_agg_var": 0.009350037919083854, "btp_opti_grid_allJ_agg": -0.20437825575604912, "btp_opti_grid_allJ_agg_var": 0.062480901231311524, "cash_grid_centered_allJ_agg": 1.5564782412304543, "cash_grid_centered_allJ_agg_var": 0.11610501314919235, "combo_desc": "Angeletos quickBNF_BORR_P-0.000;BNF_BORR_P_ne0209-0.000;BNF_BORR_P_ne9901-0.000;BNF_SAVE_P-0.002;BNF_SAVE_P_ne0209-0.002;BNF_SAVE_P_ne9901-0.000;BNI_BORR_P-0.000;BNI_BORR_P_ne0209-0.000;BNI_BORR_P_ne9901-0.631;BNI_LEND_P-0.007;BNI_LEND_P_ne0209-0.007;BNI_LEND_P_ne9901-0.027;R_FORMAL_BORR-1.061;R_FORMAL_SAVE-1.011;R_INFORM_BORR-1.139;R_INFORM_SAVE-1.139;alpha_k-0.152;kappa-0.700;kappa_ne0209-0.700;kappa_ne9901-0.700;logit_sd_scale-2.000;rho-0.159BNF_BORR_P-0.000;BNF_BORR_P_ne0209-0.000;BNF_BORR_P_ne9901-0.000;BNF_SAVE_P-0.002;BNF_SAVE_P_ne0209-0.002;BNF_SAVE_P_ne9901-0.000;BNI_BORR_P-0.000;BNI_BORR_P_ne0209-0.000;BNI_BORR_P_ne9901-0.631;BNI_LEND_P-0.007;BNI_LEND_P_ne0209-0.007;BNI_LEND_P_ne9901-0.027;R_FORMAL_BORR-1.061;R_FORMAL_SAVE-1.011;R_INFORM_BORR-1.139;R_INFORM_SAVE-1.139;alpha_k-0.152;kappa-0.700;kappa_ne0209-0.700;kappa_ne9901-0.700;logit_sd_scale-2.000;rho-0.159BNF_BORR_P-0.000;BNF_BORR_P_ne0209-0.000;BNF_BORR_P_ne9901-0.000;BNF_SAVE_P-0.002;BNF_SAVE_P_ne0209-0.002;BNF_SAVE_P_ne9901-0.000;BNI_BORR_P-0.000;BNI_BORR_P_ne0209-0.000;BNI_BORR_P_ne9901-0.631;BNI_LEND_P-0.007;BNI_LEND_P_ne0209-0.007;BNI_LEND_P_ne9901-0.027;R_FORMAL_BORR-1.061;R_FORMAL_SAVE-1.011;R_INFORM_BORR-1.139;R_INFORM_SAVE-1.139;alpha_k-0.152;kappa-0.700;kappa_ne0209-0.700;kappa_ne9901-0.700;logit_sd_scale-2.000;rho-0.159", "consumption_opti_grid_allJ_agg": 1.215050497374972, "consumption_opti_grid_allJ_agg_var": 0.07949602577850566, "data_param.A": 0.35, "data_param.Region": 0.0, "data_param.Region_set": "[0, 1]", "data_param.Year": 0.0, "data_param.Year_set": "[0, 1]", "data_param.len_A": 1.0, "data_param.mean_A": -0.03125, "data_param.std_A": 0.0, "esti_obj.main_obj": 10.172773074446066, "esti_obj.subsets_main.agg_prob_for": 2.096759806860499, "esti_obj.subsets_main.agg_prob_inf": 1.502816597243145, "esti_obj.subsets_main.agg_prob_jnt": 3.666506689705676, "esti_obj.subsets_main.agg_prob_none": 0.7057326910374339, "esti_obj.subsets_main.equi_BI": 0.0010277390652678835, "esti_obj.subsets_main.mean_K": 2.1999295505340437, "esti_obj.subsets_other.agg_prob": 0.6484961821322677, "esti_obj.subsets_other.agg_prob_brr": 0.4066962736057884, "esti_obj.subsets_other.agg_prob_sav": 0.1577920106217326, "esti_obj.subsets_other.mean_KYC": 0.6089367678008282, "esti_param.BNF_BORR_P": 0.0, "esti_param.BNF_BORR_P_ce0209": 0.5, "esti_param.BNF_BORR_P_ce9901": 0.5, "esti_param.BNF_BORR_P_ne0209": 0.0, "esti_param.BNF_BORR_P_ne9901": 0.0, "esti_param.BNF_SAVE_P": 0.0015997053581187394, "esti_param.BNF_SAVE_P_ce0209": 0.3, "esti_param.BNF_SAVE_P_ce9901": 0.3, "esti_param.BNF_SAVE_P_ne0209": 0.0015997053581187394, "esti_param.BNF_SAVE_P_ne9901": 0.0003203554847422241, "esti_param.BNI_BORR_P": 0.0, "esti_param.BNI_BORR_P_ce0209": 0.1, "esti_param.BNI_BORR_P_ce9901": 0.1, "esti_param.BNI_BORR_P_ne0209": 0.0, "esti_param.BNI_BORR_P_ne9901": 0.6311373914462606, "esti_param.BNI_LEND_P": 0.00694906831941599, "esti_param.BNI_LEND_P_ce0209": 2.0, "esti_param.BNI_LEND_P_ce9901": 2.0, "esti_param.BNI_LEND_P_ne0209": 0.00694906831941599, "esti_param.BNI_LEND_P_ne9901": 0.02667626569022459, "esti_param.K_DEPRECIATION": 0.15, "esti_param.R_AVG_INT": 1.1, "esti_param.R_FORMAL_BORR": 1.061, "esti_param.R_FORMAL_BORR_ce0209": 1.054, "esti_param.R_FORMAL_BORR_ce9901": 1.061, "esti_param.R_FORMAL_BORR_ne0209": 1.061, "esti_param.R_FORMAL_BORR_ne9901": 1.148, "esti_param.R_FORMAL_SAVE": 1.011, "esti_param.R_FORMAL_SAVE_ce0209": 1.01, "esti_param.R_FORMAL_SAVE_ce9901": 1.011, "esti_param.R_FORMAL_SAVE_ne0209": 1.011, "esti_param.R_FORMAL_SAVE_ne9901": 1.033, "esti_param.R_INFORM": 1.1, "esti_param.R_INFORM_BORR": 1.139, "esti_param.R_INFORM_BORR_ce0209": 1.094, "esti_param.R_INFORM_BORR_ce9901": 1.139, "esti_param.R_INFORM_BORR_ne0209": 1.139, "esti_param.R_INFORM_BORR_ne9901": 1.2790000000000001, "esti_param.R_INFORM_SAVE": 1.139, "esti_param.R_INFORM_SAVE_ce0209": 1.094, "esti_param.R_INFORM_SAVE_ce9901": 1.139, "esti_param.R_INFORM_SAVE_ne0209": 1.139, "esti_param.R_INFORM_SAVE_ne9901": 1.2790000000000001, "esti_param.alpha_k": 0.15201322663529046, "esti_param.beta": 0.96, "esti_param.c_min_bound": 0.001, "esti_param.kappa": 0.7, "esti_param.kappa_ce0209": 0.25, "esti_param.kappa_ce9901": 0.25, "esti_param.kappa_ne0209": 0.7, "esti_param.kappa_ne9901": 0.7, "esti_param.logit_sd_scale": 2.0, "esti_param.rho": 0.15910102042140373, "fb2_btp_fb_opti_grid_j_agg": -0.05550046884192919, "fb2_btp_fb_opti_grid_j_agg_ifj": -0.3827134521040221, "fb2_btp_fs_opti_grid_j_agg": 0.0, "fb2_btp_fs_opti_grid_j_agg_ifj": 0.0, "fb2_btp_ib_opti_grid_j_agg": 0.0, "fb2_btp_ib_opti_grid_j_agg_ifj": 0.0, "fb2_btp_il_opti_grid_j_agg": 0.0, "fb2_btp_il_opti_grid_j_agg_ifj": 0.0, "fb2_btp_opti_grid_j_agg": -0.05550046884192919, "fb2_btp_opti_grid_j_agg_ifj": -0.3827134521040221, "fb2_consumption_opti_grid_j_agg": 0.1902155509268129, "fb2_consumption_opti_grid_j_agg_ifj": 1.313704302859387, "fb2_ktp_opti_grid_j_agg": 0.08737231916735856, "fb2_ktp_opti_grid_j_agg_ifj": 0.6034841624015065,