{"esti_obj.main_allperiods_obj": 17.07783300075058, "ktp_opti_grid_allJ_agg": 0.5310372702123246, "ktp_opti_grid_allJ_agg_var": 0.0200528372272248, "ib_probJ_opti_grid_j_agg": 0.1444405994579083, "is_probJ_opti_grid_j_agg": 0.13988102561927546, "fb2_probJ_opti_grid_j_agg": 0.1451219826279488, "fs_probJ_opti_grid_j_agg": 0.1398065538334914, "ibfb2_probJ_opti_grid_j_agg": 0.14555684452053466, "fbis2_probJ_opti_grid_j_agg": 0.1452862429093513, "none_probJ_opti_grid_j_agg": 0.13990675103155745, "period_dictkey": "ne0209", "data_model": "model", "level_0": 7, "P_jp_j.0.0": 0.1456850048711988, "P_jp_j.0.1": 0.1382535544252707, "P_jp_j.0.102": 0.1462475567693649, "P_jp_j.0.104": 0.14697199267926964, "P_jp_j.0.105": 0.1462755162635696, "P_jp_j.0.3": 0.13822680514085176, "P_jp_j.0.6": 0.13833956985047466, "P_jp_j.1.0": 0.14326877297833204, "P_jp_j.1.1": 0.14143476082646056, "P_jp_j.1.102": 0.14403558471411476, "P_jp_j.1.104": 0.1442048778150759, "P_jp_j.1.105": 0.14436361701166645, "P_jp_j.1.3": 0.1413018650123625, "P_jp_j.1.6": 0.14139052164198795, "P_jp_j.102.0": 0.14505620144681985, "P_jp_j.102.1": 0.1390521752735272, "P_jp_j.102.102": 0.14571023069317046, "P_jp_j.102.104": 0.1462780569820891, "P_jp_j.102.105": 0.14576711407999238, "P_jp_j.102.3": 0.13901515451225174, "P_jp_j.102.6": 0.13912106701214916, "P_jp_j.104.0": 0.14547072612215106, "P_jp_j.104.1": 0.13853164626458378, "P_jp_j.104.102": 0.14605830093622565, "P_jp_j.104.104": 0.14672993478726865, "P_jp_j.104.105": 0.14610622101851875, "P_jp_j.104.3": 0.1384963562050045, "P_jp_j.104.6": 0.13860681466624766, "P_jp_j.105.0": 0.14489832492501234, "P_jp_j.105.1": 0.1392847152518759, "P_jp_j.105.102": 0.14553967849946592, "P_jp_j.105.104": 0.1460733704339546, "P_jp_j.105.105": 0.14565678747794614, "P_jp_j.105.3": 0.13922148603773993, "P_jp_j.105.6": 0.1393256373740053, "P_jp_j.3.0": 0.14329266515970288, "P_jp_j.3.1": 0.1413834302232206, "P_jp_j.3.102": 0.1440768910007627, "P_jp_j.3.104": 0.14425187313819676, "P_jp_j.3.105": 0.1443693001302312, "P_jp_j.3.3": 0.1412683476885651, "P_jp_j.3.6": 0.14135749265932102, "P_jp_j.6.0": 0.14328898800342554, "P_jp_j.6.1": 0.14138931830800258, "P_jp_j.6.102": 0.14407241055822542, "P_jp_j.6.104": 0.14424664315387106, "P_jp_j.6.105": 0.1443669720339278, "P_jp_j.6.3": 0.1412732864747941, "P_jp_j.6.6": 0.14136238146775376, "btp_fb_opti_grid_allJ_agg": -0.17431918360697618, "btp_fb_opti_grid_allJ_agg_var": 0.04921219662695213, "btp_fs_opti_grid_allJ_agg": 1.1683626903889516e-05, "btp_fs_opti_grid_allJ_agg_var": 6.687655792799281e-07, "btp_ib_opti_grid_allJ_agg": -0.052616857670007934, "btp_ib_opti_grid_allJ_agg_var": 0.014335435831966982, "btp_il_opti_grid_allJ_agg": 0.02140335095948194, "btp_il_opti_grid_allJ_agg_var": 0.009684461485033536, "btp_opti_grid_allJ_agg": -0.2055210066905983, "btp_opti_grid_allJ_agg_var": 0.0635901966414185, "cash_grid_centered_allJ_agg": 1.5568107594643903, "cash_grid_centered_allJ_agg_var": 0.11634027765487695, "combo_desc": "Angeletos quickBNF_BORR_P-0.000;BNF_BORR_P_ne0209-0.000;BNF_BORR_P_ne9901-0.000;BNF_SAVE_P-0.002;BNF_SAVE_P_ne0209-0.002;BNF_SAVE_P_ne9901-0.000;BNI_BORR_P-0.000;BNI_BORR_P_ne0209-0.000;BNI_BORR_P_ne9901-0.631;BNI_LEND_P-0.002;BNI_LEND_P_ne0209-0.002;BNI_LEND_P_ne9901-0.027;R_FORMAL_BORR-1.061;R_FORMAL_SAVE-1.011;R_INFORM_BORR-1.139;R_INFORM_SAVE-1.139;alpha_k-0.152;kappa-0.705;kappa_ne0209-0.705;kappa_ne9901-0.700;logit_sd_scale-2.000;rho-0.159BNF_BORR_P-0.000;BNF_BORR_P_ne0209-0.000;BNF_BORR_P_ne9901-0.000;BNF_SAVE_P-0.002;BNF_SAVE_P_ne0209-0.002;BNF_SAVE_P_ne9901-0.000;BNI_BORR_P-0.000;BNI_BORR_P_ne0209-0.000;BNI_BORR_P_ne9901-0.631;BNI_LEND_P-0.002;BNI_LEND_P_ne0209-0.002;BNI_LEND_P_ne9901-0.027;R_FORMAL_BORR-1.061;R_FORMAL_SAVE-1.011;R_INFORM_BORR-1.139;R_INFORM_SAVE-1.139;alpha_k-0.152;kappa-0.705;kappa_ne0209-0.705;kappa_ne9901-0.700;logit_sd_scale-2.000;rho-0.159BNF_BORR_P-0.000;BNF_BORR_P_ne0209-0.000;BNF_BORR_P_ne9901-0.000;BNF_SAVE_P-0.002;BNF_SAVE_P_ne0209-0.002;BNF_SAVE_P_ne9901-0.000;BNI_BORR_P-0.000;BNI_BORR_P_ne0209-0.000;BNI_BORR_P_ne9901-0.631;BNI_LEND_P-0.002;BNI_LEND_P_ne0209-0.002;BNI_LEND_P_ne9901-0.027;R_FORMAL_BORR-1.061;R_FORMAL_SAVE-1.011;R_INFORM_BORR-1.139;R_INFORM_SAVE-1.139;alpha_k-0.152;kappa-0.705;kappa_ne0209-0.705;kappa_ne9901-0.700;logit_sd_scale-2.000;rho-0.159", "consumption_opti_grid_allJ_agg": 1.216684000568225, "consumption_opti_grid_allJ_agg_var": 0.079396589502989, "data_param.A": 0.35, "data_param.Region": 0.0, "data_param.Region_set": "[0, 1]", "data_param.Year": 0.0, "data_param.Year_set": "[0, 1]", "data_param.len_A": 1.0, "data_param.mean_A": -0.03125, "data_param.std_A": 0.0, "esti_obj.main_obj": 10.178499615243103, "esti_obj.subsets_main.agg_prob_for": 2.0989677339075703, "esti_obj.subsets_main.agg_prob_inf": 1.505581325659067, "esti_obj.subsets_main.agg_prob_jnt": 3.672728453328381, "esti_obj.subsets_main.agg_prob_none": 0.7040342868671766, "esti_obj.subsets_main.equi_BI": 0.0009742830011680516, "esti_obj.subsets_main.mean_K": 2.1962135324797387, "esti_obj.subsets_other.agg_prob": 0.6490292380361177, "esti_obj.subsets_other.agg_prob_brr": 0.4067617723094249, "esti_obj.subsets_other.agg_prob_sav": 0.15836071469513535, "esti_obj.subsets_other.mean_KYC": 0.6086794578815018, "esti_param.BNF_BORR_P": 0.0, "esti_param.BNF_BORR_P_ce0209": 0.5, "esti_param.BNF_BORR_P_ce9901": 0.5, "esti_param.BNF_BORR_P_ne0209": 0.0, "esti_param.BNF_BORR_P_ne9901": 0.0, "esti_param.BNF_SAVE_P": 0.0015997053581187394, "esti_param.BNF_SAVE_P_ce0209": 0.3, "esti_param.BNF_SAVE_P_ce9901": 0.3, "esti_param.BNF_SAVE_P_ne0209": 0.0015997053581187394, "esti_param.BNF_SAVE_P_ne9901": 0.0003203554847422241, "esti_param.BNI_BORR_P": 0.0, "esti_param.BNI_BORR_P_ce0209": 0.1, "esti_param.BNI_BORR_P_ce9901": 0.1, "esti_param.BNI_BORR_P_ne0209": 0.0, "esti_param.BNI_BORR_P_ne9901": 0.6311373914462606, "esti_param.BNI_LEND_P": 0.0019490683194159906, "esti_param.BNI_LEND_P_ce0209": 2.0, "esti_param.BNI_LEND_P_ce9901": 2.0, "esti_param.BNI_LEND_P_ne0209": 0.0019490683194159906, "esti_param.BNI_LEND_P_ne9901": 0.02667626569022459, "esti_param.K_DEPRECIATION": 0.15, "esti_param.R_AVG_INT": 1.1, "esti_param.R_FORMAL_BORR": 1.061, "esti_param.R_FORMAL_BORR_ce0209": 1.054, "esti_param.R_FORMAL_BORR_ce9901": 1.061, "esti_param.R_FORMAL_BORR_ne0209": 1.061, "esti_param.R_FORMAL_BORR_ne9901": 1.148, "esti_param.R_FORMAL_SAVE": 1.011, "esti_param.R_FORMAL_SAVE_ce0209": 1.01, "esti_param.R_FORMAL_SAVE_ce9901": 1.011, "esti_param.R_FORMAL_SAVE_ne0209": 1.011, "esti_param.R_FORMAL_SAVE_ne9901": 1.033, "esti_param.R_INFORM": 1.1, "esti_param.R_INFORM_BORR": 1.139, "esti_param.R_INFORM_BORR_ce0209": 1.094, "esti_param.R_INFORM_BORR_ce9901": 1.139, "esti_param.R_INFORM_BORR_ne0209": 1.139, "esti_param.R_INFORM_BORR_ne9901": 1.2790000000000001, "esti_param.R_INFORM_SAVE": 1.139, "esti_param.R_INFORM_SAVE_ce0209": 1.094, "esti_param.R_INFORM_SAVE_ce9901": 1.139, "esti_param.R_INFORM_SAVE_ne0209": 1.139, "esti_param.R_INFORM_SAVE_ne9901": 1.2790000000000001, "esti_param.alpha_k": 0.15201322663529046, "esti_param.beta": 0.96, "esti_param.c_min_bound": 0.001, "esti_param.kappa": 0.705, "esti_param.kappa_ce0209": 0.25, "esti_param.kappa_ce9901": 0.25, "esti_param.kappa_ne0209": 0.705, "esti_param.kappa_ne9901": 0.7, "esti_param.logit_sd_scale": 2.0, "esti_param.rho": 0.15910102042140373, "fb2_btp_fb_opti_grid_j_agg": -0.05606934602921304, "fb2_btp_fb_opti_grid_j_agg_ifj": -0.3868435772762348, "fb2_btp_fs_opti_grid_j_agg": 0.0, "fb2_btp_fs_opti_grid_j_agg_ifj": 0.0, "fb2_btp_ib_opti_grid_j_agg": 0.0, "fb2_btp_ib_opti_grid_j_agg_ifj": 0.0, "fb2_btp_il_opti_grid_j_agg": 0.0, "fb2_btp_il_opti_grid_j_agg_ifj": 0.0, "fb2_btp_opti_grid_j_agg": -0.05606934602921304, "fb2_btp_opti_grid_j_agg_ifj": -0.3868435772762348, "fb2_consumption_opti_grid_j_agg": 0.19045922872976825, "fb2_consumption_opti_grid_j_agg_ifj": 1.3160607175549894, "fb2_ktp_opti_grid_j_agg": 0.08759693036557448, "fb2_ktp_opti_grid_j_agg_ifj": 0.6053529386999301,