{"esti_obj.main_allperiods_obj": 17.075045133735472, "ktp_opti_grid_allJ_agg": 0.5117290366234979, "ktp_opti_grid_allJ_agg_var": 0.012564538966475684, "ib_probJ_opti_grid_j_agg": 0.11141372868673667, "is_probJ_opti_grid_j_agg": 0.1542311630132442, "fb2_probJ_opti_grid_j_agg": 0.15564693876208685, "fs_probJ_opti_grid_j_agg": 0.15381079285684274, "ibfb2_probJ_opti_grid_j_agg": 0.11327719670961688, "fbis2_probJ_opti_grid_j_agg": 0.15753867143972414, "none_probJ_opti_grid_j_agg": 0.1540815085318116, "period_dictkey": "ne9901", "data_model": "model", "level_0": 2, "P_jp_j.0.0": 0.1041532252194577, "P_jp_j.0.1": 0.1545680468814591, "P_jp_j.0.102": 0.16100724333839828, "P_jp_j.0.104": 0.10728440180699524, "P_jp_j.0.105": 0.16068366139711873, "P_jp_j.0.3": 0.1559287406553826, "P_jp_j.0.6": 0.15637468070118846, "P_jp_j.1.0": 0.11502278091362167, "P_jp_j.1.1": 0.15415282980464812, "P_jp_j.1.102": 0.15297999760864425, "P_jp_j.1.104": 0.11621243074746945, "P_jp_j.1.105": 0.15619897240365438, "P_jp_j.1.3": 0.15263316463225768, "P_jp_j.1.6": 0.15279982388970434, "P_jp_j.102.0": 0.11149210126831596, "P_jp_j.102.1": 0.15416786384448042, "P_jp_j.102.102": 0.1556116276787184, "P_jp_j.102.104": 0.11336185872701544, "P_jp_j.102.105": 0.15735446553140064, "P_jp_j.102.3": 0.15386813383818115, "P_jp_j.102.6": 0.15414394911188806, "P_jp_j.104.0": 0.10342011994812204, "P_jp_j.104.1": 0.15459803878170553, "P_jp_j.104.102": 0.16156834003702147, "P_jp_j.104.104": 0.10667045773982724, "P_jp_j.104.105": 0.16097237553117524, "P_jp_j.104.3": 0.15615510314148265, "P_jp_j.104.6": 0.15661556482066585, "P_jp_j.105.0": 0.11361381757331247, "P_jp_j.105.1": 0.15424773756987625, "P_jp_j.105.102": 0.15406118033883914, "P_jp_j.105.104": 0.11501378527696254, "P_jp_j.105.105": 0.15687213115593612, "P_jp_j.105.3": 0.15300289622249594, "P_jp_j.105.6": 0.1531884518625774, "P_jp_j.3.0": 0.11399063793479045, "P_jp_j.3.1": 0.1540476694004226, "P_jp_j.3.102": 0.15369886994311086, "P_jp_j.3.104": 0.1154584005400114, "P_jp_j.3.105": 0.15625689340179602, "P_jp_j.3.3": 0.15315807857853306, "P_jp_j.3.6": 0.15338945020133582, "P_jp_j.6.0": 0.11402683292765675, "P_jp_j.6.1": 0.1540264256723054, "P_jp_j.6.102": 0.15368890059759746, "P_jp_j.6.104": 0.1154910769409644, "P_jp_j.6.105": 0.15622830110147282, "P_jp_j.6.3": 0.15315429699255104, "P_jp_j.6.6": 0.15338416576745212, "btp_fb_opti_grid_allJ_agg": -0.09964085264549574, "btp_fb_opti_grid_allJ_agg_var": 0.02076161532079459, "btp_fs_opti_grid_allJ_agg": 0.014231989002324962, "btp_fs_opti_grid_allJ_agg_var": 0.0054262727029891775, "btp_ib_opti_grid_allJ_agg": -0.034408510273969864, "btp_ib_opti_grid_allJ_agg_var": 0.010556055533046664, "btp_il_opti_grid_allJ_agg": 0.11866595095212075, "btp_il_opti_grid_allJ_agg_var": 0.056327195552074785, "btp_opti_grid_allJ_agg": -0.0011514229650198896, "btp_opti_grid_allJ_agg_var": 0.06817378853393474, "cash_grid_centered_allJ_agg": 1.7389558714981743, "cash_grid_centered_allJ_agg_var": 0.16202301196368546, "combo_desc": "Angeletos quickBNF_BORR_P-0.000;BNF_BORR_P_ne0209-0.000;BNF_BORR_P_ne9901-0.000;BNF_SAVE_P-0.005;BNF_SAVE_P_ne0209-0.002;BNF_SAVE_P_ne9901-0.005;BNI_BORR_P-0.631;BNI_BORR_P_ne0209-0.000;BNI_BORR_P_ne9901-0.631;BNI_LEND_P-0.027;BNI_LEND_P_ne0209-0.002;BNI_LEND_P_ne9901-0.027;R_FORMAL_BORR-1.148;R_FORMAL_SAVE-1.033;R_INFORM_BORR-1.279;R_INFORM_SAVE-1.279;alpha_k-0.152;kappa-0.700;kappa_ne0209-0.700;kappa_ne9901-0.700;logit_sd_scale-2.000;rho-0.159BNF_BORR_P-0.000;BNF_BORR_P_ne0209-0.000;BNF_BORR_P_ne9901-0.000;BNF_SAVE_P-0.005;BNF_SAVE_P_ne0209-0.002;BNF_SAVE_P_ne9901-0.005;BNI_BORR_P-0.631;BNI_BORR_P_ne0209-0.000;BNI_BORR_P_ne9901-0.631;BNI_LEND_P-0.027;BNI_LEND_P_ne0209-0.002;BNI_LEND_P_ne9901-0.027;R_FORMAL_BORR-1.148;R_FORMAL_SAVE-1.033;R_INFORM_BORR-1.279;R_INFORM_SAVE-1.279;alpha_k-0.152;kappa-0.700;kappa_ne0209-0.700;kappa_ne9901-0.700;logit_sd_scale-2.000;rho-0.159BNF_BORR_P-0.000;BNF_BORR_P_ne0209-0.000;BNF_BORR_P_ne9901-0.000;BNF_SAVE_P-0.005;BNF_SAVE_P_ne0209-0.002;BNF_SAVE_P_ne9901-0.005;BNI_BORR_P-0.631;BNI_BORR_P_ne0209-0.000;BNI_BORR_P_ne9901-0.631;BNI_LEND_P-0.027;BNI_LEND_P_ne0209-0.002;BNI_LEND_P_ne9901-0.027;R_FORMAL_BORR-1.148;R_FORMAL_SAVE-1.033;R_INFORM_BORR-1.279;R_INFORM_SAVE-1.279;alpha_k-0.152;kappa-0.700;kappa_ne0209-0.700;kappa_ne9901-0.700;logit_sd_scale-2.000;rho-0.159", "consumption_opti_grid_allJ_agg": 1.0834231802623864, "consumption_opti_grid_allJ_agg_var": 0.07591368344832894, "data_param.A": 0.35, "data_param.Region": 0.0, "data_param.Region_set": "[0, 1]", "data_param.Year": 0.0, "data_param.Year_set": "[0, 1]", "data_param.len_A": 1.0, "data_param.mean_A": -0.03125, "data_param.std_A": 0.0, "esti_obj.main_obj": 6.893894914810293, "esti_obj.subsets_main.agg_prob_for": 0.8473403479909017, "esti_obj.subsets_main.agg_prob_inf": 2.6301043419077144, "esti_obj.subsets_main.agg_prob_jnt": 2.329182410626808, "esti_obj.subsets_main.agg_prob_none": 8.436265771348794e-05, "esti_obj.subsets_main.equi_BI": 0.007099316309632116, "esti_obj.subsets_main.mean_K": 1.0800841353175226, "esti_obj.subsets_other.agg_prob": 0.5334551321437326, "esti_obj.subsets_other.agg_prob_brr": 0.2729560133657333, "esti_obj.subsets_other.agg_prob_sav": 0.2595806273098111, "esti_obj.subsets_other.mean_KYC": 0.5097232002215767, "esti_param.BNF_BORR_P": 0.0, "esti_param.BNF_BORR_P_ce0209": 0.5, "esti_param.BNF_BORR_P_ce9901": 0.5, "esti_param.BNF_BORR_P_ne0209": 0.0, "esti_param.BNF_BORR_P_ne9901": 0.0, "esti_param.BNF_SAVE_P": 0.005320355484742224, "esti_param.BNF_SAVE_P_ce0209": 0.3, "esti_param.BNF_SAVE_P_ce9901": 0.3, "esti_param.BNF_SAVE_P_ne0209": 0.0015997053581187394, "esti_param.BNF_SAVE_P_ne9901": 0.005320355484742224, "esti_param.BNI_BORR_P": 0.6311373914462606, "esti_param.BNI_BORR_P_ce0209": 0.1, "esti_param.BNI_BORR_P_ce9901": 0.1, "esti_param.BNI_BORR_P_ne0209": 0.0, "esti_param.BNI_BORR_P_ne9901": 0.6311373914462606, "esti_param.BNI_LEND_P": 0.02667626569022459, "esti_param.BNI_LEND_P_ce0209": 2.0, "esti_param.BNI_LEND_P_ce9901": 2.0, "esti_param.BNI_LEND_P_ne0209": 0.0019490683194159906, "esti_param.BNI_LEND_P_ne9901": 0.02667626569022459, "esti_param.K_DEPRECIATION": 0.15, "esti_param.R_AVG_INT": 1.1, "esti_param.R_FORMAL_BORR": 1.148, "esti_param.R_FORMAL_BORR_ce0209": 1.054, "esti_param.R_FORMAL_BORR_ce9901": 1.061, "esti_param.R_FORMAL_BORR_ne0209": 1.061, "esti_param.R_FORMAL_BORR_ne9901": 1.148, "esti_param.R_FORMAL_SAVE": 1.033, "esti_param.R_FORMAL_SAVE_ce0209": 1.01, "esti_param.R_FORMAL_SAVE_ce9901": 1.011, "esti_param.R_FORMAL_SAVE_ne0209": 1.011, "esti_param.R_FORMAL_SAVE_ne9901": 1.033, "esti_param.R_INFORM": 1.1, "esti_param.R_INFORM_BORR": 1.2790000000000001, "esti_param.R_INFORM_BORR_ce0209": 1.094, "esti_param.R_INFORM_BORR_ce9901": 1.139, "esti_param.R_INFORM_BORR_ne0209": 1.139, "esti_param.R_INFORM_BORR_ne9901": 1.2790000000000001, "esti_param.R_INFORM_SAVE": 1.2790000000000001, "esti_param.R_INFORM_SAVE_ce0209": 1.094, "esti_param.R_INFORM_SAVE_ce9901": 1.139, "esti_param.R_INFORM_SAVE_ne0209": 1.139, "esti_param.R_INFORM_SAVE_ne9901": 1.2790000000000001, "esti_param.alpha_k": 0.15201322663529046, "esti_param.beta": 0.96, "esti_param.c_min_bound": 0.001, "esti_param.kappa": 0.7, "esti_param.kappa_ce0209": 0.25, "esti_param.kappa_ce9901": 0.25, "esti_param.kappa_ne0209": 0.7, "esti_param.kappa_ne9901": 0.7, "esti_param.logit_sd_scale": 2.0, "esti_param.rho": 0.15910102042140373, "fb2_btp_fb_opti_grid_j_agg": -0.01731961427374109, "fb2_btp_fb_opti_grid_j_agg_ifj": -0.10717606474218774, "fb2_btp_fs_opti_grid_j_agg": 0.0, "fb2_btp_fs_opti_grid_j_agg_ifj": 0.0, "fb2_btp_ib_opti_grid_j_agg": 0.0, "fb2_btp_ib_opti_grid_j_agg_ifj": 0.0, "fb2_btp_il_opti_grid_j_agg": 0.0, "fb2_btp_il_opti_grid_j_agg_ifj": 0.0, "fb2_btp_opti_grid_j_agg": -0.01731961427374109, "fb2_btp_opti_grid_j_agg_ifj": -0.10717606474218774, "fb2_consumption_opti_grid_j_agg": 0.1913072277936944, "fb2_consumption_opti_grid_j_agg_ifj": 1.235517638355578, "fb2_ktp_opti_grid_j_agg": 0.09232453295782372,